"p_val","avg_log2FC","pct.1","pct.2","p_val_adj","gene"
1.966217809714e-06,3.42206085270313,0.41,0.219,0.0465718350408859,"CD36"
7.00746214799467e-06,1.8586409649574,0.525,0.536,0.165978748437402,"APOBEC3A"
3.74488028082743e-05,2.48312250468844,0.377,0.126,0.887012343316784,"CD300E"
4.51103837306106e-05,2.62714104963298,0.262,0.071,1,"BST1"
0.000122194591543553,1.95001433398937,0.41,0.158,1,"TWISTNB"
0.000148079023965739,1.44208775552355,0.525,0.251,1,"GLIPR2"
0.000180191210997652,-1.30864652718959,0.213,0.393,1,"GGTA1P"
0.000210927452958181,1.21810281825226,0.607,0.284,1,"CWC22"
0.00022161149513464,1.31677898230229,0.213,0.29,1,"ZNF551"
0.00023982845527881,0.674556473255762,0.328,0.432,1,"ERI1"
0.000319286929855729,1.45355897013508,0.59,0.372,1,"SERINC5"
0.000465987774687952,2.36115708151593,0.393,0.224,1,"FAM65B"
0.000515477329102803,-0.661223365668293,0.607,0.727,1,"SLC2A5"
0.000559588089646504,0.522585790200232,0.754,0.443,1,"NDUFB3"
0.000572349227659207,0.710511137633872,0.426,0.175,1,"PSMG3"
0.000652962481081309,1.0489147379915,0.623,0.333,1,"CARD16"
0.000669137326511039,1.35198748619598,0.328,0.109,1,"ICAM3"
0.000748789474248911,1.07548793345447,0.869,0.907,1,"GK5"
0.000854188039591873,0.75423078305095,0.738,0.749,1,"PLAC8"
0.000858219979114482,-1.19359795186475,0.705,0.836,1,"SLC9A7"
0.000876809623819024,1.34199775238184,0.525,0.251,1,"S100A8"
0.00088256391239825,1.42993478346257,0.377,0.12,1,"VAMP5"
0.000896273530057817,1.22833127245834,0.672,0.475,1,"RAB3D"
0.000920705070641396,-1.72133342545726,0.197,0.301,1,"TTYH2"
0.00106181340394468,1.11135065927503,0.525,0.23,1,"CKS2"
0.00112347524582626,1.60048648524775,0.377,0.153,1,"LPPR2"
0.00115567599515002,2.19741683057754,0.328,0.082,1,"ERN1"
0.00115569526650699,0.85681528959934,0.59,0.311,1,"ABCF1"
0.00115581555493723,-1.46962144369908,0.672,0.836,1,"MTMR9"
0.00137748921540912,0.888715372064913,0.426,0.169,1,"DIAPH1"
0.00140268742243331,0.910865338440374,0.541,0.377,1,"DERL1"
0.00147403845987606,0.989848660068396,0.508,0.273,1,"CD48"
0.00152772673665801,0.540954894406604,0.754,0.82,1,"ITPK1"
0.00153692652212177,-1.88494423739957,0.377,0.525,1,"LOC100505812"
0.00157193906176372,-0.65706321584739,0.475,0.667,1,"FLJ30403"
0.00164641932928196,1.20316977421852,0.361,0.137,1,"MGAT2"
0.00169889668051271,1.44558706764118,0.377,0.126,1,"RPL26L1"
0.00174985776720451,1.35518146108934,0.443,0.186,1,"VCAN"
0.00177831341284876,0.946370373099964,0.623,0.366,1,"PGS1"
0.00179647222939421,-1.32976903081081,0.213,0.361,1,"CENPT"
0.00188399156808817,1.05738830362757,0.754,0.699,1,"PCGF5"
0.00204806032548949,1.63393495670677,0.262,0.071,1,"SNAI1"
0.0020554224602475,0.732945203057992,0.639,0.333,1,"NAA15"
0.00206295471428118,1.03466408083545,0.738,0.585,1,"CCDC69"
0.00210333567047572,-1.11145697322939,0.328,0.519,1,"ZNF99"
0.00214175012574993,1.36154398149791,0.41,0.158,1,"LOC96610"
0.00219764659330348,-1.27679483766887,0.377,0.579,1,"PTPRB"
0.00223587991064803,0.863933256942602,0.607,0.432,1,"FGR"
0.00227157830260936,1.11937082453506,0.607,0.344,1,"S100A9"
0.00228043573358128,0.987299244974119,0.574,0.29,1,"SUN2"
0.00237754911289461,-0.808004075162451,0.328,0.536,1,"LOC100132352"
0.0025744017443881,0.581174208932344,0.82,0.749,1,"LCP1"
0.00260118906803572,0.734881773728816,0.672,0.399,1,"CASP4"
0.0026718968943784,1.303870238152,0.295,0.202,1,"RPL13AP20"
0.00296219593484873,1.59369364303224,0.787,0.678,1,"LOC731424"
0.00298453692889787,-0.723749505527063,0.361,0.344,1,"GMFB"
0.00310522475591348,0.634036954676575,0.623,0.339,1,"MRPL20"
0.00318224159657147,-1.03607336090769,0.541,0.678,1,"RNF222"
0.00333253170900679,0.632920421039279,0.82,0.546,1,"LYN"
0.00340128089859946,1.59181344643304,0.393,0.18,1,"PIK3R4"
0.00342668139835632,-0.802981713614017,0.344,0.536,1,"C6orf170"
0.00353505977561653,-0.854029240907434,0.541,0.727,1,"ZNF785"
0.00354853625254076,0.606024464089258,0.426,0.399,1,"IL8"
0.00357474123081517,-0.572187091056111,0.295,0.459,1,"USF2"
0.00366845060210839,-1.69197234532885,0.328,0.454,1,"RYR1"
0.00374956594375604,0.901050863682319,0.59,0.372,1,"DDX3Y"
0.00377490485482455,2.06741408964859,0.279,0.093,1,"SLC9A3R1"
0.00385551557576467,1.10974714464181,0.295,0.29,1,"CDKN2AIPNL"
0.00389508413482899,0.550994678374082,0.951,0.743,1,"GDI2"
0.00391254013343009,-2.01060356779483,0.164,0.306,1,"B4GALT4"
0.00413872174244422,1.48252404126784,0.295,0.191,1,"SULT1A1"
0.0042053914578531,-0.576581438432188,0.41,0.268,1,"RASAL2"
0.00420711150596736,0.884888131903368,0.574,0.311,1,"NAPRT1"
0.00453303427283932,1.40689357353827,0.426,0.197,1,"CLPP"
0.00455089724754595,0.686511490981763,0.393,0.186,1,"TRAPPC2L"
0.00465695557119676,1.59573013671599,0.295,0.098,1,"ZNRD1"
0.00467261353192242,-1.26499347993581,0.492,0.683,1,"ZNF333"
0.00469780923248318,1.45543191418342,0.377,0.18,1,"PRKCB"
0.00470195297474396,0.887062749439345,0.59,0.306,1,"PXN"
0.00473377529728402,-0.879090055978373,0.246,0.262,1,"POLR3GL"
0.00483592497369505,2.50525049291368,0.311,0.12,1,"GCNT1"
0.00485644642264762,1.06077970887142,0.59,0.328,1,"SOCS3"
0.00505053551978248,-0.966288907080749,0.41,0.574,1,"LOC728606"
0.00506207536864962,1.47186756134799,0.295,0.098,1,"LYAR"
0.00510782300427751,-1.08246688168749,0.311,0.29,1,"LOC100132832"
0.00524490095606312,0.962158633598504,0.492,0.219,1,"CPSF3L"
0.00550652411003929,-1.04274300386488,0.311,0.492,1,"KCNQ3"
0.00583495047054873,1.93364992548659,0.279,0.137,1,"LILRA5"
0.00583660075647315,0.957541731679445,0.443,0.301,1,"SNX10"
0.00595324668230372,0.700912810012546,0.787,0.514,1,"ARL8B"
0.00610113660931215,-0.78899264235041,0.098,0.273,1,"XDH"
0.00610369350217199,-0.851463707601015,0.246,0.437,1,"NOS1"
0.0061208211025625,0.6754535720757,0.721,0.443,1,"DHX15"
0.00628093283121506,-0.53170298147098,0.574,0.738,1,"KCNE4"
0.00639857368345459,1.00494786711614,0.656,0.399,1,"MXD1"
0.00649856140991676,-0.846887192958352,0.361,0.568,1,"SEC22C"
0.00652133532745703,0.947637170098566,0.492,0.284,1,"DNAJB9"
0.00659685626154435,-0.965392791760147,0.492,0.628,1,"UBE4A"
0.00662561247773907,-0.76119970104529,0.393,0.508,1,"PDPN"
0.00665503397291296,1.93608933095192,0.361,0.311,1,"EREG"
0.00674250463517605,1.62763261037328,0.344,0.158,1,"HDAC4"
0.00677325074644081,1.24382662141802,0.377,0.142,1,"TACC3"
0.00697875431627393,1.39931552343638,0.311,0.098,1,"LDLRAD3"
0.00699596784363506,1.15342743830749,0.475,0.213,1,"YPEL2"
0.00701458996287544,0.589311520622373,0.377,0.175,1,"CCDC22"
0.00722105241050795,1.72788671131367,0.295,0.164,1,"MAGOHB"
0.00732849868956563,0.962756917531648,0.738,0.667,1,"CDC40"
0.00735815041962615,-0.75213033702558,0.885,0.863,1,"S1PR2"
0.00738613157205353,1.2012605808187,0.459,0.224,1,"UBE2D1"
0.00755120756818809,0.655781496525915,0.902,0.82,1,"CCNDBP1"
0.00755639916906009,0.958872453984511,0.377,0.399,1,"KRIT1"
0.00757291434197607,1.30576133428255,0.41,0.23,1,"GORASP1"
0.00759788620087216,0.555286410048162,0.705,0.426,1,"RASSF5"
0.00760876446959525,1.48443568210158,0.328,0.153,1,"CLEC12A"
0.00766008295528546,1.06423345986046,0.607,0.339,1,"MAN2A2"
0.00767185282583245,0.604350700880016,0.82,0.574,1,"ANXA2"
0.00778538847619787,0.508698442885653,0.754,0.497,1,"S100A4"
0.0080153077494675,0.773774206404058,0.623,0.475,1,"DDX21"
0.00805399774526652,-1.09838688404284,0.23,0.377,1,"MTHFD1L"
0.00841916168120282,-1.42099888540401,0.148,0.279,1,"VMO1"
0.00849268292672043,1.00100352695149,0.492,0.301,1,"EFHD2"
0.00863868142196656,-1.72969221110988,0.148,0.301,1,"ACAD11"
0.00865538337721158,0.909156404246184,0.869,0.781,1,"FCAR"
0.00919462834319086,0.879355450497411,0.557,0.328,1,"RAC2"
0.00926007933389985,1.18362519687303,0.295,0.12,1,"LRRC40"
0.00947943924752779,0.701214038219054,0.754,0.557,1,"NCF2"
0.0097587561434832,0.886337457458014,0.377,0.158,1,"CCDC94"
0.00988751892894506,0.882474444410985,0.721,0.645,1,"AHR"
0.00997238319087213,1.88813182039643,0.279,0.131,1,"PIPSL"
0.0100231346550499,0.705160502838917,0.77,0.585,1,"CD55"
0.0100572936069851,-0.831914264366047,0.098,0.262,1,"FLJ38109"
0.0103698876431704,-1.05921761197854,0.328,0.421,1,"LMF2"
0.0104982023020774,0.696549708809409,0.754,0.514,1,"MVP"
0.0105646502736851,-1.14927043929435,0.18,0.355,1,"TEKT4P2"
0.0106364806793025,-0.518565667282823,0.475,0.634,1,"PDE11A"
0.0106939243101044,-0.527890966203218,0.59,0.738,1,"C3orf72"
0.010723583577507,1.2128972659021,0.426,0.191,1,"TMEM18"
0.010726427121011,-1.17577457632177,0.311,0.486,1,"BDH1"
0.0107427218408499,0.515848422646874,0.705,0.448,1,"CALCOCO2"
0.0107956814387387,0.86631628617996,0.426,0.306,1,"SNX20"
0.0112732345446942,0.656457441577362,0.689,0.514,1,"PLBD1"
0.0112889818942181,0.531035789067202,0.557,0.328,1,"PET100"
0.0114721174672146,0.5293236031966,0.82,0.563,1,"GUK1"
0.0115396842316462,1.37400097518455,0.443,0.23,1,"CDT1"
0.0117205317672461,0.893042294676909,0.361,0.148,1,"SETDB2"
0.0120244216925638,-0.511621908181956,0.525,0.678,1,"FLJ31662"
0.012124739896798,0.564258489988203,0.738,0.831,1,"ZNF160"
0.0122000259693707,0.563898345991363,0.557,0.306,1,"NCOA2"
0.0122904417608746,-0.763115728634323,0.328,0.284,1,"MYSM1"
0.0124227469717182,0.579249165420736,0.803,0.563,1,"PGD"
0.0126602574670294,-0.944373227164097,0.295,0.284,1,"UBE2G1"
0.0127628474261423,1.13515607488589,0.541,0.393,1,"CNN2"
0.0128551250396571,0.533443635481493,0.951,0.82,1,"LILRB3"
0.0129199224295,1.13758474770796,0.344,0.131,1,"ATG4C"
0.0130224865452695,0.830736846536021,0.754,0.699,1,"INIP"
0.0131554864534227,1.59584584266243,0.328,0.251,1,"ZNF761"
0.0131878181179258,0.853098739873265,0.607,0.399,1,"GAB3"
0.0132504002796955,-0.760174707225441,0.721,0.842,1,"DHTKD1"
0.0133432611441592,0.690342968680661,0.721,0.448,1,"TMEM123"
0.0134763841416056,1.05766302724212,0.426,0.202,1,"IL1RN"
0.0134819805544375,1.3625068688773,0.262,0.208,1,"ZFP90"
0.0134947390605572,0.857211212246187,0.59,0.355,1,"AZI2"
0.0135430911500407,-0.820862516278192,0.164,0.339,1,"LOC100128675"
0.0138171678693976,1.18962402335399,0.344,0.142,1,"MSRB1"
0.0138717578430926,-0.840725913137658,0.426,0.426,1,"BMS1"
0.0139589067053216,1.16279263586436,0.377,0.169,1,"AMICA1"
0.0141367118072021,0.847029205906314,0.426,0.344,1,"CUL1"
0.0142412604170419,1.08322136831101,0.295,0.115,1,"EEF1E1"
0.0143175334453888,0.700159808783658,0.787,0.738,1,"OGDH"
0.0144477924688207,0.54958167233114,0.902,0.787,1,"ZFAND5"
0.0145178598772791,-0.711976363719164,0.164,0.295,1,"DFNA5"
0.0145539826346508,-0.679840816778719,0.311,0.344,1,"TMEM9"
0.0145681824418084,-0.57064369304633,0.754,0.858,1,"NLRC3"
0.0147048399249709,0.812313340626481,0.705,0.464,1,"CD97"
0.014754582418481,0.887998148577359,0.426,0.197,1,"LACTB"
0.0148565190927133,0.639156141711818,0.672,0.475,1,"GCA"
0.0148654301891112,-1.58688156911786,0.164,0.284,1,"DTNA"
0.0148916448087446,0.535729715666051,0.705,0.743,1,"RNF141"
0.015007846692062,-0.56032951489362,0.361,0.525,1,"RHBDL2"
0.0150562638431427,-0.811885394650725,0.279,0.311,1,"NUPR1"
0.0150607652478754,1.63746231030244,0.311,0.126,1,"RFK"
0.0152549434469552,1.55761848107466,0.361,0.186,1,"LILRA3"
0.0153277539592508,1.12870131122204,0.41,0.295,1,"DPH3P1"
0.0156828193666925,1.07078722586982,0.443,0.279,1,"RGS18"
0.0157214299417407,-1.93456999053168,0.574,0.65,1,"ZNF260"
0.0157751126809772,-0.94804771147141,0.328,0.41,1,"SYVN1"
0.0158126415545226,-0.970547117117569,0.311,0.262,1,"KCNQ1"
0.0158728700559429,-0.647817326613796,0.623,0.754,1,"DAGLB"
0.0160130029635651,-1.056220084946,0.262,0.437,1,"SLCO1A2"
0.0160451682641039,0.873791918381143,0.541,0.322,1,"OAT"
0.0160578496723165,-1.12824334362768,0.213,0.377,1,"NT5C"
0.0161576898259353,1.00986549059275,0.508,0.279,1,"DENND1A"
0.0162136304783901,0.546896248557871,0.574,0.333,1,"TMEM167A"
0.016378541219416,-1.09924584096233,0.279,0.393,1,"ANKRD52"
0.0163890484323796,1.09873131503446,0.459,0.257,1,"BRE-AS1"
0.0164860157834983,0.711089959313855,0.426,0.503,1,"SLC4A1"
0.0165415898601788,0.656782529274391,0.426,0.23,1,"NXT1"
0.0167277241495261,0.533792463770894,0.77,0.634,1,"SAMSN1"
0.0168266482144293,-0.586587952656955,0.705,0.792,1,"LOC100132247"
0.0168382770706308,0.743177338602978,0.574,0.333,1,"SPG20"
0.0169739488528665,-0.562613069938417,0.82,0.88,1,"ZNF483"
0.0171138622564859,0.969730850810203,0.41,0.186,1,"FH"
0.0172267718306287,0.538199032097158,0.311,0.153,1,"MRPS12"
0.0172578888944214,-0.876588829312194,0.902,0.869,1,"COX18"
0.0172887499196739,0.771126526283575,0.852,0.721,1,"ACAP2"
0.0173995876686435,0.820981541973987,0.508,0.279,1,"GMPR2"
0.0174773395261873,1.1671228920599,0.344,0.158,1,"GSTCD"
0.0175989131443956,0.960964132182549,0.525,0.317,1,"MORF4L2"
0.0176092753511921,1.18879286739462,0.279,0.109,1,"C4orf27"
0.0176092804230986,2.72150614671524,0.279,0.12,1,"HYMAI"
0.0177090735744969,1.1643202888227,0.344,0.158,1,"C19orf38"
0.0179838922476318,-1.677392017851,0.164,0.257,1,"TMLHE"
0.0183278049100299,0.546311250991388,0.623,0.683,1,"PPID"
0.0186072422868137,0.521275127267382,0.443,0.24,1,"APOA1BP"
0.0189957925452314,0.90460217961125,0.377,0.158,1,"SUFU"
0.0190484692109308,0.526389697268716,0.738,0.486,1,"SUMO3"
0.019150181926351,1.37394804438943,0.311,0.109,1,"BIN3"
0.0191701575607253,0.552557071186458,0.852,0.885,1,"KCTD20"
0.0193475537909584,0.672416676062726,0.328,0.148,1,"SEMA6B"
0.0193572183744068,-0.811594301502423,0.426,0.59,1,"FLJ13197"
0.0194087153030035,1.38775916592642,0.279,0.098,1,"SLX1A-SULT1A3"
0.0194087153030035,1.38775916592642,0.279,0.098,1,"SLX1B-SULT1A4"
0.0195337546468101,0.605222631549536,0.639,0.383,1,"POLR2L"
0.0196696976191269,1.01032093916585,0.262,0.098,1,"TSSC1"
0.0197174012839736,-0.921837122202916,0.246,0.279,1,"RSRC1"
0.0199339880009035,0.523159668343759,0.672,0.667,1,"SLC50A1"
0.0202393190039119,0.997905574065272,0.443,0.219,1,"FLVCR2"
0.0202702925347651,0.981881751137754,0.672,0.421,1,"TUBA1C"
0.0203347265222282,-1.84734751603976,0.18,0.257,1,"PPARGC1B"
0.0204024756342942,0.565729238054379,0.738,0.508,1,"ATP5O"
0.0209237695245387,-1.54121122577148,0.197,0.339,1,"LOC728613"
0.0209969361739053,1.01362204002168,0.459,0.328,1,"FLNA"
0.0210746907306001,-0.841912498859908,0.934,0.923,1,"PACS2"
0.0217336244392498,-0.523745893086831,0.705,0.803,1,"ZFHX3"
0.0220642829359456,1.05817826627109,0.443,0.224,1,"GYG1"
0.0220707229657258,-1.41533616409453,0.328,0.475,1,"CD209"
0.022144101224471,0.838876003260561,0.492,0.257,1,"C16orf70"
0.022189027012469,1.15534625606179,0.344,0.191,1,"NBEAL2"
0.0222449468619186,0.856045751368998,0.656,0.47,1,"ITPRIP"
0.0222905286943917,1.22974988496721,0.492,0.257,1,"MCTP1"
0.0223085475447812,0.697193224779212,0.689,0.459,1,"COX5A"
0.0224256340151339,-0.624454501241362,0.541,0.689,1,"MAF"
0.0224354397106634,-1.10276665243342,0.459,0.607,1,"ZNF347"
0.0227906308876744,0.728452153763784,0.59,0.328,1,"PIP5K1A"
0.0228694607462048,1.55559862985117,0.492,0.388,1,"ECE1"
0.0229593782306484,0.70946182457639,0.557,0.372,1,"NDEL1"
0.0233194604622982,0.51635107052938,0.426,0.235,1,"MAP4K1"
0.0233700155441818,0.77638551809031,0.885,0.787,1,"KIF1C"
0.0234974146476006,-0.62732331032768,0.262,0.421,1,"KCNH6"
0.0235086149079182,0.987309545997822,0.361,0.235,1,"DPM1"
0.0235274958162142,0.52315889803931,0.328,0.142,1,"HMGCR"
0.0238053858978064,0.84704052123375,0.443,0.306,1,"MAFG"
0.0238057530216555,-0.733296761448885,0.311,0.503,1,"LOC613037"
0.023842499256959,-0.598632119268062,0.607,0.738,1,"TERF1"
0.0238537108330308,-1.08145146578733,0.344,0.448,1,"SOCS6"
0.0239050690715806,0.658487837154618,0.836,0.781,1,"ZNF451"
0.0239833826285016,0.51822292194973,0.754,0.519,1,"TUBB4B"
0.0240158781192549,0.938148810151611,0.508,0.262,1,"PGM2"
0.0240290303228175,0.634763906210463,0.721,0.464,1,"LGALS1"
0.0241730919857179,-1.50810963901635,0.18,0.295,1,"LOC100289511"
0.0242180235658877,0.746277594061557,0.492,0.268,1,"MIEN1"
0.0243926582391755,0.988929988900869,0.41,0.24,1,"PBXIP1"
0.0244491953061342,-1.00398847315032,0.311,0.448,1,"EIF5AL1"
0.0245430991889747,1.27365245040868,0.295,0.137,1,"RIPK3"
0.0245563215027799,0.697513564490808,0.689,0.503,1,"MKL1"
0.0249632287437392,0.638575188987068,0.344,0.18,1,"NUP107"
0.0250351108271172,1.06047895674003,0.541,0.322,1,"COX16"
0.0250759687111081,0.934718453510339,0.475,0.284,1,"PLP2"
0.0253127056501161,-0.818987601718896,0.311,0.301,1,"SLC46A1"
0.0254320879128678,-0.512499502095321,0.295,0.459,1,"PCNXL2"
0.0258975761570901,0.901048080958114,0.213,0.284,1,"LOC90784"
0.025942666323168,-0.824210667924034,0.262,0.388,1,"CTTNBP2"
0.0259512059098737,1.17703100533799,0.279,0.131,1,"MAPK7"
0.025979012764635,1.37386448285541,0.279,0.131,1,"SIGLEC16"
0.0260080141401198,0.883280965923974,0.443,0.208,1,"TMED1"
0.0260511525838317,0.56069078844692,0.754,0.743,1,"INPP5B"
0.0261710516305671,-0.520003205331118,0.639,0.749,1,"FRMD4A"
0.0262397617956184,-1.09118896973314,0.656,0.727,1,"ANKRD36B"
0.0262418941548087,0.729324708071152,0.656,0.421,1,"S100A6"
0.0263957282941954,-0.722178686775531,0.23,0.35,1,"PKIB"
0.0263971478251794,-0.949493929301358,0.574,0.71,1,"ZMYM5"
0.0266194305519333,-1.4497194959565,0.213,0.344,1,"SEMA4C"
0.0267267116810789,-1.8420276929346,0.279,0.426,1,"PDE7B"
0.0267536701192363,-0.704713461917856,0.18,0.311,1,"BBS2"
0.0268428779345609,-0.637653254042894,0.508,0.464,1,"MBD6"
0.0271868811438881,-1.42762442900066,0.164,0.311,1,"DCX"
0.0274747842208351,0.712159915845304,0.541,0.339,1,"GPS2"
0.0278653925949179,-0.614999223491143,0.246,0.284,1,"XIST"
0.0278905186701728,0.601814622272643,0.656,0.546,1,"SEC16A"
0.0279704983826169,0.522816285419907,0.787,0.574,1,"PSMB10"
0.028103937124137,0.702822609984089,0.41,0.219,1,"RAB34"
0.0281826553977459,-0.90249692346058,0.557,0.656,1,"SFXN1"
0.028254735013218,-0.622684892338941,0.18,0.284,1,"ZNF266"
0.0284485528865197,0.66670610408,0.475,0.503,1,"NOL12"
0.0285952935979586,-0.528186903346355,0.475,0.448,1,"SAP30BP"
0.0287140840146165,0.636697818238385,0.787,0.552,1,"EZR"
0.0287901905241493,0.849581302301102,0.525,0.366,1,"ATP2B4"
0.0290843490522327,-1.01139190355498,0.639,0.732,1,"CXADR"
0.0290937385570944,1.22827316290535,0.475,0.317,1,"CLEC4E"
0.0291048854373365,-0.595285391414716,0.459,0.612,1,"LOC100131089"
0.0291598814017057,-0.937009479294639,0.328,0.301,1,"ANKRD13C"
0.0294124982204586,0.774090825481785,0.574,0.339,1,"TFG"
0.0294155566784706,-0.519801722198716,0.672,0.787,1,"SHOX"
0.0294287967175529,0.740107740151048,0.623,0.437,1,"ARMC8"
0.0294744870368546,0.583774776466706,0.721,0.546,1,"CD46"
0.0295950869846732,-1.37981122898379,0.328,0.377,1,"ATP2A2"
0.029755033883536,0.773200135594581,0.607,0.366,1,"BASP1"
0.029813528133871,0.962707428122327,0.426,0.257,1,"MPHOSPH6"
0.0298254732786639,-0.853418427303203,0.393,0.421,1,"CEBPG"
0.030018500972788,-0.581743024371914,0.721,0.831,1,"UTP23"
0.0303237503146911,-0.919592361294757,0.262,0.415,1,"SEPT7P2"
0.0304350569017889,0.599247321241217,0.311,0.148,1,"MRS2"
0.0306156896517281,0.959306977241606,0.443,0.24,1,"ARMCX3"
0.0306257579362129,1.02198123789469,0.311,0.137,1,"FAM45A"
0.0307198834397305,-1.1161501688259,0.311,0.421,1,"SMEK2"
0.0307457470735767,0.5880288094673,0.426,0.235,1,"MYEOV2"
0.0307524862499732,-0.526942366769318,0.574,0.683,1,"MPRIP"
0.0310634197301547,0.558844257245034,0.672,0.519,1,"CHMP2A"
0.0317104303425725,0.981900790071385,0.279,0.131,1,"RNF24"
0.0320367803393015,-1.09176115985614,0.361,0.459,1,"CD3G"
0.0321104362801174,0.660196147901874,0.459,0.443,1,"LRPPRC"
0.0322350951884739,1.18741430445559,0.393,0.191,1,"AQP9"
0.0323119753557307,0.776260751839081,0.557,0.306,1,"SLC35A4"
0.0325149223955416,0.589326635369243,0.574,0.508,1,"RNF166"
0.0326789201371878,0.839479153023096,0.426,0.437,1,"FFAR2"
0.0328584342212413,0.542255738608672,0.77,0.689,1,"NAMPT"
0.0329893039195385,-1.14338548186997,0.738,0.743,1,"KCNJ5"
0.0332653534875793,0.681351066127219,0.361,0.459,1,"GNAL"
0.033434358821573,0.754136238229769,0.492,0.257,1,"C11orf75"
0.0335679394404527,1.54851689470116,0.295,0.137,1,"SMURF1"
0.033614327179334,-0.814818881273006,0.852,0.891,1,"NMT2"
0.0336258213062883,0.937954887743438,0.475,0.355,1,"FAM91A1"
0.0337643990730438,0.502536135134471,0.656,0.508,1,"BCL2A1"
0.0337912551587589,0.770585067783411,0.443,0.23,1,"MAPK1"
0.0338787592421865,0.850410106174192,0.41,0.202,1,"BAK1"
0.0342219345286828,1.30575127299408,0.475,0.383,1,"ALG9"
0.0344166988768822,-1.49476612001997,0.18,0.251,1,"ATG2B"
0.0345502493921446,-1.09085424600613,0.164,0.262,1,"IQSEC2"
0.0346376105861647,0.562879050789413,0.525,0.322,1,"MEA1"
0.0351277096083479,0.828101855174761,0.295,0.257,1,"SRSF9"
0.0356460056663558,-0.802429422817566,0.213,0.344,1,"SCML4"
0.0357387786720072,0.785460639380779,0.492,0.273,1,"MRPS24"
0.0361866818950515,1.15111351477911,0.41,0.219,1,"ATP9B"
0.0363212688803889,0.862572332026064,0.623,0.519,1,"MRPL49"
0.0364025127054362,-0.806838441874587,0.557,0.574,1,"TK2"
0.0364271956558216,0.867106249294285,0.295,0.137,1,"EPOR"
0.0364559228681826,0.626539318599705,0.885,0.858,1,"RAB27A"
0.0367527425960852,-0.641599507967366,0.279,0.23,1,"NPAT"
0.036938321806846,-1.18739983476567,0.393,0.426,1,"NFE2L1"
0.0369566521238238,1.49151355793131,0.262,0.087,1,"AGPAT4"
0.0372581882582605,0.651565257808508,0.852,0.699,1,"BLOC1S6"
0.0372707899077013,0.70006844170482,0.656,0.454,1,"TIMP1"
0.0372731061017926,1.02770275291158,0.361,0.191,1,"LOC100130357"
0.0374094473164018,1.41335234419038,0.262,0.153,1,"PPP1R9B"
0.0375641645978531,0.566617114657905,0.492,0.404,1,"OSM"
0.0377545038742435,2.44776103583271,0.344,0.208,1,"MPP7"
0.0377902246376006,0.559296761243045,0.738,0.525,1,"LILRB2"
0.0379395842880055,-1.3050539823248,0.213,0.35,1,"RUFY2"
0.0382633056386873,-1.13891357530564,0.377,0.519,1,"ZNRF3"
0.038423100284095,0.667823912714595,0.639,0.404,1,"SQRDL"
0.0385338104704093,1.20921493597413,0.344,0.164,1,"AREG"
0.0385973542996233,-0.910801169038325,0.59,0.699,1,"ZKSCAN1"
0.0386621322398349,0.572988564716835,0.902,0.825,1,"DESI1"
0.0392147210022343,0.895491381483729,0.344,0.23,1,"PDLIM7"
0.0392976868201239,-0.855591279926579,0.23,0.344,1,"CLIC4"
0.0394527013355512,0.781892017230516,0.475,0.273,1,"NSUN5"
0.0394661711194818,1.36838160716248,0.311,0.115,1,"DTYMK"
0.040013891531961,-0.640031647039924,0.246,0.251,1,"MCCC1"
0.0400152051785272,-0.946710579055431,0.525,0.645,1,"ZNF665"
0.0404467714338049,0.704495490567974,0.639,0.607,1,"EPB41"
0.0405916619612139,0.685220068630532,0.59,0.366,1,"SUMO1"
0.0406216964686387,-0.576593737379981,0.41,0.53,1,"OSBPL3"
0.040805706582982,0.650528047846526,0.721,0.721,1,"VMA21"
0.0409847188151478,-1.13719565422819,0.623,0.699,1,"TMOD2"
0.0414855327290424,1.04623541252575,0.443,0.361,1,"LINC00641"
0.0414883712132829,0.518224132942028,0.77,0.842,1,"DCAF10"
0.0415568872899867,1.0812534903223,0.311,0.142,1,"SURF1"
0.0417182993501799,-0.864619586005412,0.574,0.721,1,"RNF138P1"
0.0417928624754678,0.644394683599717,0.344,0.437,1,"MYO10"
0.0418265002786493,-0.745410721463105,0.279,0.377,1,"SLC30A9"
0.0420915280766074,-0.71747614750876,0.59,0.716,1,"ARHGAP24"
0.0420949765421219,-1.39514353721614,0.41,0.541,1,"ZFP30"
0.0426059525273509,0.609154177544031,0.787,0.574,1,"USP36"
0.0427091205116304,1.17248049351228,0.262,0.109,1,"CRIP1"
0.0427663873761865,-0.959129231234243,0.262,0.372,1,"CCL16"
0.0428565892444345,0.513598997764441,0.869,0.727,1,"ZNF331"
0.0428688372111149,1.28262821769402,0.295,0.126,1,"GALNS"
0.0429328163726355,1.01146815192292,0.311,0.131,1,"PIGP"
0.0429933111507042,1.34887597028547,0.361,0.339,1,"HELZ2"
0.0432291719147624,0.844729955899834,0.328,0.164,1,"TMEM164"
0.0435145053534687,0.583580729206669,0.623,0.437,1,"MPEG1"
0.0435162560760218,0.891597592010524,0.574,0.361,1,"JARID2"
0.0436661016332876,0.610254824174646,0.803,0.765,1,"IL10"
0.0438435171478648,0.577682745452095,0.59,0.404,1,"UXT"
0.0438496028853616,0.946515097233388,0.393,0.191,1,"TMEM120A"
0.0440742165934624,-0.927510766230192,0.197,0.29,1,"HLA-DPB2"
0.0443038840506031,0.610495360149393,0.77,0.585,1,"RAB11FIP1"
0.0443527990239453,-0.506828900081484,0.443,0.437,1,"DNAJA2"
0.0448902614213749,0.591307612408544,0.475,0.268,1,"TXNL4A"
0.0449011921681681,-0.544517592539983,0.852,0.896,1,"GEMIN8"
0.0449874615012075,0.694649477178474,0.311,0.158,1,"ANTXR2"
0.0450351248598962,-0.793270008093856,0.607,0.694,1,"TRIM45"
0.0451136051434415,0.944285166031042,0.393,0.219,1,"G0S2"
0.0451160553999567,-1.05562778963446,0.246,0.404,1,"DNMBP-AS1"
0.0451256724168056,0.515343627212144,0.803,0.65,1,"SNX5"
0.0451789548012234,0.764191198121916,0.41,0.24,1,"INTS6"
0.0454595836857625,1.13657152585686,0.426,0.437,1,"SP4"
0.0456808731452215,0.537527065836346,0.262,0.268,1,"DCAF5"
0.0461112005628206,1.15078176352419,0.279,0.142,1,"LOC100505716"
0.0461492048315828,1.06543213765218,0.639,0.486,1,"ZAK"
0.0461501486335999,-0.890954157929784,0.23,0.339,1,"SH3RF3"
0.0466094767274405,-1.33728453752072,0.361,0.426,1,"SSBP2"
0.0466619943169602,-0.735949591589833,0.525,0.546,1,"KANSL1"
0.0466696822165352,0.502799235154785,0.902,0.923,1,"SLC31A1"
0.0473145332479857,1.42813269085712,0.311,0.137,1,"PROSER1"
0.0473727542507859,-0.541924213522529,0.311,0.257,1,"PCED1B"
0.0475464545149587,0.826197894588577,0.77,0.612,1,"KPNA4"
0.0476495434492604,0.588613577478686,0.328,0.169,1,"INPP5K"
0.047907995101296,0.908197473254596,0.541,0.35,1,"RABGEF1"
0.0479172523119585,1.0610728169283,0.344,0.202,1,"NUP160"
0.0489796439539477,0.553947295670186,0.82,0.639,1,"PLIN3"
0.0490201723172559,1.08083227601442,0.262,0.158,1,"LOC145474"
0.0491527294418065,0.694442335699043,0.639,0.41,1,"UBE2F"
0.0495155401965226,0.831864350349759,0.279,0.12,1,"CCZ1"
0.0497165386497615,-0.987157308606326,0.197,0.328,1,"PDGFB"
0.0499786571958429,1.20059580634122,0.197,0.284,1,"TRPM8"
0.0500335598954375,1.53587984952999,0.328,0.202,1,"STEAP4"
0.0501093775612013,0.886454557159667,0.41,0.219,1,"ACADM"
0.0502651460101323,0.501933617819573,0.639,0.536,1,"CD44"
0.0505708145410677,-0.803648568178367,0.328,0.475,1,"OR51E2"
0.0508520494054409,-0.82278534389549,0.393,0.525,1,"ALS2CR8"
0.050877965095283,1.25225701220346,0.328,0.142,1,"UIMC1"
0.0510467338909162,0.607431506785924,0.328,0.169,1,"UBE2Z"
0.0510727837340089,0.841627773497719,0.607,0.393,1,"FOSL2"
0.05116762767119,1.05529179709926,0.344,0.169,1,"GET4"
0.0516108885101757,0.829263351023633,0.41,0.251,1,"PTGS2"
0.0517618619223927,-0.507876123367389,0.328,0.464,1,"LOC440173"
0.0524303385581719,1.25293046392505,0.311,0.137,1,"DOK2"
0.0524553181279223,-0.606393016076269,0.492,0.596,1,"KDM4A-AS1"
0.0526001585719519,-0.573237290279194,0.377,0.497,1,"ABCG1"
0.0530522142376561,-0.938930525237771,0.639,0.656,1,"ZNF543"
0.0531620210872495,0.635743215903195,0.361,0.295,1,"XPO6"
0.0534087118594344,-0.714962796396864,0.311,0.377,1,"SRGAP2D"
0.0537297012110151,0.601898497996757,0.705,0.525,1,"LSP1"
0.0539985869032442,0.507587109021219,0.295,0.148,1,"INTS9"
0.0541455982110804,-0.845352833762027,0.754,0.792,1,"KIAA1919"
0.0547105023192628,0.585845336996607,0.574,0.366,1,"CAMTA1"
0.05504825824375,0.514848206436651,0.492,0.399,1,"CCDC97"
0.0552068139012887,0.852212404739023,0.41,0.328,1,"LINC00700"
0.0554583988444666,0.571441420891143,0.295,0.164,1,"LPAR2"
0.0554773096403899,0.670366328640355,0.393,0.208,1,"ACPP"
0.0557828331427897,-0.605760729389868,0.344,0.497,1,"FRG1B"
0.0558797604681458,0.93993136658043,0.377,0.257,1,"NBN"
0.0559133133106191,1.05679761172381,0.262,0.224,1,"U2AF2"
0.0562328728676562,1.35555675131553,0.311,0.148,1,"MAP2K5"
0.056500351728939,0.851348320505633,0.41,0.355,1,"LPCAT3"
0.0566613045296933,0.707095330066155,0.459,0.257,1,"ZBED6"
0.056872247925785,-0.841147340878913,0.164,0.295,1,"ZDBF2"
0.0569753462701083,0.71196658848044,0.623,0.443,1,"ITGA5"
0.0571595557813229,0.610932698405956,0.557,0.339,1,"APEH"
0.0572399265048973,1.05450706546116,0.492,0.47,1,"ZNF835"
0.0576479256401518,0.582673262934834,0.59,0.661,1,"MBOAT2"
0.0576643355820009,-0.585211820912301,0.41,0.41,1,"COX20"
0.0580810061784584,-0.506041703138728,0.639,0.71,1,"TMEM19"
0.0586573947389952,0.577353510384934,0.902,0.852,1,"YME1L1"
0.0587080433660175,0.581132600693764,0.623,0.404,1,"S100A10"
0.0588641607481517,0.717166879780711,0.475,0.251,1,"PSMD3"
0.0588837796551243,-0.796247873798712,0.361,0.464,1,"PHF11"
0.0589863500306793,-1.18332259781439,0.213,0.317,1,"PNPLA1"
0.0590305290060019,-0.801841974115364,0.393,0.426,1,"GNG7"
0.0590935944677476,0.6286810107299,0.246,0.257,1,"PDE8A"
0.0592033680746071,0.732089768683962,0.525,0.366,1,"KAT7"
0.0594077180059269,1.13343792590806,0.41,0.322,1,"TSR1"
0.0595175628297337,-0.71260767842986,0.459,0.459,1,"PRPF4B"
0.059707733099182,-0.755281222972247,0.475,0.546,1,"GON4L"
0.0598790128524289,-0.958085618487145,0.295,0.41,1,"PIGM"
0.0599534987962775,0.844325492819349,0.344,0.208,1,"TMEM168"
0.0604309646925593,-0.719805554991527,0.279,0.404,1,"DPP8"
0.0605194146655379,-0.873172169713188,0.311,0.454,1,"TUBD1"
0.0610006353745437,-0.587190417348122,0.574,0.492,1,"NBPF1"
0.061095937066105,0.834605761547038,0.475,0.333,1,"CHORDC1"
0.0612920339481721,0.64912442752809,0.328,0.153,1,"PTPN22"
0.0613991973131859,-1.35937983890676,0.197,0.306,1,"USP42"
0.0614411054031997,0.784653702280267,0.344,0.175,1,"STK38"
0.0616660976731089,0.538285489228083,0.623,0.415,1,"COX7A2L"
0.0619151599287684,1.01651544008964,0.475,0.311,1,"ERBB2IP"
0.0620080179772494,0.778139454380857,0.262,0.126,1,"ISG20"
0.0623355348308812,-0.990470730856152,0.213,0.317,1,"MSL2"
0.0624721387767163,0.653940969213245,0.475,0.279,1,"BET1L"
0.0625244979159526,0.520692434821383,0.508,0.585,1,"FAM63B"
0.0625865954538085,-0.70104810606131,0.361,0.508,1,"TP73-AS1"
0.0628786489400818,-1.43651220237583,0.443,0.536,1,"LOC100131096"
0.0630756097581979,-1.07720603597769,0.246,0.383,1,"CPED1"
0.063234024196385,-0.735193375373534,0.361,0.399,1,"ZBTB1"
0.0632873226774887,0.850965862089181,0.295,0.284,1,"NEK4"
0.0635118864338006,-0.76549828593349,0.213,0.306,1,"MITF"
0.0639293393580082,-0.806993216528099,0.754,0.781,1,"MLLT6"
0.0640417955985265,0.549887728790034,0.738,0.536,1,"C14orf2"
0.0642318047698932,-0.838735582504125,0.475,0.596,1,"CLEC2D"
0.0642721390213919,1.11326521183077,0.377,0.208,1,"COMMD10"
0.0643044968395305,-0.502569303390478,0.279,0.377,1,"HIST2H2BF"
0.0647248690008817,-0.88570081463874,0.18,0.306,1,"ZNF667"
0.0651032601504645,-1.25871782319204,0.246,0.268,1,"RSBN1"
0.065411920302608,0.614841110107412,0.426,0.322,1,"STX18"
0.0656524363515351,1.13521988226423,0.672,0.607,1,"PURB"
0.0656880264148561,1.00422871521684,0.393,0.202,1,"RAPGEF2"
0.0657792165505925,0.667070319497437,0.475,0.372,1,"USB1"
0.0658656413034488,0.910896865460895,0.344,0.186,1,"PSTPIP1"
0.0660142817564899,-0.909777855454495,0.213,0.317,1,"TMEM220"
0.0661225925751719,-0.700109177859724,0.148,0.257,1,"ECHDC2"
0.0667842086517703,-0.641487514275604,0.574,0.541,1,"SPDYE2"
0.0667842086517703,-0.641487514275604,0.574,0.541,1,"SPDYE2L"
0.0669029356264798,0.675704694872113,0.344,0.169,1,"SLC35C2"
0.0669466267940314,-0.673903683934462,0.475,0.585,1,"C3orf62"
0.0670189460791647,-0.656577466441759,0.426,0.388,1,"TBC1D2B"
0.0670558095083408,0.532676770569729,0.689,0.574,1,"LILRA2"
0.0672341725147547,-0.966340171256854,0.262,0.35,1,"RRM2B"
0.0674642198651911,-1.56282559902617,0.443,0.519,1,"ZNF429"
0.0675075319554043,0.916264339016023,0.426,0.257,1,"TBCD"
0.0675706353688747,0.630093779457576,0.574,0.35,1,"HSD17B4"
0.0679232305890366,1.18779167776123,0.393,0.197,1,"SLC36A1"
0.0682002953551871,0.591500193634004,0.803,0.678,1,"GNAI3"
0.0682120072420252,-1.12631265118109,0.328,0.393,1,"LOC146880"
0.0688870278373289,0.658559106712526,0.623,0.639,1,"TMEM184C"
0.0690158715387621,-0.900404433363808,0.344,0.454,1,"LOC642236"
0.0691469219334231,0.615502258838487,0.689,0.459,1,"ARF3"
0.0692371289216638,-0.534400442408878,0.279,0.361,1,"GPX3"
0.0692584874417887,0.62441379427571,0.639,0.454,1,"TYK2"
0.0695541698312724,0.55737503542312,0.656,0.437,1,"LGALS8"
0.0697050022802892,0.551393565813945,0.803,0.639,1,"ACBD5"
0.0697976750000366,-1.13856955506334,0.361,0.481,1,"EPHA1-AS1"
0.0701087218254858,1.03629415322339,0.361,0.208,1,"SIN3B"
0.0708882088104478,0.667108152337578,0.262,0.12,1,"MZT2B"
0.0711802915394097,1.27180910385319,0.262,0.202,1,"MED17"
0.071478860055404,0.717806049685226,0.525,0.311,1,"LSMD1"
0.0714838943465496,-0.741807593966568,0.393,0.355,1,"TTF2"
0.0715967677348952,0.68116038084711,0.475,0.268,1,"MRPS7"
0.0719298652920016,-0.710529045573833,0.377,0.399,1,"ESYT1"
0.0719411537498302,0.617329755495928,0.508,0.344,1,"SERTAD1"
0.0722613107408809,-0.562205158967565,0.59,0.694,1,"PARK2"
0.0722821668960017,0.647704321957296,0.508,0.377,1,"C3orf58"
0.0724379368367372,-0.763331208321484,0.148,0.251,1,"TMEM68"
0.0725303724199645,-0.655640284306288,0.279,0.219,1,"RWDD4"
0.0731152089404477,0.808582721237442,0.525,0.355,1,"KCNAB2"
0.073475656597474,-0.587785981948039,0.197,0.301,1,"KLHDC2"
0.0734957398001385,0.944639837096742,0.279,0.115,1,"MED30"
0.0736083792823361,0.66816317335695,0.525,0.415,1,"FXR1"
0.0736261989039023,-0.633812993842674,0.295,0.41,1,"KIAA1468"
0.0741786231471919,0.516801450101723,0.344,0.175,1,"R3HDM4"
0.0742238774173017,-0.528112578128939,0.41,0.536,1,"ZNF783"
0.0742417618471332,0.5165297130944,0.393,0.224,1,"DGKD"
0.0743333449076536,-1.26364930293875,0.213,0.328,1,"FAM108B1"
0.0744366287539943,0.876897291090327,0.557,0.377,1,"FLJ39639"
0.0750789876993197,0.50644432845163,0.656,0.47,1,"TREM1"
0.0752127779311282,0.776699572090272,0.508,0.311,1,"XPNPEP1"
0.0753930421996993,-0.907313743145275,0.328,0.388,1,"NFATC3"
0.0754586521683579,-0.509091344712981,0.18,0.284,1,"ZNF195"
0.07586914273471,0.636464441842004,0.59,0.383,1,"BECN1"
0.0764283976274423,-1.09728631137782,0.246,0.361,1,"LOC285758"
0.0764580914937428,-1.07407880678491,0.311,0.426,1,"SOCS4"
0.0765183206912048,0.650533899834913,0.623,0.41,1,"DRAP1"
0.0768022027342324,-0.565981704020078,0.557,0.667,1,"PDXDC2P"
0.0768119110843425,0.933955420788608,0.475,0.262,1,"GCN1L1"
0.0768166003597494,-0.53587031974722,0.164,0.273,1,"PATE4"
0.0768408041896676,-1.24964528852461,0.197,0.306,1,"MED23"
0.0773117700169785,1.07070022262868,0.328,0.197,1,"TRAPPC6B"
0.0773284029326687,-0.815478968094462,0.41,0.525,1,"CHRNA5"
0.0776668631423947,-0.553581229134736,0.295,0.41,1,"SNORA70"
0.0779918704038001,-1.6535526172992,0.197,0.29,1,"POTEM"
0.0781875530849658,0.50066261170185,0.738,0.514,1,"PSMA2"
0.0792324126068354,0.584134514302773,0.443,0.388,1,"RBM23"
0.0794009605369659,-0.705730101689177,0.295,0.311,1,"RAB35"
0.0797055994727741,-0.567425263808828,0.869,0.902,1,"TSPYL1"
0.0797787752877925,-0.814924263950386,0.393,0.508,1,"ANKRD36"
0.0799119529044574,0.517881649706383,0.475,0.295,1,"IKBKG"
0.0799552664619947,1.29363849605497,0.311,0.191,1,"FLJ41941"
0.0801946364278579,0.51462199024144,0.754,0.557,1,"SLC31A2"
0.0804660044781001,0.634034852112815,0.754,0.678,1,"VPS4B"
0.0808211530481266,1.05327106581011,0.426,0.262,1,"ITGA4"
0.0815138572645527,-0.502429031045686,0.279,0.202,1,"METTL22"
0.0818092959421947,1.13094877408143,0.344,0.175,1,"WRAP73"
0.0820579253377429,0.640203983991905,0.492,0.279,1,"DCTN3"
0.082147620506031,-1.00128654397444,0.262,0.311,1,"SGK196"
0.0824634928977856,-1.1886034129778,0.311,0.437,1,"SFXN2"
0.082891799475219,-0.715054065682026,0.295,0.432,1,"HSPA7"
0.0830479652525177,0.64992242972287,0.672,0.47,1,"GLA"
0.0833100396097478,0.641400254986637,0.295,0.131,1,"GLT8D1"
0.08347107793374,-0.647446214916987,0.23,0.306,1,"C19orf66"
0.0836006164416518,0.64956048467073,0.574,0.366,1,"FIBP"
0.0836534270274731,-1.3960270209243,0.311,0.426,1,"NHLRC2"
0.0837427975906834,-0.669730445671472,0.213,0.339,1,"CTBP1-AS1"
0.0840380009230777,1.02553536543904,0.279,0.169,1,"NKAP"
0.0840764329002338,0.513975900237654,0.705,0.481,1,"MDH1"
0.0840829085345655,0.690929560170594,0.492,0.317,1,"GPR108"
0.0844645203980111,0.747117039397922,0.279,0.153,1,"MCM9"
0.0844658681588673,1.00604944943952,0.475,0.306,1,"SMCHD1"
0.0849673581921317,0.658404044246566,0.344,0.18,1,"HMGXB4"
0.0853615811643338,0.687079977080242,0.541,0.361,1,"THBD"
0.0856226530546894,0.701217878628952,0.639,0.525,1,"KIAA0513"
0.0860732158331958,0.538383251755544,0.607,0.65,1,"GSDMA"
0.0861022956567869,0.953841785121759,0.443,0.279,1,"PPP2R3C"
0.0862618563234043,-0.695371474625955,0.279,0.202,1,"TNK2"
0.086450794227492,-1.5124398839214,0.213,0.344,1,"NEDD4L"
0.0866253760498252,0.626339226082115,0.361,0.333,1,"GSR"
0.0867509813890997,-0.648862764199668,0.508,0.601,1,"ZNF492"
0.0869148284100995,0.958534135094853,0.377,0.191,1,"GOT2"
0.0870727069030475,-0.63345051123082,0.705,0.607,1,"LINC00265"
0.0872886242926714,0.971455518296394,0.328,0.148,1,"PIM3"
0.0882612699482853,-0.584386314529584,0.508,0.623,1,"KIAA0754"
0.0897615116044707,0.967226279991498,0.443,0.284,1,"NIPSNAP3A"
0.0904612687438527,1.48375097741218,0.279,0.175,1,"ATP11B"
0.090892865428908,-0.956890086832032,0.197,0.273,1,"AHSA2"
0.0911529087441183,0.594515249625156,0.59,0.399,1,"STAT1"
0.0917063954369521,0.808759828338541,0.393,0.279,1,"C18orf8"
0.0917194146310086,-0.551830575710883,0.328,0.399,1,"TBC1D16"
0.0917689082320574,-2.13397112328775,0.295,0.377,1,"ITGB8"
0.0919776563324775,-0.904061952291266,0.525,0.557,1,"UBE2D4"
0.0925949430257554,-1.0362968739523,0.541,0.639,1,"ZNF662"
0.0926462145247704,-0.957605493302963,0.41,0.53,1,"KIAA1751"
0.0926855164517622,1.01155823800238,0.328,0.175,1,"ZNF142"
0.0936168283106734,-0.526602944958281,0.41,0.514,1,"SESN1"
0.0936800348440955,0.631541358517239,0.508,0.426,1,"C5orf27"
0.0937471195422537,1.14965001393181,0.295,0.137,1,"IMPA1"
0.0941901016360554,0.878950588109565,0.475,0.29,1,"CERS2"
0.0943521968047957,1.16971210052831,0.311,0.158,1,"RGL1"
0.0943822256202928,0.678129099236996,0.492,0.322,1,"GTF2A2"
0.094734334354627,-0.609622136082998,0.393,0.519,1,"CCL4L1"
0.094734334354627,-0.609622136082998,0.393,0.519,1,"CCL4L2"
0.0950825636616275,-0.56561789510864,0.328,0.388,1,"PSMD6"
0.0959679809437096,-0.902021141297366,0.689,0.754,1,"MIRLET7BHG"
0.0962844305189884,0.616015320188503,0.607,0.393,1,"EGLN2"
0.09644882126256,0.966938963999856,0.377,0.208,1,"MEF2BNB"
0.0965271685705124,-1.01805020535326,0.279,0.426,1,"LINC00439"
0.096547121711943,0.511440084166993,0.361,0.306,1,"SAP130"
0.0970909209792927,1.11938285635284,0.311,0.169,1,"UBE2E3"
0.0973319731599598,-0.608915169258349,0.59,0.694,1,"PPFIBP1"
0.0974795783062191,0.56923323416433,0.41,0.333,1,"C1orf85"
0.0975435531627222,-0.989665363738045,0.82,0.792,1,"C4orf19"
0.0976206776465969,-0.904135679214007,0.262,0.295,1,"OLAH"
0.0977041379899339,0.800009292231059,0.311,0.153,1,"CA5BP1"
0.0977225108847094,-1.07487593245764,0.459,0.563,1,"FZD2"
0.0979514273919365,0.517891790224716,0.426,0.24,1,"TTC37"
0.098276509530561,-0.651514133905517,0.41,0.508,1,"DIP2B"
0.098433601044098,0.965302959227371,0.377,0.208,1,"GHDC"
0.0986340924062027,0.509418664069976,0.492,0.301,1,"ARRB1"
0.0991441698177562,-0.612294178700955,0.262,0.219,1,"RAP1GAP2"
0.0993501749308224,-0.645406466468323,0.738,0.792,1,"WHAMM"
0.099389828055269,0.749981430479163,0.541,0.322,1,"C17orf49"
0.0994686258891357,0.556638658310795,0.344,0.197,1,"PDCL3"
0.0995548384619788,0.827530658643619,0.557,0.574,1,"SLAMF7"
0.0996336804957473,0.810443378117576,0.328,0.153,1,"EZH2"
0.0997237947228419,0.816737417800607,0.443,0.268,1,"RASSF3"
0.0997999074387021,-0.677518057525582,0.361,0.426,1,"TRAPPC11"
0.0999817737433673,0.575732003677609,0.639,0.503,1,"ADRBK1"
0.100093241188459,-0.934409659783225,0.328,0.426,1,"CCDC120"
0.100227933760414,0.633060612369353,0.393,0.311,1,"CD1D"
0.100718746618708,0.520772233415409,0.525,0.317,1,"PROSC"
0.100769796149906,-0.662197478983382,0.197,0.311,1,"SSTR2"
0.101033624238599,0.658183907078214,0.377,0.208,1,"VRK3"
0.101135236747625,-1.34324377689384,0.23,0.366,1,"ZNF839"
0.101780057220024,0.835630203550148,0.41,0.377,1,"UPF2"
0.102116608060288,-1.23019699474594,0.197,0.268,1,"ADCY3"
0.102228870174384,-0.997060136372642,0.213,0.311,1,"POU2F3"
0.102684577938677,0.632156146759331,0.639,0.464,1,"WDR45B"
0.102889512488465,-1.94386760845849,0.295,0.339,1,"ZNF682"
0.10320416505709,0.546445329011632,0.295,0.322,1,"IGFBPL1"
0.103510342332479,0.883510459273664,0.344,0.191,1,"LOC100131234"
0.103608526178505,0.755225593171686,0.361,0.213,1,"UNC13D"
0.104001241019942,0.930893990443807,0.361,0.186,1,"HYOU1"
0.104019220228643,-0.551307578794374,0.443,0.568,1,"ARIH2OS"
0.104092662206482,-0.612327892389724,0.574,0.667,1,"RAB33B"
0.10409561972634,-0.783541753394472,0.246,0.301,1,"EBI3"
0.104252049443826,0.540508849879742,0.639,0.432,1,"LAMP1"
0.104344357705848,0.923933954756529,0.377,0.202,1,"TNS1"
0.10481183050188,-0.595019686763751,0.279,0.399,1,"LOC100506710"
0.104882513764213,-0.902842728741032,0.344,0.399,1,"PML"
0.104977030028264,0.681441429958687,0.344,0.175,1,"VPS16"
0.104984062136338,0.645649349561217,0.393,0.213,1,"LRRFIP2"
0.105108155903861,0.591342606565973,0.344,0.257,1,"ATF2"
0.105485622596005,0.692124980080752,0.262,0.137,1,"ARL17B"
0.105992982954241,1.05935267574457,0.361,0.18,1,"YKT6"
0.106182748588521,-1.11635535235913,0.197,0.262,1,"LOC283922"
0.106781094088592,0.504875973212462,0.754,0.557,1,"BCL6"
0.107056246334534,-1.25973811555539,0.197,0.262,1,"IL2RA"
0.107090810977475,-0.956368838423936,0.23,0.29,1,"AQR"
0.107287715446455,0.660543678444115,0.623,0.514,1,"FBXL5"
0.10730568382684,0.554552222948589,0.311,0.175,1,"SUCLA2"
0.107593143614297,1.27488329811696,0.295,0.158,1,"CLMN"
0.10785156387556,-0.898940406629958,0.344,0.317,1,"NFATC1"
0.108204677141872,0.559968789465045,0.656,0.464,1,"LILRA6"
0.108690054055188,1.21438046963073,0.344,0.311,1,"NUDT15"
0.10902118454434,0.584836111038668,0.295,0.202,1,"CECR5"
0.109136858083063,0.545616692345656,0.574,0.399,1,"PAN2"
0.109474012084493,0.68851068327603,0.689,0.667,1,"PDXK"
0.109539341747534,0.856403815732155,0.393,0.213,1,"STYXL1"
0.109953533100938,-0.802887818795761,0.344,0.377,1,"GSPT1"
0.110703995824877,1.12519640214744,0.41,0.311,1,"MCMDC2"
0.111564665712745,0.645338910774477,0.492,0.322,1,"FARSA"
0.111838440903256,-0.510242409642307,0.443,0.596,1,"P2RY12"
0.111921817277579,0.88329700709919,0.262,0.175,1,"ARID3A"
0.112876296346558,0.833820695874163,0.328,0.224,1,"C17orf107"
0.112947444046892,0.574454176715922,0.705,0.536,1,"ATG3"
0.11301825841579,-0.549739318479672,0.377,0.514,1,"AQP4-AS1"
0.113102124924862,-0.738637153420028,0.787,0.803,1,"TMEM120B"
0.113712441103933,0.902837419569536,0.361,0.301,1,"HSCB"
0.114156622361525,1.00934864070756,0.279,0.137,1,"CMAS"
0.114654255609854,0.593009186103318,0.623,0.634,1,"FAM117B"
0.114751044820415,-1.13761219961997,0.197,0.251,1,"PARP12"
0.114884436221861,1.03577783006968,0.393,0.317,1,"SIRPB1"
0.115312623440407,-0.577899214914448,0.721,0.787,1,"SCAMP1"
0.115346939804021,-0.506788240793744,0.492,0.574,1,"MARS"
0.115559874199109,1.03473050253062,0.361,0.175,1,"CCDC109B"
0.115659003603281,0.744869544912322,0.443,0.262,1,"NDUFA12"
0.115935490144033,-1.21189250456635,0.393,0.388,1,"AIFM2"
0.116037919763656,0.825063351276598,0.426,0.262,1,"RPS6KB2"
0.116372248159727,0.955983260123827,0.41,0.219,1,"SLC25A24"
0.116558241415598,0.612866481654536,0.459,0.279,1,"COPS5"
0.116638116743478,0.881597727565517,0.443,0.251,1,"MRPL43"
0.116823103052147,0.691233340489191,0.508,0.355,1,"PAF1"
0.116894367236829,1.05821915000831,0.377,0.361,1,"SLC2A6"
0.116913947097936,0.890419114210017,0.492,0.295,1,"KPNA2"
0.116927330322688,1.34691835622674,0.295,0.153,1,"FAM83H"
0.116949276405029,0.660881690331315,0.328,0.164,1,"COA3"
0.117000329870536,-0.53753065406779,0.377,0.481,1,"F2RL3"
0.117495660327567,1.0226214515214,0.311,0.18,1,"KLF9"
0.117594561840443,-0.7225515287037,0.508,0.475,1,"MED13L"
0.11799362532606,1.25080444008692,0.262,0.137,1,"JMY"
0.118156483883842,0.679553066751252,0.393,0.224,1,"SBF1"
0.11827060052265,-0.726453192844779,0.246,0.306,1,"BCCIP"
0.118637713448905,-1.24002015879417,0.295,0.355,1,"PI4K2A"
0.118667649122553,0.552258318884189,0.656,0.464,1,"SHKBP1"
0.118709338012885,-0.866056871329402,0.672,0.705,1,"ANP32A-IT1"
0.118717059611062,-0.614061018730085,0.459,0.399,1,"ANGEL1"
0.118957601883078,0.722523846132401,0.574,0.514,1,"GAPVD1"
0.119080161285959,1.18338687072624,0.295,0.131,1,"MRPL23"
0.119332163645768,0.735262950208264,0.328,0.18,1,"BCAS3"
0.119564985693516,0.80025500762552,0.41,0.24,1,"MIR22HG"
0.119714451676103,-0.526127562949245,0.393,0.464,1,"RAB3GAP1"
0.119803823350478,0.764806615694516,0.361,0.224,1,"CD300LB"
0.120167448262314,0.686500459906387,0.475,0.295,1,"FAM21C"
0.120263203427341,0.625146217234027,0.311,0.169,1,"BSCL2"
0.120626527400887,0.58224404558444,0.475,0.41,1,"RAP2C"
0.121707330276552,-1.82405751159696,0.279,0.328,1,"ALG10B"
0.122040325468996,-0.552375296102867,0.311,0.24,1,"KIF21B"
0.122072990257243,0.610093342434339,0.426,0.235,1,"SPNS1"
0.122633576247617,-0.714724846579665,0.344,0.366,1,"PLD2"
0.122978813089234,-1.49155558631415,0.279,0.301,1,"LURAP1"
0.123098119539715,1.10204127064117,0.262,0.12,1,"PDE1B"
0.123436472082494,0.596849373017058,0.459,0.268,1,"RPL36A-HNRNPH2"
0.123930001022906,0.565785592173426,0.459,0.268,1,"DUSP23"
0.124276692151918,0.910179714570693,0.393,0.224,1,"ZC3H7B"
0.124706209898278,0.606028801101832,0.574,0.388,1,"AGXT2L2"
0.124803549383127,-0.585407224511544,0.508,0.596,1,"GBP6"
0.124917304171502,-1.0802220551176,0.311,0.372,1,"ZC3HAV1L"
0.125099602912383,0.652054362867573,0.525,0.35,1,"ERCC3"
0.125581123054997,0.911869875425744,0.262,0.18,1,"IL1A"
0.125639216770254,-0.662293012569379,0.262,0.361,1,"BTN2A1"
0.125684334376169,-0.763292608625874,0.295,0.219,1,"BRAF"
0.125766566583957,0.914103162513426,0.279,0.191,1,"TMEM39B"
0.126179868119554,1.01336489540168,0.295,0.153,1,"RAB24"
0.126296521651562,-0.769701027499358,0.443,0.519,1,"RAB22A"
0.126327440969651,0.953843397863043,0.295,0.142,1,"BLVRA"
0.126574879630635,0.791840957214319,0.295,0.191,1,"ZBTB8OS"
0.126633840150923,-1.01082868134327,0.295,0.399,1,"LOC440600"
0.127266554841173,0.966369222922977,0.311,0.23,1,"PITPNA"
0.127893448951317,0.724033986374961,0.426,0.24,1,"ELAC2"
0.128171349904146,0.708816408227698,0.525,0.322,1,"TTC1"
0.128708527359335,0.919915169103891,0.295,0.142,1,"LTV1"
0.128910641774566,0.719699129162265,0.393,0.224,1,"MYO1G"
0.12915509420492,-0.903849163242974,0.721,0.781,1,"SMAD5"
0.12950720588359,0.562356410247187,0.492,0.328,1,"ZNF280D"
0.12950936168394,0.584030684558387,0.689,0.623,1,"SNHG7"
0.129551482051175,0.615577362752407,0.426,0.246,1,"DPAGT1"
0.129576351841511,0.813969412190206,0.623,0.607,1,"POU2F1"
0.129927521300978,-0.951409747327436,0.279,0.377,1,"FDXACB1"
0.130016687746795,0.83222366410143,0.295,0.169,1,"SELL"
0.130105522753015,0.914556264844007,0.328,0.186,1,"DNPEP"
0.131027349892727,-0.591493841007927,0.344,0.361,1,"ITGB2-AS1"
0.131055411343205,-0.881058714194472,0.23,0.251,1,"ITGA6"
0.131485334587603,0.940298956325889,0.279,0.208,1,"C3orf17"
0.132622415378933,-0.775564424974132,0.23,0.328,1,"P2RY11"
0.132789542835398,-0.762848536566539,0.246,0.35,1,"PRR23C"
0.133056914449317,0.511968305761411,0.623,0.585,1,"SMARCA5"
0.133086122454292,0.626186960531214,0.262,0.131,1,"CYB5A"
0.133467618616253,0.518617760379329,0.377,0.355,1,"SETD5"
0.133751754522685,1.14295213847985,0.295,0.208,1,"LOC440896"
0.133902629932391,0.662894768923002,0.574,0.426,1,"CSK"
0.134115790605058,-0.799186582413686,0.361,0.421,1,"MFSD12"
0.134165330563603,-1.28732739118634,0.246,0.35,1,"HERC2P7"
0.13425925665734,-0.652043713080549,0.426,0.525,1,"MYO15B"
0.134374179713414,0.85175507075239,0.689,0.563,1,"SWSAP1"
0.134393558661767,0.52728036488097,0.607,0.41,1,"CUTA"
0.134679344105982,0.518893793717244,0.41,0.251,1,"SDF2"
0.135072362156127,0.577011841954291,0.639,0.426,1,"KXD1"
0.135372142133891,0.553239271702667,0.525,0.361,1,"PSMC4"
0.135595521124849,-0.613490392827283,0.18,0.268,1,"ICA1"
0.135981207465789,0.610259589815754,0.525,0.328,1,"TRPV2"
0.136227016871515,0.520079687070285,0.623,0.661,1,"GALNT6"
0.136591729204617,0.925655438290337,0.311,0.158,1,"C20orf24"
0.13670590621766,-0.641885465921961,0.377,0.361,1,"SLC25A13"
0.136769075697779,-1.10177496733131,0.705,0.71,1,"AASS"
0.137003627604118,0.580158702132049,0.689,0.492,1,"CAT"
0.137443993093744,0.596814884188132,0.721,0.579,1,"TNFAIP3"
0.137627736624516,0.842826821451743,0.623,0.574,1,"UGDH"
0.138200529161352,-1.08610921417611,0.23,0.306,1,"CDK6"
0.138331365099358,0.83158015273789,0.393,0.257,1,"EIF3J"
0.138613888426254,0.597361499680152,0.738,0.568,1,"STARD7"
0.138721548901035,0.624404678310214,0.41,0.268,1,"VAMP7"
0.138940736727069,-0.697154085125821,0.18,0.262,1,"UGCG"
0.139421148657231,0.676485567143776,0.508,0.311,1,"SHC1"
0.14033328780931,0.691374704592317,0.508,0.399,1,"CDK11B"
0.140432339125806,0.762825025096781,0.443,0.273,1,"GPR84"
0.140463525881621,-0.802317173764875,0.475,0.552,1,"METTL20"
0.140547175382701,0.783020817442117,0.41,0.23,1,"SEPT9"
0.140689646743791,-0.619924948215848,0.852,0.891,1,"SPATA5"
0.140910392473376,0.600303073147694,0.656,0.464,1,"PSMA4"
0.141046999033766,1.22003058206115,0.295,0.158,1,"VPS13A"
0.141075097094008,0.67269444541075,0.82,0.754,1,"FBXW2"
0.14125164431587,0.95929795726892,0.311,0.158,1,"PCYOX1L"
0.14130253420635,0.710985260701623,0.738,0.568,1,"MEGF9"
0.141403760785609,0.575290904088043,0.574,0.404,1,"GBF1"
0.141615050766596,0.933634706095669,0.311,0.186,1,"MPLKIP"
0.14164841077609,0.80033689820316,0.426,0.251,1,"LY6E"
0.141980920867979,0.977959973118252,0.475,0.328,1,"WHSC1"
0.142689017478463,1.02137900838292,0.344,0.197,1,"GOLPH3"
0.143364244936064,0.623963190012315,0.328,0.18,1,"LYSMD3"
0.143388711531746,-0.578078625875921,0.574,0.645,1,"MTAP"
0.14367437003347,0.678609911465724,0.328,0.169,1,"PALLD"
0.143918807590342,1.06551844224716,0.328,0.202,1,"CASP9"
0.144241444418418,-0.541256482818289,0.443,0.563,1,"ZNF620"
0.144294761622933,0.96686032593684,0.393,0.262,1,"ZNF362"
0.144663557910561,-1.06423164678692,0.279,0.279,1,"CAPN7"
0.144981481571924,0.652671389902046,0.459,0.273,1,"DGUOK"
0.145574547981242,-0.961054616034201,0.328,0.404,1,"NSF"
0.145743638060863,-0.749550777043932,0.311,0.399,1,"LOC100507501"
0.145891892636836,0.652811561232192,0.738,0.705,1,"NSL1"
0.145938002903429,-0.806269129095865,0.508,0.574,1,"RBL1"
0.14648349866139,-1.34325049183171,0.279,0.268,1,"FOXO3B"
0.147062485267305,1.13527780898262,0.328,0.175,1,"GID8"
0.147226723779725,-0.62980763830631,0.377,0.355,1,"THUMPD1"
0.147486297825419,-0.725314739479401,0.852,0.809,1,"ZNF280C"
0.147626023346907,-0.681577150659054,0.508,0.585,1,"TUBGCP4"
0.147673835899914,-0.721647493507938,0.443,0.486,1,"STAG3L2"
0.147993690007629,0.750851224452913,0.279,0.137,1,"MAPKAPK5-AS1"
0.148059244955252,0.688548795202204,0.41,0.24,1,"PREP"
0.148186482554438,1.29599468811143,0.279,0.126,1,"WDR5"
0.148412009684845,0.523335575128618,0.475,0.29,1,"CXorf40B"
0.148617430091694,-0.729650407158007,0.246,0.295,1,"STRADA"
0.148731609692593,0.925670170629654,0.262,0.213,1,"TMPRSS3"
0.148842689146085,0.586958616257654,0.639,0.601,1,"MRPS10"
0.149026071912799,1.1410475700003,0.295,0.235,1,"B4GALT5"
0.14902894842,0.68780724969732,0.393,0.23,1,"ETHE1"
0.149394916677201,0.830693689838617,0.41,0.262,1,"DYNC1LI2"
0.14995259890393,0.556615846979735,0.475,0.415,1,"SEC24B"
0.149974887039896,0.937186786105922,0.59,0.448,1,"ARHGEF39"
0.150390899494273,0.805712695056258,0.41,0.23,1,"DNAJC1"
0.150740838255082,0.542261921961216,0.82,0.803,1,"CPPED1"
0.150933999063384,0.751655323437317,0.41,0.246,1,"VCL"
0.150949333537301,1.0620856995974,0.377,0.202,1,"DDX54"
0.151607898776346,0.891777290735354,0.344,0.197,1,"EXOSC8"
0.151667070594578,-0.70095648649914,0.18,0.262,1,"RABGGTA"
0.151725688213059,-0.666327888874818,0.18,0.251,1,"CCSAP"
0.152421837411394,0.708178963415185,0.426,0.246,1,"HSDL2"
0.152957328058233,-0.528389652027198,0.393,0.355,1,"FAM157A"
0.153015516990919,0.598766241432742,0.492,0.301,1,"APIP"
0.153134625493711,-0.848766442736781,0.41,0.437,1,"ELF2"
0.153358738923251,-0.75879313012585,0.475,0.492,1,"NPC1"
0.15360835491665,1.0227342048978,0.295,0.142,1,"MANF"
0.154009994144838,-0.796936137502204,0.475,0.601,1,"ZNF2"
0.154704265138327,-1.39191912993847,0.328,0.41,1,"SOCS7"
0.154788155455991,0.963100598273485,0.344,0.186,1,"CERKL"
0.155300411440928,0.646473158178634,0.656,0.557,1,"KCNE3"
0.155703646738372,0.565896004308232,0.328,0.273,1,"ADC"
0.155999239756965,0.728038903453846,0.525,0.355,1,"MLL"
0.156249756542721,-0.520293592896497,0.525,0.552,1,"INPPL1"
0.156273039236939,0.515129752243725,0.525,0.459,1,"LINC00330"
0.156313515710033,0.563100182359274,0.59,0.464,1,"C8orf33"
0.156366958424964,0.807740303393592,0.443,0.284,1,"GNG2"
0.156803755141301,-0.518460040246952,0.295,0.339,1,"MRPL55"
0.157155972253811,1.05379884552815,0.279,0.137,1,"ZNF259"
0.157618835769471,0.615342733446522,0.59,0.546,1,"GTPBP1"
0.157741652524719,-0.753606409062492,0.23,0.311,1,"DTNB"
0.157769751297277,0.679808245929738,0.541,0.454,1,"STT3A"
0.158166456679623,-0.505867114818511,0.623,0.503,1,"PIKFYVE"
0.158268296308078,-0.537773532225843,0.328,0.437,1,"ZNF80"
0.158426329259369,0.813321471125363,0.541,0.421,1,"COX15"
0.158442229550284,-1.77507208392428,0.361,0.404,1,"CGNL1"
0.158545291233379,0.501890756033866,0.59,0.415,1,"CBWD2"
0.158556230979564,0.794532803346428,0.426,0.251,1,"AGFG1"
0.158794225650189,0.754529147327696,0.279,0.148,1,"KLHL15"
0.158798735223239,0.506551155061381,0.508,0.328,1,"LEPROTL1"
0.158856477311921,1.3189033277333,0.262,0.24,1,"ZBP1"
0.159287506464154,0.672847873779177,0.377,0.235,1,"ESCO1"
0.160842848053817,-0.548974815780043,0.393,0.443,1,"OTUD1"
0.160989567175775,0.883024879295929,0.279,0.18,1,"MFAP3"
0.161764937593645,0.541523568874896,0.295,0.158,1,"SLC12A2"
0.161948946942563,-0.676238193808765,0.639,0.656,1,"RGS12"
0.162043051888259,0.518786534396535,0.197,0.273,1,"TRIM6"
0.162298499292063,-0.545710650463936,0.197,0.268,1,"SESN2"
0.162480124678167,-0.734375551310654,0.721,0.71,1,"FMN1"
0.162529555438957,0.784512322554129,0.377,0.208,1,"DYNLT3"
0.162728935906916,-0.598844184217137,0.279,0.344,1,"MED12"
0.163275188752992,0.509797247941482,0.492,0.355,1,"CRYM-AS1"
0.163706588259199,-0.630418665576345,0.492,0.448,1,"SLC23A2"
0.163893760189185,0.830771946914556,0.377,0.219,1,"MPST"
0.16418102124932,0.726926190691177,0.508,0.443,1,"TTC21B"
0.164870895176491,-0.523744521053907,0.246,0.257,1,"TIMM8B"
0.165135628134171,0.908576313078322,0.344,0.186,1,"GTF2H1"
0.165181564802163,-0.738153658017357,0.607,0.639,1,"UBOX5"
0.165277697325022,-0.707078163529255,0.443,0.432,1,"SKI"
0.165323949083024,-0.67283446929614,0.262,0.333,1,"STX3"
0.16572888758579,0.74642007288438,0.41,0.322,1,"C16orf54"
0.165866567312561,0.940914149739117,0.295,0.142,1,"TSSC4"
0.167281693588238,-0.518527359303226,0.705,0.749,1,"APAF1"
0.168417500667743,0.54985891301129,0.262,0.137,1,"H2AFX"
0.168470123029523,0.743225421972093,0.311,0.306,1,"C12orf43"
0.168884035778581,0.561484057881329,0.361,0.208,1,"ARL6IP6"
0.16888829055032,0.649984836545244,0.41,0.24,1,"PIGH"
0.168916060711657,0.762693056073098,0.377,0.24,1,"DENND1C"
0.16962526961063,0.638523394526712,0.443,0.311,1,"ZCCHC17"
0.169654493459984,1.38090859112378,0.328,0.197,1,"S1PR3"
0.169996148032984,0.607486370797376,0.426,0.301,1,"CLEC4A"
0.169997561393271,0.602508674641528,0.426,0.257,1,"CXorf40A"
0.171091131986038,0.703215291484962,0.262,0.175,1,"CPSF3"
0.171411238782758,1.04376232077621,0.393,0.322,1,"AIM1"
0.172351536602046,-0.541543140207379,0.934,0.956,1,"ICA1L"
0.173489087102126,0.648124603960614,0.311,0.24,1,"MAPKAP1"
0.173613036392066,0.715733538218914,0.377,0.268,1,"RCN3"
0.174232037210313,0.565302321188188,0.426,0.317,1,"AP3S1"
0.175273944011769,0.592366671929218,0.361,0.197,1,"KDM4A"
0.176000469893938,1.0771916063735,0.328,0.208,1,"ARL5B"
0.176179779784714,-0.554157263033386,0.426,0.497,1,"APPL2"
0.176844057412199,0.636172824540028,0.492,0.328,1,"POLR2B"
0.177227469449811,-0.938117039064237,0.492,0.459,1,"UNKL"
0.177379380335005,-1.66680816873666,0.164,0.273,1,"DNHD1"
0.177674937028383,0.583018652724292,0.836,0.792,1,"AGMAT"
0.177941347495662,0.96141996111693,0.377,0.399,1,"F5"
0.177965471544278,0.850758614943867,0.475,0.344,1,"GSDMC"
0.179022206863457,0.633811358597537,0.607,0.454,1,"SLC20A1"
0.179127264724629,-0.824387129603832,0.23,0.29,1,"SMPDL3A"
0.17914510001765,-0.751033269072374,0.41,0.415,1,"MCPH1"
0.179625120153675,0.613660379912527,0.508,0.339,1,"SNRPD3"
0.179651953790097,0.939962568395564,0.262,0.18,1,"CDC42EP3"
0.179731783673546,-0.571348496049117,0.262,0.273,1,"FAM160B2"
0.180119954089971,1.03048393282921,0.311,0.175,1,"RPS6KC1"
0.180529774671392,-0.641905171459647,0.295,0.366,1,"RASSF1"
0.180946237367,-0.63383945628748,0.721,0.77,1,"SLC35A3"
0.181507381623887,0.526491291635273,0.639,0.503,1,"ZC3H15"
0.181977085602494,0.678768698880414,0.361,0.23,1,"SDAD1"
0.182261359065111,0.575646831402677,0.557,0.377,1,"JTB"
0.182308918312742,0.838998400591932,0.262,0.137,1,"JOSD2"
0.182408744013285,-0.525073658136405,0.344,0.426,1,"TLR5"
0.182647350677838,0.541879050914241,0.492,0.301,1,"PMVK"
0.182713038814825,-0.94382642387996,0.295,0.41,1,"CSGALNACT1"
0.182722653039646,-0.870991322334418,0.328,0.339,1,"TMC8"
0.18310259732296,-0.882215691808369,0.164,0.251,1,"LRBA"
0.183195444584711,0.543997956221037,0.557,0.41,1,"HSH2D"
0.183384445672953,0.663094915371824,0.262,0.131,1,"GNGT2"
0.183723855298355,-0.605995820459116,0.23,0.339,1,"SPDYE8P"
0.183918310971349,0.894675784220303,0.377,0.268,1,"CCRN4L"
0.184687029370388,-0.762041620622503,0.426,0.47,1,"DMBX1"
0.185222132392832,-0.579342780556987,0.18,0.262,1,"CCDC84"
0.185294575342394,-0.72961990788886,0.197,0.295,1,"PIGF"
0.186022361999366,-0.5519993661581,0.262,0.344,1,"SEPP1"
0.186175773917508,0.667840988641096,0.475,0.355,1,"IFI6"
0.186345938783255,-0.582478435140618,0.459,0.519,1,"SPG11"
0.186653045893472,0.978105468683553,0.328,0.175,1,"DTNBP1"
0.186943879431255,-0.929506483379968,0.426,0.454,1,"SYT11"
0.186945555383431,-0.677084842579986,0.426,0.503,1,"TNNI1"
0.187255684846882,0.945789434026064,0.295,0.164,1,"GMPPA"
0.188002195492764,-0.950466423858861,0.246,0.295,1,"SNN"
0.188077387970975,0.523564228584492,0.344,0.208,1,"CCDC59"
0.188119141497207,-0.657954740109382,0.279,0.322,1,"VPS18"
0.188553594758029,0.564666314415268,0.344,0.202,1,"ABHD14B"
0.188603594399953,0.792262096121187,0.393,0.23,1,"WBP4"
0.188613132107657,-0.733586300235966,0.525,0.585,1,"TNFRSF9"
0.188622858464086,0.787129028775123,0.426,0.257,1,"COA4"
0.1888230073758,0.589794770520794,0.508,0.328,1,"UBXN11"
0.188832283997971,0.55938710933699,0.295,0.235,1,"CDK16"
0.189092685846434,0.612520504258018,0.492,0.339,1,"NARF"
0.189650587507261,-0.525089662646624,0.344,0.432,1,"KIAA1715"
0.189988764384647,-1.615609087099,0.361,0.448,1,"ZNF546"
0.190148720296825,-0.925295504180835,0.246,0.29,1,"DNMT3A"
0.190989775633461,0.6593924850418,0.41,0.24,1,"MARCH5"
0.191169267070945,0.611971798360045,0.607,0.432,1,"DSE"
0.191650734467596,-0.630614078706937,0.23,0.333,1,"NLRP8"
0.191943698152452,0.915783155170843,0.262,0.126,1,"SBNO2"
0.191988994383926,0.595624245945839,0.787,0.716,1,"TMOD3"
0.192458130797304,0.591308595056218,0.557,0.415,1,"TXLNA"
0.192866511606968,0.652979241268253,0.426,0.268,1,"CSTA"
0.192971202564963,0.59791126027386,0.311,0.175,1,"SNRK"
0.193087568885883,0.54243431094688,0.361,0.213,1,"WDR46"
0.19314291669104,0.631951724251246,0.525,0.377,1,"ACSL3"
0.193488049092314,-0.707422175234159,0.213,0.339,1,"ULK3"
0.193875991076543,-0.804036839272746,0.23,0.306,1,"IKBKE"
0.194218514952373,-0.546988735834274,0.475,0.448,1,"PATL1"
0.194442523942809,1.15332441385403,0.279,0.158,1,"RARA"
0.194975482223585,0.689076569788025,0.508,0.328,1,"VDAC3"
0.195637511662,0.864664690829056,0.295,0.186,1,"C15orf38-AP3S2"
0.195690449213553,0.589670593338695,0.361,0.208,1,"MKI67IP"
0.19635012883568,0.534363257840752,0.361,0.208,1,"MIIP"
0.197099084223472,0.809194176558864,0.393,0.23,1,"LOC100129361"
0.197198478465387,-0.687777675408458,0.475,0.563,1,"LMOD3"
0.197473530599496,0.687417292904854,0.344,0.202,1,"EGLN1"
0.19804143813877,0.662222346321066,0.885,0.869,1,"FXN"
0.198065958335388,-0.673996235034594,0.328,0.317,1,"TNRC18"
0.198206214064532,-0.674257587029113,0.295,0.268,1,"UBE2R2"
0.198360128451396,0.673775916227799,0.426,0.257,1,"PPP1CC"
0.198687058954098,-0.992199699540938,0.656,0.617,1,"PIGW"
0.199028572700895,-0.680682405156859,0.213,0.279,1,"SLC1A4"
0.199094843653054,0.818010319412456,0.377,0.224,1,"SLC41A2"
0.199147146507857,0.582015787923013,0.311,0.295,1,"TTC14"
0.200010149494291,-1.1483563013344,0.344,0.432,1,"ZDHHC15"
0.200030588868443,-0.527909724855767,0.279,0.24,1,"KLF13"
0.200579375506164,0.515569980006821,0.41,0.257,1,"MGMT"
0.20164716998284,-0.534702117840197,0.525,0.59,1,"C9orf85"
0.201893513728276,0.9099568310813,0.361,0.208,1,"THBS1"
0.202389890324631,0.60063180568456,0.393,0.246,1,"OAS3"
0.202784104341754,0.563486468760768,0.525,0.404,1,"MSL3"
0.202939404098372,0.625218624358769,0.41,0.295,1,"RNF138"
0.202999213626766,-0.9173031498642,0.23,0.284,1,"POMT1"
0.203265687158194,-0.513042731535735,0.262,0.35,1,"SLC1A2"
0.203771586868884,0.765377748185355,0.279,0.186,1,"CDK5RAP1"
0.204612524106248,-0.572563149209589,0.443,0.53,1,"MAML3"
0.204801390870663,-0.625248990471276,0.393,0.475,1,"NLRC5"
0.206023369848319,-0.880105725497254,0.377,0.432,1,"LOC100507032"
0.206083161723789,0.569340139927972,0.541,0.426,1,"TIMM23"
0.206125512763574,0.595050614114058,0.656,0.481,1,"RBM12"
0.206246835481238,0.765823987518224,0.361,0.262,1,"TTL"
0.206454598429994,0.531342888444502,0.934,0.918,1,"GFOD2"
0.206506414687537,-0.507553366547915,0.787,0.721,1,"PCBD2"
0.206663346264555,-0.753819416419769,0.311,0.306,1,"UPF1"
0.206884079652785,0.527720724619578,0.574,0.377,1,"DICER1"
0.206919795759797,0.618727785788576,0.295,0.169,1,"EBP"
0.20708966453015,0.547113451262862,0.492,0.317,1,"SCFD1"
0.207156028508304,-0.964199575327987,0.361,0.437,1,"SIKE1"
0.207733977226676,-0.894945160691838,0.246,0.301,1,"KLHL12"
0.207735139897079,0.805980636146346,0.377,0.219,1,"FEM1C"
0.208635813472864,0.762434437116705,0.361,0.197,1,"ALG8"
0.208849010968519,0.799584002701536,0.279,0.164,1,"PMEPA1"
0.208864121120038,0.774922504381004,0.377,0.246,1,"RAB13"
0.209140735894076,-0.531658766274872,0.295,0.372,1,"PEX5L"
0.209805176823537,-0.516038689129847,0.82,0.836,1,"CXorf56"
0.210730868309949,-0.733871025416579,0.328,0.426,1,"NFATC2"
0.210937722214765,-0.997497192425846,0.262,0.251,1,"TUBGCP5"
0.211225679011882,0.521981235506376,0.525,0.344,1,"TROVE2"
0.211752711582853,0.629912685760644,0.672,0.525,1,"ZMYM2"
0.212066000669315,0.658906016697167,0.459,0.306,1,"AGO3"
0.213724661012552,0.799144015328205,0.41,0.29,1,"FEM1A"
0.213775637233831,-1.15439142617197,0.197,0.284,1,"DNAJC21"
0.214346178351716,-0.64408238839258,0.459,0.47,1,"SNX13"
0.214448322527777,0.625163118896508,0.361,0.202,1,"NAGPA"
0.21540803205438,0.678703075679974,0.738,0.798,1,"ZNF555"
0.215482872113771,-0.571257644832544,0.262,0.306,1,"C17orf70"
0.215539644874015,0.60808153340021,0.393,0.24,1,"FAM214B"
0.215601065541086,-0.688752866021389,0.311,0.35,1,"POLE3"
0.216338003125101,0.67235066548133,0.426,0.311,1,"KCNN2"
0.216469838333699,0.68110483832767,0.361,0.208,1,"DCTPP1"
0.216959862181346,-0.586391156169972,0.41,0.519,1,"UPK1B"
0.217008946211223,0.88954393265206,0.574,0.486,1,"LOC100130557"
0.217818095662411,0.541385342376376,0.492,0.328,1,"MRPL37"
0.217821182410617,1.43001130619583,0.311,0.224,1,"EPT1"
0.218190405260895,-0.723742918904194,0.541,0.607,1,"ZNF772"
0.218472301569383,-0.884052237385474,0.262,0.295,1,"GPD2"
0.218508629790747,-0.948268847719498,0.246,0.273,1,"CHMP4C"
0.218560097958463,0.80972392695644,0.344,0.202,1,"TMEM208"
0.218736595625179,0.914862083171227,0.262,0.131,1,"SMN1"
0.220264964039198,-0.641562163964697,0.541,0.623,1,"SLC25A34"
0.220518980488248,0.525933858384853,0.492,0.339,1,"IRF7"
0.220757028361982,0.507002507666734,0.525,0.35,1,"ATF7"
0.221122404304609,-1.21852881381975,0.623,0.628,1,"MACC1"
0.221275577384859,0.927858287878977,0.41,0.273,1,"CHEK1"
0.221307650823156,-1.10378666572364,0.377,0.454,1,"PANK1"
0.221920542505986,0.706212016120026,0.377,0.24,1,"RARS"
0.22231720330943,-0.768196668851301,0.295,0.366,1,"COX10-AS1"
0.222319549554274,-0.556780540298839,0.262,0.322,1,"TMEM63A"
0.223342551093486,0.583624472737465,0.377,0.246,1,"HCP5"
0.223464472652713,1.0610458383574,0.328,0.257,1,"APC"
0.223599306237885,0.545624404892552,0.59,0.421,1,"RIPK2"
0.223612286358515,0.522729962682863,0.82,0.743,1,"ERVK13-1"
0.223683946943916,0.818969305238646,0.361,0.197,1,"KLHL21"
0.224937919096769,0.803634886500485,0.361,0.322,1,"FAM124A"
0.225025889704984,-0.568768712623328,0.311,0.355,1,"CREBL2"
0.225658382668806,-1.05011330266635,0.459,0.459,1,"LOC339803"
0.226437368567122,0.783093280729464,0.361,0.219,1,"XRCC1"
0.226442172956737,0.548275099476165,0.508,0.377,1,"SIGLEC7"
0.226453070635197,-0.597207963952781,0.344,0.301,1,"DGCR2"
0.226463475747407,-0.506247234347068,0.77,0.694,1,"KIAA0319L"
0.226501615015051,0.657486237340697,0.459,0.29,1,"CKAP5"
0.22714461615604,-0.700651302884606,0.344,0.415,1,"ATP1B1"
0.22733264791208,0.694596614493374,0.41,0.257,1,"ING3"
0.227591188688111,0.822331459577735,0.426,0.279,1,"SMG5"
0.227644822123284,0.544700904682528,0.541,0.35,1,"GNPDA1"
0.227672728453599,-0.555563517536611,0.393,0.35,1,"NHSL1"
0.228643241558754,0.694455674487867,0.77,0.628,1,"ZNF674"
0.228809182469649,0.768405081198175,0.328,0.186,1,"PIGB"
0.229307924609338,0.931120608215834,0.344,0.246,1,"NDST1"
0.229552228528943,0.568559373030368,0.492,0.306,1,"SLC9A8"
0.229720705279815,-1.50915616024417,0.246,0.317,1,"LOC100506469"
0.229905422990865,0.628312597277582,0.279,0.169,1,"RALGAPA2"
0.230366510356137,-0.533267488912211,0.377,0.311,1,"DYRK1A"
0.230903090731142,-0.634542635684601,0.262,0.251,1,"FAM127B"
0.231037956425605,-0.500777637260301,0.787,0.836,1,"ZNF445"
0.231251880373086,-1.09005668116727,0.213,0.257,1,"PHF12"
0.231281442904418,-0.710962382038218,0.18,0.251,1,"CNST"
0.231363138920255,-0.887244560512013,0.213,0.268,1,"CBLL1"
0.231524696329857,-0.583115948898353,0.426,0.519,1,"LOC440243"
0.231969348017832,-0.787749430810861,0.197,0.306,1,"TNF"
0.232462582161775,0.509777495180617,0.541,0.399,1,"DNAJB11"
0.232622814924225,-0.57505907225042,0.361,0.399,1,"FAM168A"
0.233091531227645,-0.699490260109989,0.18,0.273,1,"SLC2A4"
0.233458614556986,-0.551886429720339,0.213,0.268,1,"OGFRL1"
0.233489542709388,0.515557581499375,0.508,0.377,1,"ARFGAP2"
0.233496774291671,-0.522652177454082,0.328,0.279,1,"SMG9"
0.233713060028804,-0.579266709045492,0.295,0.311,1,"KBTBD2"
0.233741181678148,0.604199546006604,0.295,0.235,1,"SIDT2"
0.234004731485477,0.915923919693325,0.344,0.246,1,"CAPN2"
0.234056901271706,-0.680814141371388,0.311,0.344,1,"KIF16B"
0.234103092655678,0.56184098497885,0.377,0.415,1,"DIEXF"
0.234303329088552,-0.584401839293527,0.574,0.65,1,"PIK3C2B"
0.235661895106653,0.693416467280388,0.443,0.273,1,"PPP1R11"
0.235750050394264,0.646702610493207,0.377,0.224,1,"VPS25"
0.236174851076771,0.562440930049158,0.607,0.443,1,"SIK1"
0.236360592782058,-0.709687396392331,0.557,0.552,1,"PEAK1"
0.236460362636228,-0.558170889882166,0.361,0.333,1,"HIST1H1E"
0.236762774676684,-0.858211402834109,0.279,0.372,1,"CXorf23"
0.236780554442882,0.563500578606557,0.426,0.268,1,"GTF3C6"
0.237303126585252,0.678296342111841,0.574,0.399,1,"PYGL"
0.237315315974,-0.528992038179636,0.41,0.279,1,"MS4A2"
0.23834580878869,-0.679955733888757,0.279,0.295,1,"SREBF1"
0.239245504128807,-1.00692327635966,0.23,0.311,1,"ZNF197"
0.239354881557325,-0.781648984275257,0.213,0.262,1,"LEPRE1"
0.23938399300276,-0.649265290250949,0.328,0.377,1,"C9orf64"
0.239403049605784,0.514849530351599,0.475,0.328,1,"SNRNP27"
0.239820512638982,-0.773994106681064,0.541,0.623,1,"ZCCHC4"
0.240314046082321,1.23564984657464,0.328,0.186,1,"POLR2H"
0.240346915784573,0.558943428008156,0.295,0.186,1,"NFE2L3"
0.241146405748349,-0.807718684406429,0.623,0.672,1,"FCF1"
0.241692707339154,0.527082661374907,0.639,0.448,1,"UBE2A"
0.242662202895439,-0.722183857274727,0.311,0.35,1,"SIPA1L2"
0.242772058163934,-0.891390333308473,0.262,0.328,1,"LOC100129935"
0.24280766459315,0.577590496982347,0.328,0.24,1,"EDC4"
0.243029068862992,0.731784045563904,0.328,0.219,1,"MRPL24"
0.243514629375634,0.554699854290892,0.525,0.372,1,"CYB5R4"
0.244058213275002,0.849020741883414,0.41,0.246,1,"CUL3"
0.244419181297319,-0.889009555637092,0.59,0.645,1,"ZNF788"
0.244553801206915,-0.709813279696829,0.311,0.388,1,"ADM2"
0.245045603091532,0.722013426310183,0.344,0.202,1,"SDF2L1"
0.245555034974509,0.518211996961917,0.443,0.372,1,"CHCHD3"
0.245635911746262,0.534225007762862,0.574,0.508,1,"RP2"
0.24577460625131,0.753075663623913,0.279,0.186,1,"ACTN1"
0.246239035939943,0.695513082510018,0.377,0.23,1,"FBXL15"
0.246411776293944,-0.543194915824583,0.311,0.301,1,"NOMO2"
0.246513227448844,-0.531757238531958,0.475,0.443,1,"KCTD10"
0.246556638598423,-0.689660573197844,0.344,0.41,1,"SETDB1"
0.246657559501622,0.671470279606273,0.41,0.268,1,"MRPS15"
0.247129734211183,0.545944804729026,0.344,0.224,1,"ANAPC7"
0.248075625095496,0.579878493658581,0.508,0.372,1,"ZC3H12B"
0.248097071010925,0.508631034738517,0.574,0.415,1,"CCND3"
0.248128407985411,0.621830364293773,0.426,0.279,1,"UFL1"
0.248447464475265,0.54615483640223,0.426,0.279,1,"MSL1"
0.248955190151203,-0.883292999153077,0.328,0.284,1,"RBMXL1"
0.249299896191715,0.810632695033666,0.295,0.224,1,"MTA2"
0.249718258499665,-0.582279949037076,0.197,0.251,1,"ACBD3"
0.249903059840536,0.77408454730528,0.557,0.497,1,"NUDT9"
0.250133435321566,-0.640980427855772,0.459,0.525,1,"DENND4C"
0.25023326020116,0.50489630341055,0.541,0.388,1,"CHMP4A"
0.250304429539194,0.800818140995409,0.426,0.268,1,"GNL2"
0.250349895037945,0.53062177867721,0.672,0.503,1,"PPP1R2"
0.250761322990766,0.502219217390717,0.656,0.623,1,"VPS41"
0.251184139436489,-0.680461633101211,0.361,0.443,1,"SRRM2-AS1"
0.251567406125226,0.690101775060442,0.344,0.268,1,"DLST"
0.251898359466974,0.652501685003624,0.361,0.208,1,"ADSL"
0.251960418734978,0.744137700312236,0.328,0.186,1,"HSPA14"
0.252272730521359,-0.64258091071643,0.754,0.776,1,"PGM2L1"
0.252761058645529,0.620408235786456,0.426,0.333,1,"PKN1"
0.252849757803695,-0.723089396646491,0.18,0.262,1,"STAG3L4"
0.2532540980925,-0.736906960469182,0.492,0.508,1,"ERLIN2"
0.253638308920699,-0.800858362766212,0.721,0.727,1,"TIGD1"
0.25423844599327,0.80739169803381,0.41,0.262,1,"SEH1L"
0.254786625902046,0.535256643011839,0.541,0.514,1,"MRPS27"
0.255256785912379,0.770307843885863,0.311,0.191,1,"HMGCL"
0.255525264431374,-1.01048073966622,0.262,0.262,1,"ZBTB20"
0.255664922188632,0.541122772892546,0.557,0.404,1,"SKA2"
0.256783059148327,-0.654623305144329,0.344,0.437,1,"ANKRD45"
0.257335829380718,1.06582929978861,0.328,0.208,1,"MMP19"
0.257586790896,-0.852730707469676,0.836,0.803,1,"ZNF714"
0.257828153002792,-0.558771897389708,0.639,0.689,1,"WAC-AS1"
0.257928844648751,0.555299653448602,0.492,0.383,1,"SBSPON"
0.258072901742677,-0.850224470759575,0.59,0.639,1,"ZSCAN12"
0.258092881213458,-0.748580204919786,0.41,0.497,1,"RBBP9"
0.258131329561894,-0.519994124149736,0.459,0.41,1,"MAU2"
0.258132959726781,-0.705533959929458,0.689,0.65,1,"NOM1"
0.258241292017899,-0.706031831234347,0.885,0.891,1,"GSTM3"
0.2584318571896,0.737077883448117,0.393,0.23,1,"TM9SF1"
0.258762179999975,-0.69885789820787,0.23,0.251,1,"COG2"
0.259739221806493,0.514459257062598,0.328,0.186,1,"C17orf89"
0.260379245821139,-1.27755406909239,0.213,0.301,1,"POU6F1"
0.260524404461226,-0.554538149405439,0.574,0.557,1,"ALPK1"
0.260540430713948,-0.616846599615555,0.393,0.432,1,"FADS1"
0.260822359526015,-0.955003187392116,0.672,0.689,1,"PPP1R12B"
0.260898705908751,0.593775480691675,0.344,0.213,1,"RBM15"
0.261217455995807,0.597022083660049,0.279,0.295,1,"ADIPOQ"
0.26157182356515,0.515590600293166,0.344,0.24,1,"VBP1"
0.262344489648975,0.768438962367993,0.311,0.191,1,"TLR8"
0.262895884030097,0.619472908225966,0.393,0.322,1,"PRMT10"
0.263432280707973,-1.49971940482893,0.262,0.295,1,"C11orf63"
0.263743350314943,-0.534671011569439,0.377,0.426,1,"UBR5"
0.263883106992701,0.738283820394517,0.361,0.213,1,"ABRACL"
0.264039111448611,-0.544609216614755,0.508,0.585,1,"LOC284865"
0.264618815735199,0.920574456026397,0.279,0.142,1,"ENPP4"
0.26530026187933,-0.605125499601929,0.541,0.634,1,"STX2"
0.265915281128144,1.04823226309926,0.295,0.213,1,"TNFRSF11A"
0.266174126602131,0.575157996022694,0.607,0.454,1,"EAF1"
0.266381714399541,0.966958051634564,0.311,0.328,1,"KIF11"
0.267887569647213,0.604582940711711,0.426,0.268,1,"MRPL13"
0.268091413742571,0.502309318939383,0.721,0.634,1,"CBL"
0.268710608884057,0.664294974691733,0.393,0.24,1,"WDR12"
0.269198356354274,-0.86122431800858,0.213,0.279,1,"ACSM5"
0.270609341186534,0.760235581376051,0.393,0.268,1,"NDE1"
0.270876240965396,0.524039440304586,0.41,0.301,1,"RNPEPL1"
0.271622440713958,1.02595608322467,0.279,0.235,1,"PVR"
0.271763159502904,0.577692582747105,0.475,0.366,1,"N4BP2"
0.271943293988373,0.508663443557173,0.492,0.322,1,"TIMM17B"
0.272573078228807,-0.861136678227257,0.443,0.481,1,"IPCEF1"
0.27289989605751,0.589858182602295,0.443,0.284,1,"LGALS3"
0.273087905401358,-0.669571657245551,0.475,0.437,1,"KIAA2026"
0.274593571745935,0.513381109679587,0.311,0.344,1,"ITGA2"
0.274652337522999,1.02503838710747,0.311,0.197,1,"IP6K1"
0.274785070043977,0.586317768404969,0.525,0.383,1,"SDF4"
0.275004110186533,0.781700664264642,0.279,0.137,1,"DRG2"
0.275713275763958,0.675894053129287,0.443,0.311,1,"C2CD5"
0.276368976002768,-0.545519111597845,0.279,0.372,1,"KLF2"
0.276634189600144,0.600322061840519,0.41,0.301,1,"LRRC41"
0.276642952972718,0.578994480524932,0.344,0.208,1,"C11orf73"
0.276678060223281,-0.844302005584001,0.82,0.803,1,"ZCCHC8"
0.277014018941931,1.01099391393701,0.279,0.142,1,"DNMBP"
0.278589461639065,0.570439337483772,0.738,0.656,1,"AP5B1"
0.278693328192967,0.927991589664743,0.262,0.148,1,"FAM200B"
0.278736399245081,0.506787893648675,0.59,0.47,1,"PRDM2"
0.279369878137089,-0.831279296333186,0.279,0.366,1,"ALKBH4"
0.279623652528688,-0.936166032527595,0.508,0.579,1,"DGKE"
0.280266711002005,-0.505631113149369,0.754,0.634,1,"C3orf33"
0.280944012863804,0.82030329483402,0.262,0.186,1,"CCDC112"
0.280945071925909,-0.541454372056011,0.23,0.279,1,"MOV10"
0.281427290056267,-0.568028470395431,0.311,0.366,1,"NUP188"
0.281756820385842,-0.629114120623657,0.311,0.262,1,"ASMTL"
0.282566665792191,-0.767002784768863,0.672,0.689,1,"AP4E1"
0.28304488835003,-0.684653305952937,0.23,0.251,1,"SETD7"
0.284096962163811,0.691214360403135,0.279,0.197,1,"PPIH"
0.28545877544574,0.639790124954988,0.377,0.23,1,"COMMD1"
0.286218512335622,-0.97141272922739,0.23,0.301,1,"EXOG"
0.287349486645226,-0.505854590131161,0.393,0.311,1,"HBS1L"
0.287413012564908,-0.607220541888524,0.262,0.235,1,"PDE3B"
0.287763908017311,0.743460369184009,0.279,0.158,1,"POP5"
0.288496773884851,0.694615327802388,0.426,0.273,1,"HDAC1"
0.288714722365664,-0.63600655059151,0.344,0.393,1,"LOC374443"
0.290066382144315,0.876138356808862,0.311,0.186,1,"ZNF552"
0.29038060253497,0.679451081895993,0.295,0.169,1,"MTM1"
0.290535257944812,-0.500125958749182,0.541,0.536,1,"TUBGCP2"
0.290972509455444,0.730617643782743,0.344,0.202,1,"SLFN11"
0.291005022511929,0.537406332579227,0.623,0.459,1,"PDIA4"
0.292598973929103,-0.752324572413985,0.262,0.328,1,"LOC285972"
0.293122146885481,0.66525511311085,0.344,0.197,1,"ZDHHC12"
0.29388113275447,1.00794118637873,0.295,0.202,1,"KIAA0922"
0.29601804072073,-0.509553994057048,0.311,0.333,1,"RNFT1"
0.296131931113454,-0.801165227652671,0.475,0.525,1,"TOR4A"
0.296733250860749,0.689362020783479,0.262,0.137,1,"MRPL54"
0.297315440853308,0.817084416817251,0.541,0.432,1,"URB1"
0.297474694262038,0.626284505171665,0.525,0.388,1,"UPP1"
0.297766480221354,0.568128530020021,0.525,0.372,1,"SARNP"
0.298077042401236,0.707619498040238,0.279,0.169,1,"GRAMD4"
0.298438514022233,0.582117718543869,0.623,0.492,1,"CDC5L"
0.298975865301222,-0.706431286653974,0.639,0.552,1,"LINC00346"
0.299454831754092,0.71767285280924,0.328,0.339,1,"CDK19"
0.301089018768488,-0.610316153487575,0.328,0.366,1,"RTTN"
0.301191716093422,0.600768266932494,0.508,0.525,1,"TMEM159"
0.301452942854564,-0.569384002131373,0.443,0.464,1,"NSRP1"
0.301950216151002,0.593026185009564,0.459,0.317,1,"STX10"
0.302251465359506,-0.689673355263961,0.311,0.41,1,"BIVM"
0.302316587641654,-0.644696050418758,0.443,0.426,1,"CAMTA2"
0.303514477262619,0.714220536950429,0.41,0.301,1,"QRICH1"
0.304346017515557,-0.818548717175838,0.246,0.311,1,"HNRNPA1L2"
0.304417291922557,-0.951203309654923,0.328,0.388,1,"MEGF8"
0.304695371935507,0.657573747166159,0.574,0.404,1,"PHB"
0.304842697248721,-0.602262485331881,0.279,0.339,1,"SMIM15"
0.306019169597614,-0.682588014583582,0.836,0.803,1,"DBT"
0.306552512141978,-0.72033590110866,0.246,0.306,1,"MCF2L"
0.306711040056702,-1.13157831313567,0.361,0.41,1,"CDKN2B-AS1"
0.307060436280375,-0.635863337325401,0.623,0.65,1,"LOC441666"
0.307688886075376,-0.512339270719733,0.59,0.667,1,"CYB561D1"
0.307917765252947,-1.08608742734447,0.279,0.366,1,"IL21R"
0.307933879230263,1.16595285611666,0.328,0.24,1,"C17orf77"
0.308233786650882,-0.64026235623022,0.344,0.388,1,"LOC100505495"
0.308887895877735,-0.503073288204223,0.426,0.377,1,"MTMR10"
0.308955188266851,0.538835344943098,0.328,0.279,1,"PHTF2"
0.309393393421455,-0.626559076362784,0.311,0.311,1,"TIAF1"
0.309483982995726,0.730056079117179,0.787,0.738,1,"NXPE3"
0.309753963646943,-0.74996559954527,0.295,0.393,1,"FLJ37453"
0.31148131252456,-1.44781788117499,0.262,0.284,1,"ZNF585B"
0.311719496616057,-1.59542891130512,0.328,0.393,1,"ZNF696"
0.311823871619119,0.524661646495038,0.295,0.273,1,"LOC100131655"
0.311933203116867,0.829107464278534,0.328,0.224,1,"PREPL"
0.312224764810219,0.579457772651184,0.41,0.273,1,"G6PD"
0.313198169529762,0.580480283424109,0.328,0.23,1,"POLR2F"
0.313775398284354,0.861552635454776,0.262,0.175,1,"POLL"
0.3138860447542,-0.614086158442613,0.262,0.279,1,"GPN3"
0.314193818091424,1.20186113974717,0.279,0.202,1,"ANKRD20A19P"
0.314195672880625,0.573130389896584,0.377,0.246,1,"PRPF38A"
0.314896195283903,0.74436103568342,0.279,0.186,1,"DDX26B"
0.314945772363634,-1.24063803174424,0.279,0.344,1,"NKD1"
0.315052618514725,-0.578718257677878,0.246,0.279,1,"PLA2G16"
0.315117022072413,0.674249588240694,0.361,0.251,1,"CASP3"
0.316080759240031,0.539435920156432,0.344,0.262,1,"PPIL3"
0.317018964026567,-0.987263704447953,0.246,0.262,1,"WDR36"
0.317245558049916,-0.871086845109965,0.426,0.415,1,"FMNL1"
0.317254766276278,-0.622204164692489,0.459,0.459,1,"RBM19"
0.3179614577879,-0.609073719959198,0.443,0.519,1,"ALDH1L2"
0.318122460627389,-0.927385770834659,0.295,0.361,1,"DENND5B"
0.319460154724235,-0.806926665150478,0.525,0.448,1,"ZNF561"
0.319486897022379,-0.51751746957472,0.607,0.639,1,"EML4"
0.319496798826892,0.546100158727132,0.475,0.344,1,"IQSEC1"
0.319727829728884,0.684045361191493,0.443,0.284,1,"TIMM17A"
0.321743084459342,0.678602574026488,0.59,0.607,1,"BMP8A"
0.322061872693809,-0.502174577050131,0.197,0.273,1,"LOC643401"
0.322822149430724,0.761785820449792,0.328,0.202,1,"C12orf10"
0.323796421408316,0.503496754711147,0.328,0.202,1,"ISG15"
0.323806913063424,0.516671520025118,0.246,0.284,1,"ALDH8A1"
0.324004962368678,-0.542596720846437,0.607,0.689,1,"CC2D2A"
0.324567565204649,-0.766894917403711,0.672,0.727,1,"ATP6V0A2"
0.325087313286253,1.74477951068124,0.262,0.246,1,"DISC2"
0.325467463915737,-0.50593000027031,0.279,0.317,1,"MBD1"
0.325773847736324,0.657536254864427,0.377,0.24,1,"IRF3"
0.326788806939327,-0.505381462579792,0.41,0.481,1,"IKZF3"
0.327834697010078,0.710824990928125,0.279,0.175,1,"PDCD2"
0.32886511739396,-0.814432438133938,0.459,0.53,1,"WDR5B"
0.330255388237605,-0.595363357687417,0.213,0.251,1,"REST"
0.331559052527809,0.545403177313793,0.279,0.164,1,"ZCCHC9"
0.332089608017685,0.538825372060582,0.377,0.322,1,"PPFIA1"
0.333134884961821,0.528338472637212,0.279,0.164,1,"FTSJD1"
0.333198359867117,0.569551168048208,0.475,0.317,1,"DYM"
0.333327997922749,0.562394749339418,0.557,0.475,1,"GIMAP1"
0.334034073751818,0.626602322936983,0.262,0.142,1,"CLN6"
0.334159409535142,0.586976891104404,0.377,0.246,1,"NAA60"
0.33471793819431,-0.514376129734344,0.639,0.645,1,"ALDH3B1"
0.334971187902973,-0.847087554148966,0.459,0.519,1,"TNFSF15"
0.33513442971761,0.835952523312779,0.295,0.164,1,"SDC2"
0.337030179057528,-1.07935129071545,0.344,0.383,1,"SUV39H2"
0.338199531948444,0.519536049990109,0.262,0.148,1,"KIAA0391"
0.339185954749669,0.897441464117924,0.262,0.142,1,"ANKRD39"
0.33933252754071,-0.723283096765706,0.246,0.301,1,"LOC100506730"
0.33944928879482,-0.617917519492082,0.443,0.47,1,"TRAF6"
0.339759614743,0.63016936017208,0.262,0.164,1,"BRCC3"
0.340825247443498,-0.707092522233603,0.295,0.361,1,"SPATA6"
0.341442753692502,0.665367004860909,0.377,0.246,1,"C1orf123"
0.341488867261131,0.665140936131284,0.705,0.617,1,"NICN1"
0.341741496262405,0.528675769703232,0.344,0.322,1,"AGO1"
0.342045257969019,-0.600741143028951,0.262,0.295,1,"GIMAP5"
0.342854179519799,0.514883658293564,0.475,0.344,1,"IER3IP1"
0.343081701666103,0.613122110114186,0.607,0.454,1,"SFPQ"
0.343689386297099,0.627900009315825,0.295,0.18,1,"WIBG"
0.344065508312309,0.510932096381681,0.459,0.306,1,"CYB5B"
0.344074511577713,-0.557313812435485,0.311,0.311,1,"SERPINE1"
0.344682705779864,-0.786174732464018,0.295,0.29,1,"LOC100507117"
0.347450917017417,0.605715718359021,0.459,0.372,1,"FOXN2"
0.34824265238859,0.653999283631483,0.295,0.18,1,"B4GALT3"
0.348275786796989,0.634681758682631,0.393,0.273,1,"RALB"
0.348870671395633,0.646187801131525,0.279,0.164,1,"NUCB2"
0.352419554372427,0.537525973481853,0.377,0.322,1,"LOC100131691"
0.353110456479537,0.582120161077751,0.23,0.257,1,"TTC28"
0.353132484965752,0.518281205159868,0.262,0.273,1,"TMEM144"
0.353878066887633,-0.50933693199644,0.574,0.601,1,"TMEM50B"
0.354141360746408,-0.535652617162266,0.344,0.339,1,"FHOD1"
0.354813654990809,0.877549149535167,0.262,0.175,1,"EHD1"
0.355565909412396,-1.18487210934417,0.426,0.486,1,"PLXDC1"
0.355805454012363,-0.575420480714603,0.705,0.705,1,"KIAA1609"
0.355945535642369,0.580876396855449,0.459,0.35,1,"RAB18"
0.356445362487642,0.612436830275135,0.377,0.24,1,"DUT"
0.357356369423085,-0.574771187930443,0.213,0.257,1,"KHSRP"
0.357990639919249,-0.515644017814217,0.459,0.47,1,"POFUT1"
0.358681321958064,0.585452314769834,0.459,0.393,1,"PPP2R1B"
0.358826353656596,0.603436376202711,0.443,0.322,1,"RNF2"
0.35911134932996,0.594284963275918,0.328,0.191,1,"CPEB3"
0.359866326902564,-0.53271946963341,0.41,0.492,1,"C14orf105"
0.359889427206339,0.545414443581498,0.262,0.208,1,"GRAMD1A"
0.361200160077921,0.771594444142514,0.295,0.18,1,"MYCBP"
0.361902715122666,0.539316528427207,0.426,0.295,1,"TNFAIP8L2"
0.362083866536139,-0.808488556504818,0.23,0.322,1,"DDX58"
0.363504587127082,-1.01681868758289,0.197,0.268,1,"ZNF204P"
0.365644401569387,1.41900797379275,0.311,0.186,1,"GSK3B"
0.365749309249193,0.5493747777749,0.803,0.689,1,"GCLM"
0.366371082039223,-0.637794360720288,0.295,0.35,1,"LOC256880"
0.366584165950135,-1.16981063418087,0.295,0.339,1,"MANSC1"
0.367250451199579,-0.514777515843651,0.426,0.366,1,"PPIL2"
0.367452976714189,-0.915382317309631,0.213,0.295,1,"ZFP64"
0.368519430640922,0.582177658751329,0.328,0.24,1,"FAM219B"
0.369037215448562,0.586511654708174,0.475,0.355,1,"ACTR10"
0.369241041121407,0.678452134973428,0.475,0.372,1,"CR1"
0.369504370780832,0.609088841747788,0.361,0.213,1,"THOC6"
0.369820838663518,-0.567691194204781,0.279,0.295,1,"MLLT10"
0.370069505363928,0.526285701431619,0.459,0.35,1,"DGKA"
0.370333094034886,0.505658877640305,0.393,0.279,1,"GPR83"
0.371315562987293,0.770199612623679,0.328,0.355,1,"CEP44"
0.372095078210198,0.522042899002555,0.344,0.219,1,"NOD2"
0.372243784864866,-0.970574704798366,0.213,0.284,1,"KIAA1324L"
0.372283991904944,-0.573483774935161,0.738,0.705,1,"ITPRIPL2"
0.372610200379159,0.507010510310803,0.279,0.251,1,"RHBG"
0.372753820481533,0.71797845635227,0.311,0.235,1,"SCLT1"
0.372785751526803,0.685705573814118,0.328,0.366,1,"F3"
0.373783148151345,-0.523363561909537,0.393,0.415,1,"IKZF1"
0.374038682723036,0.774455474009637,0.393,0.284,1,"HERC4"
0.374375105797534,0.556645916935928,0.508,0.393,1,"MADD"
0.376168922585769,-0.699103388368269,0.738,0.694,1,"UBN2"
0.37624314140382,-1.09196628342711,0.295,0.279,1,"GINS1"
0.376460367224862,-0.527424179841095,0.246,0.301,1,"SLC18B1"
0.376700898418935,0.695401175615622,0.377,0.235,1,"FAM136A"
0.376768024510808,0.574915641598142,0.459,0.317,1,"METTL23"
0.377867728932307,0.665796157463673,0.525,0.421,1,"IMPDH1"
0.378687901354159,-0.611915309111537,0.377,0.383,1,"FAM53B"
0.378710761806376,-0.771548618397932,0.246,0.317,1,"CSNK1E"
0.379370599144773,0.540500816768005,0.557,0.388,1,"LOC644936"
0.381336391433648,0.856188460601901,0.279,0.246,1,"BRWD3"
0.381540649555608,0.691838507340717,0.361,0.219,1,"COMMD8"
0.382371599841876,0.552874907302376,0.59,0.464,1,"HIPK2"
0.384166311533611,-0.815951556685671,0.246,0.279,1,"BNC2"
0.384419857976448,-0.58995958132992,0.279,0.322,1,"KDM2B"
0.3861439013046,0.532882788893117,0.328,0.24,1,"MARK2"
0.386760930718834,-0.647494797743932,0.262,0.29,1,"ING4"
0.386807609306443,-0.899960944075327,0.279,0.372,1,"LOC648987"
0.386865563804482,-1.04185205030918,0.328,0.377,1,"NR2C1"
0.386893809915778,0.764433240007337,0.377,0.262,1,"MKKS"
0.386964422548796,-0.507402084023455,0.377,0.388,1,"PMPCB"
0.387513728415194,1.67125711963695,0.295,0.23,1,"RAB11FIP4"
0.387995028318778,0.598029200724845,0.492,0.454,1,"NIT1"
0.39229685878137,0.837085290149698,0.295,0.164,1,"CIAPIN1"
0.392487658227139,0.796984972427233,0.328,0.284,1,"BEND2"
0.392673419556979,-0.521793418584065,0.393,0.421,1,"APOPT1"
0.392793636867484,-0.505134717908497,0.852,0.874,1,"GDPD1"
0.394911384747265,0.509999677963939,0.262,0.24,1,"LOC100133161"
0.394998580898198,-0.589114483016987,0.82,0.836,1,"CEP104"
0.395351020861128,0.709875377744018,0.295,0.175,1,"MRPS14"
0.395769267407248,0.555577766502136,0.787,0.738,1,"NFKBIB"
0.396706900408614,-0.519291509520765,0.443,0.437,1,"GLS"
0.397936826873239,-0.586150991997889,0.246,0.268,1,"C20orf203"
0.398163944209776,0.513537958586249,0.426,0.306,1,"ACP2"
0.399202496027194,0.569371369969143,0.377,0.251,1,"LOC100130476"
0.3999688448539,-0.515572906651553,0.279,0.311,1,"POM121C"
0.400052714667128,-0.931746613792532,0.459,0.53,1,"ZNF708"
0.400548443128526,-0.629108865258194,0.393,0.437,1,"TMC7"
0.400699413164146,0.643680751150408,0.262,0.169,1,"KIAA0586"
0.400758930450409,0.549898612914522,0.311,0.219,1,"SLC5A3"
0.401052753859828,0.897858404500991,0.328,0.219,1,"DCUN1D5"
0.401547837941442,0.633328732484251,0.377,0.273,1,"SAMM50"
0.40235447141601,0.824232595254303,0.262,0.164,1,"CRIPAK"
0.403023645095071,0.705832115331796,0.41,0.306,1,"PLBD2"
0.403342784898665,-0.711516033754063,0.377,0.366,1,"HECTD1"
0.404083473477442,0.525272579283353,0.328,0.251,1,"ZNF674-AS1"
0.405489895351813,0.751668553827937,0.393,0.339,1,"TGFB1"
0.406370768072089,-0.50929971771089,0.295,0.322,1,"DERA"
0.407002253941694,0.853771359766521,0.426,0.421,1,"WDR76"
0.4070115905619,-0.556929365775019,0.328,0.35,1,"ATF5"
0.407120897496942,-0.569961280502582,0.295,0.311,1,"BTBD1"
0.407803798909819,0.581582374297448,0.377,0.24,1,"POLR2C"
0.407965830071881,0.72286837973319,0.295,0.213,1,"ALMS1"
0.407990029539934,0.682255367267637,0.311,0.246,1,"RP1-177G6.2"
0.408488504358894,-0.692109576896191,0.59,0.634,1,"ZHX3"
0.409884117934801,0.510189166087735,0.918,0.918,1,"FAM126B"
0.410101866596829,0.546510852344621,0.311,0.191,1,"PDIA3P"
0.41013492076044,0.528204625019036,0.492,0.475,1,"FZD4"
0.410788983716263,0.585496481333527,0.311,0.18,1,"RNASEH1"
0.41119206242383,-0.512729650649749,0.328,0.383,1,"EPG5"
0.411471262615144,-0.550807501948725,0.23,0.301,1,"YARS2"
0.41156185784758,0.732589727791211,0.344,0.208,1,"TSTA3"
0.413864246204502,0.614327538432033,0.361,0.279,1,"RPE"
0.414156765499914,0.671803103322447,0.311,0.219,1,"RNF185"
0.414597691458173,0.524556943601194,0.443,0.35,1,"AKR7A2"
0.416469209890815,0.829890453298849,0.393,0.268,1,"CACNA2D4"
0.416633127390803,0.580864254349457,0.59,0.568,1,"PKNOX1"
0.416873463485446,0.64411696409479,0.426,0.41,1,"DAPP1"
0.417473163344877,0.587525626199913,0.59,0.525,1,"NDUFAF7"
0.418823921520382,0.753270759069013,0.262,0.148,1,"ZMAT5"
0.419211129995145,0.63532011337355,0.443,0.295,1,"RBBP7"
0.419507426786509,0.546105074349193,0.426,0.301,1,"COPS7A"
0.42031129034771,0.554714899894408,0.377,0.246,1,"PMF1"
0.420939639309401,0.59909088417126,0.279,0.191,1,"CYB5D1"
0.421104686509494,-0.734080075521512,0.23,0.279,1,"FAM76A"
0.422381687009326,0.755449623007003,0.246,0.257,1,"MMAB"
0.422733410807143,0.629371035239946,0.295,0.175,1,"FBXO28"
0.423909377374999,0.650707988421869,0.262,0.202,1,"ZNF384"
0.42436858569222,0.620242887041874,0.41,0.29,1,"MCMBP"
0.424505533197061,0.833832318802667,0.262,0.169,1,"SLC38A6"
0.425886047152565,0.5635474696524,0.328,0.208,1,"TMEM115"
0.426716848681981,-0.622643340408686,0.262,0.301,1,"CDC14C"
0.427898646555464,-0.975516132116877,0.279,0.279,1,"KIF3B"
0.427946667261995,-0.517049578081584,0.262,0.333,1,"GPX8"
0.428328468233452,0.646973402302911,0.541,0.393,1,"ZNF217"
0.428519261835233,-0.641610205928824,0.213,0.257,1,"FAM78A"
0.428795053224284,0.777974927741804,0.361,0.284,1,"RFWD3"
0.429374889921795,0.564406734980476,0.475,0.344,1,"HK3"
0.429470820596963,0.585405902778931,0.262,0.158,1,"PRR14"
0.429628895716344,0.522604067357112,0.508,0.421,1,"ZNF410"
0.431594567657812,-0.509182844291226,0.393,0.454,1,"C1orf229"
0.43161274107683,-0.691455585282051,0.607,0.639,1,"ZNF117"
0.432760335506686,0.505876679776878,0.426,0.284,1,"DHRS4"
0.432914962884264,-0.736829850743785,0.23,0.284,1,"LINC00667"
0.434670367774868,0.685239423574983,0.426,0.475,1,"ZNF549"
0.434921289795112,-1.15339344698437,0.328,0.328,1,"DBR1"
0.435193162294433,-0.698609503534596,0.361,0.393,1,"ADAMTS17"
0.436956981905958,0.719813917920939,0.344,0.235,1,"RIPK1"
0.437440586146786,0.532180021666009,0.426,0.339,1,"PAQR8"
0.437917794210441,0.513139638993547,0.574,0.475,1,"SEC63"
0.438179675073915,-0.612371914061864,0.197,0.262,1,"SAMD4B"
0.438627487061885,0.544271636492498,0.344,0.219,1,"MSRA"
0.439001996308917,0.540809992611503,0.508,0.448,1,"SERF1B"
0.441591104223741,-0.655687260569902,0.459,0.448,1,"ADAMTSL2"
0.441711162861348,0.690557398156228,0.508,0.388,1,"ZNF480"
0.442379459798648,-0.517277801191285,0.525,0.585,1,"ALDH1B1"
0.443510652223941,-0.578583126524506,0.279,0.273,1,"RBM26"
0.44693958820545,0.667098270851806,0.574,0.454,1,"FRMD8"
0.448088486168373,-0.562374568258187,0.311,0.246,1,"VEZT"
0.449092660789954,-0.580279821988706,0.295,0.295,1,"CREBZF"
0.450609046240268,-0.949880804071379,0.279,0.284,1,"LINC00578"
0.451163242358727,0.625389866691179,0.361,0.224,1,"PMPCA"
0.451680711094214,-0.647665796890714,0.607,0.557,1,"JAM2"
0.452324145960276,0.595036758030561,0.328,0.24,1,"SLC9A7P1"
0.453352055353073,0.703793784036432,0.41,0.437,1,"KATNAL1"
0.454284594671845,0.71620416936996,0.295,0.197,1,"ELMOD2"
0.457289175413873,0.782216908564908,0.361,0.23,1,"FOXK2"
0.457567074065682,0.559832965370763,0.328,0.251,1,"PSMD10"
0.458509632160081,0.614204080137144,0.311,0.202,1,"MFSD8"
0.460576002625375,0.743411945957401,0.279,0.164,1,"MRPS11"
0.46098304974279,0.842676380880358,0.475,0.437,1,"KLHL8"
0.464659683986429,0.509989274409744,0.262,0.153,1,"TMEM126A"
0.467036355926497,0.542465459999415,0.475,0.388,1,"TIPRL"
0.467652777585953,0.518975972000256,0.295,0.208,1,"CCDC57"
0.4681949935625,-0.547034078321128,0.279,0.29,1,"MYBBP1A"
0.468373260191258,0.535642711865504,0.328,0.219,1,"PLGRKT"
0.470828182994777,-0.818228942270032,0.426,0.372,1,"APOLD1"
0.471879620919223,0.80436588392786,0.295,0.164,1,"ATL3"
0.473056061909811,0.679579999262448,0.311,0.186,1,"SEC24D"
0.47539564596119,0.630089914378225,0.344,0.219,1,"MTX1"
0.477420818006493,0.545048370894403,0.508,0.383,1,"VPS37A"
0.477749271251716,0.537241028950892,0.328,0.213,1,"NSMCE1"
0.478416203722703,0.579981901587714,0.41,0.284,1,"SCYL2"
0.478625628980805,0.730853084962307,0.295,0.186,1,"LAS1L"
0.47939072085512,0.561820458596509,0.836,0.798,1,"NUDT19"
0.479530631776435,0.631404449861759,0.311,0.191,1,"COASY"
0.480057454524159,0.557227737734974,0.508,0.399,1,"SMC1A"
0.480455149759576,0.832621767757965,0.279,0.18,1,"SH3PXD2B"
0.481505815206893,0.528285094149575,0.279,0.191,1,"DENND2D"
0.481891949294873,-0.5069197106772,0.459,0.47,1,"FTX"
0.482200474463259,0.634897823212132,0.443,0.432,1,"PHACTR2"
0.482470006887479,-0.67961694570065,0.246,0.279,1,"EZH1"
0.484496208124706,0.897890878068675,0.262,0.197,1,"ARHGEF3"
0.485652802286758,-0.51233018707175,0.41,0.421,1,"RNF111"
0.488185121780633,0.824064913489325,0.393,0.372,1,"C19orf12"
0.489501316786991,0.594186282598383,0.311,0.202,1,"TYW1"
0.489585176384882,0.548218124348864,0.541,0.437,1,"BMPR2"
0.490353824731177,-0.502920090626449,0.361,0.377,1,"MKRN1"
0.492087637770421,-0.545785162675016,0.639,0.667,1,"ZNF528"
0.493075990326495,-0.64360835733361,0.344,0.388,1,"KANSL3"
0.493880702098827,0.574046918660573,0.279,0.202,1,"LONP1"
0.494099117408677,0.502983789851527,0.475,0.35,1,"FBP1"
0.49438399813265,-0.710244990968073,0.279,0.301,1,"SNX8"
0.494734508160364,-0.543867572606884,0.77,0.76,1,"MGC27345"
0.494774479481209,0.564475895903354,0.328,0.328,1,"FHAD1"
0.494871811426014,0.624435439103553,0.344,0.251,1,"KBTBD8"
0.495655962062935,0.608875063956034,0.295,0.191,1,"SH3BP5-AS1"
0.495997755060712,0.641058711714172,0.344,0.268,1,"GNAQ"
0.496209785948615,0.638023028886052,0.328,0.262,1,"ZC3H12A"
0.496879528732073,0.8476361233383,0.311,0.23,1,"ZNF253"
0.497671713604336,1.45812227340164,0.295,0.219,1,"SEMA5A"
0.497857897227057,0.961564841882723,0.279,0.169,1,"CUL4B"
0.498910127174344,0.507476291919886,0.279,0.18,1,"ZNF664"
0.502077075942366,0.520815223115065,0.295,0.191,1,"EBNA1BP2"
0.503682534647105,0.569961693217487,0.344,0.219,1,"POP4"
0.504465538016955,-0.525451758009354,0.328,0.262,1,"GPKOW"
0.504701346305457,-0.73707603685871,0.656,0.634,1,"NLN"
0.505056904216137,0.512720171873272,0.295,0.175,1,"CARKD"
0.505104960131901,-0.537170972360361,0.426,0.497,1,"LOC284276"
0.505801257724466,0.537942927612939,0.59,0.53,1,"KIAA1467"
0.505838937466641,0.839924309024233,0.262,0.153,1,"PPP5C"
0.50697713864241,0.722966735243895,0.344,0.235,1,"C11orf30"
0.507314625881381,0.552199941925402,0.311,0.23,1,"TP53INP2"
0.509315356136047,0.570449320598175,0.279,0.24,1,"STRIP1"
0.510367001318028,0.816807870396718,0.279,0.169,1,"RNASE1"
0.511064110326953,-0.723180979055632,0.475,0.503,1,"MYEF2"
0.512323987561005,0.625372088841854,0.295,0.213,1,"PIK3CB"
0.512797732277828,-0.77542222557413,0.689,0.689,1,"BCKDHB"
0.513141411365725,-0.635496922903402,0.246,0.262,1,"CCND2"
0.515272896927071,0.618504277479772,0.262,0.164,1,"CCDC18"
0.516474739319855,-0.86764405233193,0.41,0.426,1,"ARSK"
0.519165260917069,-0.645671098324996,0.246,0.279,1,"LOC100130231"
0.520548527934383,0.516249599345012,0.361,0.279,1,"WDFY1"
0.521177693068245,-0.676610372117825,0.197,0.251,1,"SPNS2"
0.522682450852922,0.600788813173639,0.344,0.213,1,"UNC45A"
0.522713228234815,0.501168977325178,0.525,0.388,1,"CAPNS1"
0.523146170363577,-0.580082156136552,0.246,0.251,1,"IMPACT"
0.523693403346492,0.50522134734002,0.508,0.475,1,"ARSD"
0.524201717913432,-0.542137832756726,0.23,0.268,1,"BAP1"
0.52477898070893,-0.615846897788365,0.262,0.306,1,"HIAT1"
0.525389980066913,-0.718898439466058,0.443,0.508,1,"DUSP19"
0.527101159702595,-0.693312728940839,0.279,0.317,1,"CHERP"
0.528134759535427,-0.597004238315232,0.279,0.273,1,"RUNX1-IT1"
0.528340780948328,0.655600041127737,0.295,0.235,1,"MAPK6"
0.528803915738714,-0.59510983933798,0.623,0.639,1,"F2R"
0.529133574740855,-1.21813115894769,0.262,0.295,1,"FUT4"
0.529215715095144,-0.842346407746831,0.754,0.721,1,"CSNK1G1"
0.529337708925634,-0.69458587789284,0.361,0.383,1,"AMFR"
0.530368844956606,-0.52481697888757,0.262,0.251,1,"PCNT"
0.53076675101111,-0.600120366989767,0.262,0.257,1,"HDAC6"
0.530876804960034,-0.606270791300587,0.328,0.377,1,"GPR1"
0.531001328350112,0.610065654045737,0.295,0.191,1,"C6orf47"
0.532794250198391,0.643887301208045,0.377,0.273,1,"VPS45"
0.534724970451656,-0.587736319263445,0.23,0.251,1,"ZUFSP"
0.536331512028403,-0.511547776847793,0.508,0.53,1,"SREK1"
0.53811741308735,-0.546507572345902,0.705,0.689,1,"ZNF554"
0.541505165311926,-0.691968297731849,0.23,0.251,1,"LRRC37A3"
0.541978691328358,0.507011335484185,0.295,0.262,1,"TRIM56"
0.545021809392658,-1.12892903040939,0.262,0.295,1,"CHDH"
0.545430444047503,0.509435741402593,0.426,0.35,1,"ELL"
0.547441926149571,0.580919897076681,0.279,0.175,1,"SHMT2"
0.548094906292405,0.604494503768975,0.377,0.251,1,"ASCC1"
0.549021493015875,-0.756399780837707,0.279,0.322,1,"FBXW8"
0.549684111865921,0.54783526036054,0.459,0.322,1,"TXN"
0.550534485421753,0.532310425666115,0.311,0.311,1,"MYO5C"
0.553849348049403,-0.500883237239405,0.295,0.295,1,"HS1BP3"
0.553951808310321,0.574204159094743,0.475,0.328,1,"PLOD1"
0.555113056956454,1.16787469747551,0.262,0.175,1,"CENPH"
0.555524874202878,-0.639607707164009,0.852,0.825,1,"HEATR5A"
0.557107002635678,-0.606790581432638,0.377,0.426,1,"FRMD6-AS1"
0.557117942859478,0.501010749278576,0.41,0.404,1,"PKD1"
0.557897716329807,-0.80820623580079,0.443,0.448,1,"PDCD7"
0.558530846858558,-0.800405199371985,0.361,0.377,1,"TAF1A"
0.560510962954276,-0.603044916908891,0.328,0.344,1,"LRRC37A"
0.566534201871486,-0.559389518902108,0.443,0.443,1,"BOLA3-AS1"
0.567531425343777,-0.87035103267231,0.426,0.464,1,"RAB3IP"
0.567696394978888,0.554885283578474,0.41,0.29,1,"GPR107"
0.568299839236448,0.543544737285073,0.344,0.219,1,"UBASH3B"
0.569053627838537,-0.559903220448446,0.672,0.71,1,"FASTKD2"
0.56943657044311,0.590330306077925,0.361,0.262,1,"TMEM45B"
0.570386439683403,-0.699139542631079,0.623,0.661,1,"LOC388692"
0.572759600130379,0.741909653364887,0.279,0.158,1,"SLC16A10"
0.573894888318902,0.904889426186565,0.279,0.186,1,"ZRANB1"
0.574200091646779,0.697938784141647,0.311,0.213,1,"TMEM69"
0.575568223559684,-0.526637671371504,0.525,0.536,1,"GMEB1"
0.575756268307406,0.687933183722394,0.361,0.328,1,"RAD54B"
0.57624938983338,-0.705738110390577,0.475,0.475,1,"C22orf29"
0.57813783026892,-0.586979422715834,0.361,0.399,1,"MYO6"
0.578575795305841,-1.48822820756639,0.279,0.301,1,"SLC30A4"
0.578732080477898,0.576078937173888,0.311,0.213,1,"STRN4"
0.579656968007372,0.527271888702742,0.262,0.164,1,"MRPS2"
0.581046132284276,0.678933888384129,0.426,0.333,1,"USP39"
0.581985399932766,-0.804948444066849,0.262,0.219,1,"GCNT2"
0.582010156019345,-0.63216262743579,0.246,0.284,1,"NXNL2"
0.585858229985994,-0.672807834505442,0.475,0.492,1,"ZNF765"
0.589247277957198,0.679754260507862,0.541,0.448,1,"AHI1"
0.59100313495957,-1.27129078003437,0.41,0.426,1,"TRAM2"
0.59107498286532,-0.535749529918819,0.541,0.546,1,"ZNF91"
0.594690974310623,0.556514078551309,0.377,0.262,1,"COPS8"
0.595287127155417,-0.53682943087617,0.344,0.333,1,"SYS1"
0.595862742613301,-0.971743027772416,0.328,0.344,1,"MESTIT1"
0.596732778800469,0.742188985864277,0.459,0.399,1,"CEP19"
0.60002098559879,0.592047505666468,0.279,0.202,1,"ZNF815P"
0.600031566749527,-0.529843895943686,0.656,0.645,1,"TBC1D20"
0.60052922257001,0.548934890069999,0.262,0.191,1,"ANKMY1"
0.601331228964913,-0.564562512486338,0.607,0.65,1,"PHYHD1"
0.601532416554554,-0.884832755036407,0.295,0.35,1,"HTR7P1"
0.6018288337175,-0.505294971953448,0.672,0.672,1,"ABHD15"
0.603846883611044,0.507189174431437,0.377,0.251,1,"MTHFD1"
0.609855797629229,0.500441052101767,0.344,0.262,1,"DYDC1"
0.613641067129273,0.598919081289768,0.262,0.153,1,"TMEM199"
0.615676592103783,0.581087964520915,0.279,0.224,1,"CDK5RAP2"
0.618694740567268,0.620944419761323,0.377,0.328,1,"NUDT4P1"
0.620392004784251,-0.531743481865284,0.361,0.344,1,"USP7"
0.62116499868121,0.503670586105003,0.279,0.208,1,"EEFSEC"
0.623349958271248,0.521042988027935,0.41,0.366,1,"ATXN3"
0.631332587367902,0.557995581767604,0.328,0.339,1,"TPTE2P5"
0.635053433261945,0.559061324055445,0.377,0.251,1,"PAPSS1"
0.63788703622854,0.680407543159956,0.262,0.175,1,"MRPS18C"
0.639278998019168,-0.788448750708258,0.541,0.557,1,"TMEM236"
0.6419218425365,-0.621583153168662,0.525,0.503,1,"UG0898H09"
0.642038420089046,-0.506296931401074,0.475,0.47,1,"ZNF321P"
0.642769679149952,-0.582296682668903,0.262,0.235,1,"MICA"
0.643264970486987,-0.545864633729957,0.262,0.262,1,"DHX16"
0.646650278213922,-0.761699476625951,0.246,0.29,1,"SYNE1"
0.646695120323218,-0.617430043543632,0.623,0.601,1,"MPV17L"
0.653797875683213,0.684046232305457,0.279,0.197,1,"ALDH7A1"
0.656837741534392,0.68894785265177,0.311,0.202,1,"FDX1"
0.662009489402651,0.507460509071634,0.328,0.284,1,"SMUG1"
0.662886665239374,0.547603758994621,0.344,0.311,1,"ZNF461"
0.664505718568188,0.554199460220938,0.311,0.224,1,"DRAM1"
0.672783428234376,-0.741190054853434,0.508,0.514,1,"PRELID2"
0.673343443288137,0.563525247055617,0.262,0.175,1,"COQ4"
0.678126017575589,-0.774737663901291,0.328,0.328,1,"RAD23B"
0.681811428427391,0.78100026151472,0.295,0.24,1,"TRDMT1"
0.682664310979653,0.764451975965963,0.541,0.546,1,"C3orf70"
0.684090517122575,-0.980596786199589,0.344,0.361,1,"ZNF70"
0.69332963881266,-0.503950375586839,0.459,0.459,1,"RERE"
0.693335101340133,0.699957424552343,0.492,0.432,1,"MSS51"
0.695022064973907,-0.557476632879956,0.279,0.257,1,"RRAGC"
0.695964560988288,0.610999350922227,0.279,0.18,1,"SLMAP"
0.701155396491349,-0.539185853060325,0.279,0.301,1,"SLC19A1"
0.705696528771785,0.503772679775352,0.344,0.279,1,"LOC349196"
0.711500113329723,-0.529539917171463,0.377,0.388,1,"EFR3B"
0.71333846819865,-0.628016388628269,0.262,0.246,1,"EFCAB2"
0.714041831822669,-0.503405251023837,0.574,0.546,1,"FLT1"
0.716867863569182,0.517268988624382,0.262,0.191,1,"PRPS1"
0.718252470450098,0.5039442944244,0.262,0.202,1,"DND1"
0.719815375674613,0.508368565286382,0.443,0.333,1,"IARS"
0.721504627182522,-0.534079284448572,0.279,0.295,1,"PBLD"
0.723174972126755,-0.540856037415242,0.262,0.284,1,"IFITM10"
0.724694504614142,0.505708864243739,0.443,0.355,1,"DZANK1"
0.729056781328073,0.509802068965599,0.393,0.284,1,"ZFAND3"
0.73826503098567,0.569862158748549,0.344,0.246,1,"AFG3L1P"
0.747063507847632,0.583147584912524,0.262,0.18,1,"CCDC28A"
0.751448387468242,-0.572432141157529,0.328,0.29,1,"TRRAP"
0.76375033531107,-0.502045636101215,0.344,0.328,1,"ARFGEF1"
0.768461261872913,0.700132456851878,0.279,0.257,1,"PLD6"
0.769628069142809,-0.509077398338839,0.705,0.699,1,"HCG11"
0.781052186040314,-0.518011296991251,0.393,0.328,1,"MCC"
0.781877846268359,0.55873169220373,0.295,0.197,1,"TSC22D4"
0.784783055258673,-0.656783935968847,0.426,0.393,1,"LPGAT1"
0.796236580098448,0.63794921126004,0.262,0.224,1,"COL6A4P2"
0.801146648842135,0.579188977416947,0.279,0.208,1,"PARP6"
0.80815613915082,0.568792859971775,0.262,0.191,1,"SPICE1"
0.812908931177208,-0.571309051152785,0.344,0.328,1,"IRGM"
0.819028522499666,-0.614649850941416,0.262,0.257,1,"DCDC5"
0.822150212021272,0.640934667037798,0.295,0.251,1,"CACNB2"
0.822255220994541,0.527372316102333,0.279,0.191,1,"SMARCAD1"
0.837980320239593,-0.580621762957757,0.443,0.443,1,"UVSSA"
0.842947644429352,-0.81105905552076,0.393,0.404,1,"ELOVL7"
0.843744937608351,-0.61958957902514,0.295,0.24,1,"ANKIB1"
0.849313091382728,-0.586897851543003,0.295,0.295,1,"GRASP"
0.870009853608539,0.792045642039847,0.295,0.284,1,"GLB1L"
0.877744202886339,0.578587772833942,0.262,0.18,1,"C19orf48"
0.878705772647211,0.502109585538217,0.279,0.279,1,"ZNF514"
0.918454885185261,-0.744872275268949,0.344,0.322,1,"USP46"
0.918776698716617,-0.550626014398547,0.574,0.563,1,"CCBP2"
0.938829806202673,-0.510812704184167,0.426,0.415,1,"SMA4"
0.945374476899777,-0.514699114138864,0.344,0.29,1,"FLJ12825"
0.949736599124851,-0.561466052162188,0.377,0.317,1,"C8orf37"
0.953902641364171,-0.701716651981158,0.262,0.262,1,"ZNF618"
0.971711624654048,0.505350722502177,0.475,0.443,1,"ZNF252P"
0.972994188729226,-0.644033296075332,0.525,0.514,1,"STON2"
