"p_val","avg_log2FC","pct.1","pct.2","p_val_adj","gene"
4.99680562180511e-07,1.18923397851933,1,0.691,0.0118354337958076,"SLC1A2"
6.04893036879161e-07,2.48096184913535,0.741,0.16,0.0143274964715198,"OLIG2"
1.96550463158685e-06,1.36402157390695,0.926,0.383,0.0465549427037662,"FABP7"
2.75518155266056e-06,2.06243025496629,0.704,0.173,0.0652592302563179,"ASGR1"
3.34472102014238e-06,1.40032148520431,0.963,0.568,0.0792230620830924,"FGFR2"
7.40761266152258e-06,4.30751964435592,0.407,0.012,0.175456713500824,"SLC16A11"
9.02009768866484e-06,2.05736241505247,0.741,0.259,0.213650033853715,"RDH5"
9.05019646535385e-06,1.6079680017393,0.815,0.296,0.214362953478371,"HS6ST2"
1.25914762989772e-05,-1.57899164905649,0.407,0.79,0.298241707617573,"GPR124"
1.70975619738782e-05,1.64028129962493,0.889,0.383,0.40497285291328,"OLIG1"
1.79751471291923e-05,0.984821012666665,1,0.741,0.42575933490205,"TUBB2B"
1.96115547571874e-05,-1.51231752846509,0.37,0.778,0.46451928597874,"CP"
2.1242752190458e-05,1.43340645529972,0.852,0.284,0.503155828383188,"PRRT2"
2.46319726147179e-05,0.947745483613231,0.963,0.926,0.583432903352209,"MYO10"
2.7089246290073e-05,1.87557057515128,0.815,0.358,0.641635887626668,"PTPRE"
2.93972592274626e-05,0.746610789480534,1,0.741,0.69630348206168,"HEPN1"
3.12362255513125e-05,-4.32408508531962,0.074,0.494,0.739861238408387,"CDH19"
3.18123123538672e-05,-6.30083725433328,0,0.284,0.753506430413698,"LUM"
3.198172089916e-05,1.34167909237282,0.926,0.506,0.757519041217503,"HEPACAM"
3.38513296171043e-05,-1.24201036486914,0.63,0.84,0.801802593310732,"ATP1B1"
3.53351397899424e-05,-5.06547582655198,0.037,0.457,0.836948121064576,"COL12A1"
4.01832177835092e-05,-3.44403486015985,0.074,0.494,0.9517796964202,"SOX10"
7.21687770119647e-05,-3.60997822162558,0.037,0.469,1,"C14orf180"
7.56968890251846e-05,-1.94983380545903,0.333,0.593,1,"PTPN7"
8.03266921682307e-05,-2.04367402391483,0.296,0.605,1,"NXPH4"
9.16343770755154e-05,1.85054208118984,0.63,0.21,1,"ASCL1"
9.59655613054778e-05,2.08910619801459,0.444,0.21,1,"LIPG"
9.78040208958217e-05,1.43040255607661,0.815,0.321,1,"KNDC1"
9.96013003983064e-05,-2.96952708942449,0.185,0.543,1,"KIF26A"
0.000107861053850699,-3.74243474954787,0.074,0.407,1,"PDZD4"
0.000112042345453837,-0.609929637840239,0.852,0.852,1,"IFITM3"
0.000112506442050387,-2.75407368499509,0.111,0.457,1,"TGFBR3"
0.000129955068158128,-1.66796085188567,0.222,0.667,1,"L1CAM"
0.000138819222902243,-2.04495757364794,0.185,0.543,1,"ITGA6"
0.000193847757633084,2.20691789016238,0.519,0.111,1,"AMZ1"
0.000202915246717314,2.07567747409032,0.556,0.123,1,"SHROOM2"
0.000205178616486714,-2.23788134874742,0.074,0.37,1,"FAM222A-AS1"
0.000222357661910438,1.5603867475832,0.926,0.654,1,"DPYSL5"
0.000235756061292687,-3.82267519231711,0.037,0.358,1,"CNRIP1"
0.000261085970048024,-5.89752820852942,0,0.284,1,"NDUFA4L2"
0.00026674256509443,1.24808432907978,0.889,0.444,1,"BCAN"
0.00028263049973016,1.6873873633615,0.556,0.136,1,"SERPINI2"
0.000305917144574458,-1.78753512777371,0.111,0.457,1,"MIA"
0.00031587406937845,-4.33760220670202,0.037,0.42,1,"ALDH1A1"
0.00035391355991769,0.896813684849181,1,0.753,1,"TNC"
0.000378321015971624,-1.77338991587116,0.333,0.605,1,"THBS1"
0.000437822868810294,-1.91556582065413,0.111,0.432,1,"SLC6A11"
0.000513582190485263,1.09702484249293,0.926,0.58,1,"NCAN"
0.000519119643913865,-1.99818072020462,0.037,0.309,1,"TESC"
0.000547930616999004,5.2788708933876,0.333,0.025,1,"SLC27A3"
0.000553508302421501,1.47959746842838,0.556,0.259,1,"PAQR6"
0.000569758411746319,0.661235514516098,0.593,0.765,1,"SBF2-AS1"
0.000601200120371864,1.19777010746227,0.963,0.716,1,"KCNN3"
0.000613688888277349,0.751174386794264,0.963,0.753,1,"AQP4"
0.000615627663014444,0.849749332342029,0.704,0.284,1,"NT5DC2"
0.000666818604709456,0.958367105644033,0.889,0.654,1,"C1QTNF3"
0.00070112029793445,1.76686063604689,0.444,0.185,1,"FGF1"
0.000714411271308862,-2.61759088056949,0.148,0.494,1,"C7"
0.000716210754489957,0.609407731933619,1,0.889,1,"RDX"
0.00075410177322205,-2.02529624590248,0.185,0.469,1,"ANKRD35"
0.000803492109769812,0.808765683705376,1,0.741,1,"ITGA7"
0.000826255811791557,1.54061258491786,0.519,0.16,1,"C6orf118"
0.000833074552375352,-2.29271570679186,0.148,0.543,1,"DCN"
0.000833288931947239,0.789339414690272,1,0.802,1,"PLCG1"
0.000918172748160141,-1.29311308483317,0.333,0.42,1,"GBP2"
0.000953834298141779,-1.01037170614601,0.222,0.531,1,"TMEM198"
0.000993525114926907,-2.53364394856314,0.148,0.469,1,"C2"
0.00104588250162013,-1.41052205474736,0.296,0.654,1,"S100A10"
0.0010671716727311,0.979191635907281,0.852,0.407,1,"ACAT2"
0.00108681313469967,0.987852863322952,0.852,0.531,1,"H19"
0.00111860357831065,0.654918809693081,1,0.864,1,"NCOR2"
0.00112126374037392,-1.3002475145455,0.741,0.852,1,"MIRLET7BHG"
0.00114207007557564,1.17645630527402,0.63,0.691,1,"PAFAH2"
0.00117426295109129,-1.75943661621553,0.296,0.481,1,"HMGCLL1"
0.00123398722311747,0.725909772111168,0.593,0.247,1,"FOXP2"
0.00123692489365947,0.942412468308977,0.889,0.494,1,"MPPED1"
0.00127199296638929,-1.56757078634868,0.222,0.568,1,"MAN2A1"
0.00133923077009714,0.786719616292999,1,0.827,1,"NBPF10"
0.00137423579051818,1.00538369365288,0.889,0.543,1,"FGF12"
0.00139038239848532,1.47758516945227,0.593,0.235,1,"MID1IP1"
0.00145199687296176,0.838773324793461,0.889,0.444,1,"ETFDH"
0.00149672787471867,1.15979280239437,0.889,0.642,1,"RASA4"
0.0015409436368691,0.730797712372402,0.815,0.58,1,"ZNF384"
0.00154550366643445,0.685831548615321,0.963,0.852,1,"FGFR1"
0.00161755251352972,1.10199174901881,0.667,0.481,1,"ADHFE1"
0.00162878897178662,-3.15121015803247,0.074,0.37,1,"IL13RA1"
0.00165524642186557,0.914437328575838,0.963,0.654,1,"GPR56"
0.00166152147770316,2.12241217087182,0.481,0.136,1,"BBOX1"
0.00166589491078867,-1.93500465007037,0.222,0.481,1,"SPEF2"
0.0016953695549798,0.879327623157771,0.926,0.568,1,"MLC1"
0.00171564706996326,0.546118615521276,0.963,0.63,1,"DDX47"
0.00177152353088121,0.527210096483454,1,0.938,1,"SLC1A3"
0.00178406746997843,0.636757618891269,1,0.84,1,"ABR"
0.00178551082189107,0.883547696457594,0.926,0.58,1,"ACP1"
0.0017934366642885,1.5740824832118,0.593,0.16,1,"CDC14A"
0.00182108388949205,-1.77345651501178,0.148,0.42,1,"SPIRE2"
0.00190636465135151,0.718477747877056,0.963,0.901,1,"DHTKD1"
0.00192009282881621,0.626580382390595,1,0.716,1,"CSRP1"
0.00193400158001402,1.12151408351733,0.926,0.654,1,"NBPF9"
0.00193713629409048,-1.66498745069028,0.333,0.654,1,"FAM222A"
0.00194634752850026,1.08162304624683,0.852,0.457,1,"PDPK1"
0.00197757281152072,-2.16547922120118,0.074,0.346,1,"AFAP1L2"
0.00200143834460675,-2.75073667085509,0.037,0.346,1,"RERG"
0.00202133117894586,1.11865773693383,0.741,0.333,1,"NCAM1"
0.00202149480455274,1.14802482446729,0.741,0.321,1,"MCM4"
0.00219224625048611,-2.44888617458471,0.037,0.321,1,"HDAC9"
0.00222598938867577,-0.674175881007153,0.296,0.605,1,"CHST9"
0.00228400563657458,1.34339050908018,0.704,0.321,1,"AATF"
0.00231891317646541,0.584388500258931,0.963,0.667,1,"LINC00461"
0.00233058483076273,-2.06161927941195,0.148,0.444,1,"KIAA0825"
0.00233954881430967,-0.781102551584135,0.741,0.654,1,"ESYT1"
0.00235339790277372,0.59379302148564,0.926,0.568,1,"B3GALNT1"
0.00237636529296742,0.934768624734144,0.852,0.506,1,"DCLK1"
0.00242463853782099,0.605966902214063,0.704,0.765,1,"ASB8"
0.00244781127971593,-0.865324496996543,0.519,0.79,1,"HLTF"
0.00246348932652496,-2.50960219120621,0.222,0.407,1,"CDH7"
0.00250785699003533,-1.67378460532481,0.259,0.58,1,"IGFBP4"
0.00255918797018635,-1.1499093803848,0.111,0.383,1,"PDE4D"
0.00259666798643385,0.977539459547631,0.926,0.58,1,"ABTB2"
0.00265874144431495,0.959360581487626,0.889,0.494,1,"ARAF"
0.00265948856580443,-1.00892397796137,0.296,0.617,1,"SORBS2"
0.00268063484311561,0.947436305168492,0.741,0.333,1,"CYGB"
0.00276702134046725,-2.13726675042267,0.037,0.259,1,"RNF43"
0.00276859686918289,-0.946123435897155,0.259,0.593,1,"KANSL1L"
0.00280430168662368,1.86121422939732,0.444,0.16,1,"NTM"
0.00284291735240022,-1.41645853573395,0.148,0.481,1,"ARHGAP4"
0.00288524170638825,0.805904047790221,0.926,0.556,1,"S1PR1"
0.00291256329042261,0.637096388942735,1,0.852,1,"SORBS1"
0.00292875982793809,0.788486137402482,0.926,0.704,1,"EDNRB"
0.00297527391792503,0.874798941641175,0.852,0.494,1,"MT3"
0.00311731466965958,-1.11145456932066,0.111,0.358,1,"ATP10B"
0.00314724675294614,0.500100261337173,1,0.716,1,"PTK2"
0.00320654599176397,0.78934400119578,0.889,0.654,1,"CALB1"
0.00322368290470565,0.641298487964256,1,0.778,1,"DDR1"
0.00333675778181942,-1.00821679275483,0.37,0.654,1,"TSPAN13"
0.00333737390506265,1.38783648136381,0.556,0.222,1,"CDIP1"
0.00335317170287171,1.26095832494436,0.63,0.222,1,"FAM65B"
0.00335894790129882,1.68396657997241,0.63,0.247,1,"SS18L1"
0.00345801238765491,1.41049543827748,0.185,0.272,1,"CRIPAK"
0.0036300817150445,0.998632134292762,0.519,0.617,1,"C8orf37"
0.00371179974518634,1.91565743828479,0.481,0.111,1,"TTYH2"
0.00371719045029222,-3.92001464826464,0.037,0.259,1,"HILS1"
0.00376713594484558,1.77322999277332,0.407,0.173,1,"DFNA5"
0.0037681613421681,1.32056238351231,0.704,0.383,1,"CPNE2"
0.00384610592860552,-3.7620314900958,0.037,0.284,1,"BHLHE40"
0.00385418864316028,-1.07631624051726,0.519,0.79,1,"ASIC4"
0.00391038156799058,-0.668979736113404,0.185,0.444,1,"PVRL2"
0.00394348664040437,0.821507312105591,1,0.914,1,"FZD3"
0.00396227057560637,-0.791029218822994,1,0.975,1,"CTSC"
0.00398207278928125,0.733692237560935,0.778,0.556,1,"STARD3NL"
0.0040305216750493,0.840148271020842,0.889,0.543,1,"NES"
0.00410273845585883,0.738651480702397,1,0.901,1,"PEA15"
0.00412585196001882,0.743166146925342,1,0.827,1,"EPN2"
0.00414624485934479,-2.99141821811507,0.074,0.309,1,"SCO2"
0.00417708818677665,1.20270778877585,0.889,0.679,1,"HIF3A"
0.00419949256041534,1.10450226139114,0.852,0.494,1,"LRRN1"
0.00433074911502507,-1.04957306689693,0.889,0.951,1,"SP100"
0.00435049024917183,-1.80500534284227,0.222,0.481,1,"CHN1"
0.00438903990955049,-0.523853737695892,0.852,0.901,1,"CRISPLD1"
0.00439754555372345,-2.10037601251466,0.185,0.469,1,"BCL3"
0.00445809538877426,0.773593434967963,0.963,0.679,1,"SPRED2"
0.00446785410118803,2.05016776068477,0.444,0.136,1,"ANKFN1"
0.00448789662490257,-1.57593471372332,0.333,0.531,1,"NIPAL3"
0.00449386578373633,0.532905011054701,0.889,0.531,1,"TACC1"
0.00450341632333402,-3.10583149966549,0.074,0.333,1,"FSIP2"
0.00461910333148487,0.952476205998628,0.926,0.642,1,"DGAT1"
0.00462685388479953,-1.26558089571296,0.222,0.494,1,"UBA7"
0.00474587244990621,1.01964715698899,0.556,0.198,1,"PFKFB4"
0.00475955094324511,1.20674726619344,0.704,0.284,1,"STXBP1"
0.00485626983242243,1.22192703688007,0.593,0.222,1,"GDF5"
0.00497276187081319,-1.09764696858226,0.593,0.778,1,"MICALL2"
0.00497789468911884,1.22797936810962,0.444,0.148,1,"RBM38"
0.00500914958544513,-1.08114788029911,0.63,0.667,1,"CABP7"
0.0050158451315983,0.787354081703378,0.852,0.605,1,"SLC18B1"
0.0050339697217475,0.542774084170073,0.963,0.654,1,"CCDC28B"
0.00505355686414985,1.77181106643349,0.407,0.099,1,"LRRC20"
0.00507186460526076,2.26320472370228,0.481,0.173,1,"MIER2"
0.00507913625434743,-0.896832853162059,0.778,0.963,1,"PDK3"
0.00508325527611328,0.910590933225359,0.852,0.852,1,"SLC35E1"
0.00515461770482091,-2.47014570880508,0.111,0.346,1,"GYLTL1B"
0.00517714193824294,-1.72966859750314,0.074,0.358,1,"ARL4A"
0.00520934526186309,0.568922796687745,0.963,0.753,1,"SLC35A4"
0.00530950791500965,-1.44156433295238,0.296,0.37,1,"EGFL8"
0.00538625124089071,1.01342013335149,0.852,0.556,1,"ZNF428"
0.00540565234068625,0.88745792376232,0.852,0.63,1,"ADORA1"
0.00553655349171083,-1.04223956215838,0.519,0.605,1,"DNAJB4"
0.00555398333056665,-3.1389619750013,0.037,0.272,1,"PLA2G4A"
0.00556957885130835,-1.3010348782557,0.556,0.84,1,"PLXNB3"
0.00559998856028524,0.507787313112308,1,0.802,1,"SNHG16"
0.005625181106742,-0.550859015049132,0.556,0.864,1,"COL3A1"
0.00565273559053789,0.635109052286054,0.963,0.815,1,"HGS"
0.00568526909619249,0.95388691676969,0.852,0.852,1,"GJC1"
0.00569715620339341,-1.95620607242009,0.037,0.259,1,"SNX10"
0.00593431140771119,0.56420000020946,0.926,0.605,1,"METTL3"
0.00606304147916592,0.859255497160304,0.556,0.235,1,"IGDCC4"
0.00617331508303354,0.514533665565732,0.926,0.605,1,"METAP1"
0.00619655703491939,0.600724323198502,1,0.741,1,"POMT1"
0.0061990375018419,-0.901010397311596,0.185,0.481,1,"PDE1A"
0.0062737811211304,1.0501942701073,0.667,0.284,1,"SYP"
0.006325433200689,-2.11342274015801,0.296,0.469,1,"ELL2"
0.0064175344310369,1.29256148160338,0.667,0.309,1,"SEMA5B"
0.00651186415459605,0.643100881362855,1,0.852,1,"MEAF6"
0.0065530795090059,1.6179478929382,0.815,0.543,1,"RNF157"
0.00656679438442045,-0.770737957107109,0.593,0.654,1,"SERPINI1"
0.00657498373319831,-2.41186347084878,0.037,0.284,1,"SERPINA3"
0.00661523489446991,0.57623654201514,0.926,0.556,1,"PCDHB9"
0.00663208350613743,1.06328740894411,0.741,0.358,1,"TRIL"
0.00675153244445203,1.22062304302408,0.852,0.506,1,"EIF1AD"
0.00677259259589884,-0.635914939237566,0.519,0.407,1,"SQLE"
0.00690234299389466,-0.523625479852945,0.778,0.901,1,"LOC100131564"
0.00700003098035378,1.05773380057362,0.815,0.457,1,"LYPD1"
0.0070015707831405,0.53267575243658,0.963,0.778,1,"CAP2"
0.0070487366393804,-0.687258339051179,0.593,0.802,1,"IFIT3"
0.00706573745884367,1.38538081935769,0.407,0.123,1,"GPR123"
0.00715980182585977,2.04637935104076,0.333,0.049,1,"OR2H2"
0.00718532306990887,0.545641812444423,1,0.852,1,"CYFIP2"
0.00734454928384225,1.32404033225351,0.741,0.333,1,"ISPD"
0.00736581226622729,-1.73316609229364,0.148,0.432,1,"ASPA"
0.00745661151029642,-1.65149255779428,0.148,0.432,1,"MALL"
0.00746914135376004,1.47680401648081,0.556,0.272,1,"KDM4B"
0.00747436861024753,0.711099577394051,1,0.827,1,"RNF170"
0.00748059348502083,0.895698357008748,0.815,0.481,1,"GPC4"
0.00752762088955877,0.57460969946038,0.963,0.63,1,"PIK3R3"
0.00757290096761529,1.80334716155613,0.37,0.198,1,"PCDHGA12"
0.00768403871314049,0.513405093006348,1,0.728,1,"RAF1"
0.00779655344675892,0.77078743841669,0.852,0.753,1,"TRAF3IP2-AS1"
0.00790184977285202,-1.05561184555647,0.556,0.765,1,"ARHGAP23"
0.00792372156774813,-1.25321903665432,0.259,0.543,1,"HAPLN1"
0.00793773234951823,-0.801093793355588,0.519,0.728,1,"KIAA0100"
0.00796312850504222,-2.29964401106484,0.074,0.309,1,"TRPV4"
0.00797895459508759,0.555176151971745,0.963,0.704,1,"GLO1"
0.00802933211309342,-2.40337945514654,0.111,0.383,1,"MMD"
0.00808898223425591,-3.43561791230677,0.037,0.259,1,"GALNT13"
0.00815464039446592,1.71599092163724,0.667,0.296,1,"BCAS1"
0.00826943762193249,1.2818244529042,0.704,0.346,1,"GABRB1"
0.00846085377206704,-0.883747420065549,0.556,0.691,1,"HGF"
0.00849057574206889,-0.939561482607263,0.704,0.901,1,"PPFIBP1"
0.00850207880042241,1.58086655511832,0.444,0.123,1,"SLC25A20"
0.00854087250392346,0.843310170225845,0.556,0.222,1,"ACTN2"
0.00857532055058497,2.02657258072723,0.519,0.222,1,"NRXN2"
0.00857900862540392,1.07562414623121,0.778,0.395,1,"C6orf120"
0.00865809136365025,0.639982294877208,0.963,0.741,1,"SLC25A13"
0.00869023653207236,2.13504944883644,0.37,0.099,1,"RAC3"
0.00872202960129693,-2.25107387002247,0.074,0.309,1,"NID2"
0.00885326210762587,-2.42121022008076,0.333,0.494,1,"TRIM16"
0.00887470141099851,0.570264631018124,1,0.84,1,"MAPK8IP1"
0.00889407746524105,1.35778436873143,0.519,0.235,1,"MASP1"
0.00907338265308844,-1.30126316100483,0.148,0.407,1,"MYC"
0.00909706341945903,1.24175280268518,0.63,0.37,1,"PPP4R1"
0.00918576105060325,0.968508292570536,0.63,0.321,1,"HECTD2"
0.00920646740612757,-0.641904528859343,0.444,0.691,1,"AGK"
0.00921628833043504,0.622320529846509,0.926,0.716,1,"SPOCK2"
0.00924925214577985,0.880687822547473,0.704,0.321,1,"NUP35"
0.00926337407821571,1.15925852536197,0.926,0.728,1,"FAT3"
0.00933432965015697,1.05049170596041,0.444,0.444,1,"DLG2"
0.00939662336272988,1.03680245238716,0.667,0.309,1,"SFXN2"
0.00949481503461633,0.575688532332698,0.963,0.728,1,"SCRN1"
0.00952584834144379,0.921311726278918,0.815,0.63,1,"KLF3"
0.00977341772655967,1.36644980948191,0.63,0.272,1,"MAP7D1"
0.00983740279322592,1.45019512373855,0.741,0.444,1,"IRF2BPL"
0.00988103529989022,-0.899664802955108,0.407,0.568,1,"IFT46"
0.00991393725679698,-0.769113544812204,0.481,0.765,1,"FRZB"
0.0101266351072755,-1.22710988866746,0.704,0.753,1,"FAM114A1"
0.0101430202390978,1.12609984983651,0.704,0.309,1,"THAP1"
0.0101558497566163,1.12160141891352,0.556,0.222,1,"N6AMT1"
0.0102730068305683,0.772888858031913,0.852,0.457,1,"ORC3"
0.0102982302628385,-1.54725638902297,0.222,0.395,1,"HSBP1L1"
0.0103359532272567,1.00100843086478,0.778,0.617,1,"ST6GAL2"
0.0103598452769447,-1.35418969484565,0.185,0.432,1,"SRGN"
0.0103778814410667,-3.84373128825209,0.111,0.321,1,"RIC3"
0.010419047034032,0.658198527369889,0.926,0.617,1,"IDH2"
0.0104441692714828,-2.26662431508002,0.185,0.407,1,"MET"
0.010573198779231,0.554571965676948,0.963,0.765,1,"KIDINS220"
0.0105954264757023,0.618265126963079,0.926,0.802,1,"LOC100129034"
0.0106152791700343,0.880517586609243,0.852,0.556,1,"ARL4D"
0.0106510334829593,0.745613129389261,0.778,0.457,1,"DDX54"
0.0108025429218901,0.725836340551171,0.889,0.765,1,"VAT1"
0.0109117891923442,1.2273155761326,0.556,0.272,1,"SCN3A"
0.0109241206571363,-2.27342787980819,0.074,0.346,1,"LSR"
0.0109342314145743,0.656533014786476,0.963,0.79,1,"BAALC"
0.0111594551238791,2.44778359533245,0.296,0.111,1,"SFT2D3"
0.0111691844132299,-1.70024386898891,0.259,0.494,1,"NKD1"
0.0113208073742745,-1.95153390433966,0.148,0.37,1,"IRF5"
0.0115388537869876,-0.516508929991092,0.926,0.938,1,"GATA2"
0.0115669100615952,1.40779504563324,0.519,0.247,1,"C12orf52"
0.0116319460418581,1.21103407322339,0.667,0.37,1,"MARCH1"
0.0116387780068924,-1.39142873997292,0.222,0.543,1,"HPGD"
0.0116542540049799,1.01324847888313,0.593,0.568,1,"RAB7L1"
0.0116760908084847,-1.26896152520055,0.37,0.432,1,"TNFRSF11B"
0.0117010601865965,0.897652365276839,0.704,0.728,1,"LOC100506190"
0.0117515036753262,-4.04982039760541,0.037,0.259,1,"CCM2"
0.0117996550993629,-1.01882862653285,0.778,0.753,1,"OXCT1"
0.0118936066843922,-0.883938256055888,0.815,0.864,1,"PHLDA1"
0.0119428929815341,-2.21859512178709,0.222,0.321,1,"ZNF589"
0.0120069821956102,-1.2820043095397,0.333,0.568,1,"NABP1"
0.0120095973722093,1.06893377810992,0.519,0.235,1,"MED27"
0.0120377835788094,0.972407028505205,0.704,0.481,1,"TMCC1"
0.0123314020774584,0.857468658678467,0.519,0.21,1,"SSPN"
0.0124813935004295,0.656507238001926,0.444,0.481,1,"UNC13B"
0.0125409493342181,-1.09568590298063,0.37,0.593,1,"SLITRK6"
0.0126133689214538,-2.81458184654053,0.074,0.296,1,"LRRC19"
0.0126241145418918,-0.912096786695666,0.407,0.704,1,"EDIL3"
0.0126403594213097,-1.92956506917596,0.222,0.531,1,"SOX6"
0.0126520694602106,1.03688030839531,0.667,0.37,1,"CHMP7"
0.0126678670083482,-0.51430135980591,0.815,0.556,1,"TMEM170B"
0.0126964046802378,1.97320743985193,0.333,0.111,1,"LOC100506388"
0.0128427435265386,-1.7035231710465,0.037,0.259,1,"C14orf79"
0.012867722273617,1.7010235273773,0.481,0.432,1,"TINCR"
0.0128691464458914,-1.98857727176539,0.481,0.568,1,"KGFLP1"
0.0130278323718543,1.6801738751824,0.667,0.321,1,"POMT2"
0.0131455062030183,-0.549067661253249,0.667,0.84,1,"CFI"
0.0132131230968726,0.570984852698021,0.593,0.272,1,"ADCYAP1R1"
0.0132476421854644,1.3654646732439,0.593,0.272,1,"PXMP2"
0.0134111789563205,-2.05438897569784,0.111,0.309,1,"TNFRSF14"
0.0134672047071568,1.61370956223323,0.407,0.21,1,"PI16"
0.0135432102528087,1.38316806742179,0.444,0.296,1,"LRRN3"
0.0135575331656893,2.06535863657707,0.593,0.333,1,"SRD5A3"
0.0136053665654175,-1.19135412458674,0.852,0.975,1,"EXPH5"
0.013830320546797,-1.0690741544208,0.259,0.494,1,"CCDC111"
0.0138577704413934,1.45540520978448,0.259,0.136,1,"NEK3"
0.0138940710842381,0.806713030831698,0.778,0.778,1,"YAF2"
0.0141023451745472,2.65929900556845,0.259,0.037,1,"LOC100505875"
0.014246224173296,-1.44188160203816,0.444,0.593,1,"SLC35B4"
0.0142926694795789,-1.42667508308142,0.37,0.494,1,"CCP110"
0.0144287691992376,-1.42596100622791,0.481,0.741,1,"FLRT2"
0.0145192100979958,1.11517844267628,0.593,0.333,1,"TSSC4"
0.0145604752129655,1.70693043004889,0.333,0.086,1,"BTBD17"
0.0146547020741161,-0.539861438428135,0.481,0.728,1,"CTSK"
0.014736349146647,2.08827410124947,0.333,0.16,1,"PIGL"
0.014836806301516,-1.16342888859088,0.296,0.568,1,"C4A"
0.014869395846287,0.579776661086131,0.778,0.432,1,"CAD"
0.014948977192021,0.561244671958736,0.704,0.778,1,"PCBD2"
0.0150079748520568,0.965816088080817,0.926,0.704,1,"NPAS3"
0.0150117081772894,-0.825272393383009,0.185,0.395,1,"LEO1"
0.015197449313189,1.33682983976781,0.556,0.21,1,"UPRT"
0.0152419578222494,1.10143015345881,0.556,0.235,1,"ILDR2"
0.0152551544471257,-1.17431294782174,0.296,0.543,1,"NANS"
0.0153559228558756,-1.17500125284871,0.333,0.519,1,"CPXM2"
0.0154009244607406,0.914975772233366,0.889,0.642,1,"PHC1"
0.0154175126715598,-0.588954655991462,0.296,0.543,1,"SKIDA1"
0.015476614562937,0.631780726878183,0.963,0.679,1,"B4GALT4"
0.0155118070805965,-1.06884205656349,0.519,0.704,1,"KIF13B"
0.0156961789775536,0.58513227000164,0.963,0.753,1,"DLC1"
0.0157138985941204,0.862548978734483,0.889,0.815,1,"STYX"
0.0158147072576166,0.691669625051243,0.889,0.642,1,"TM2D2"
0.0158796609085938,-1.21533168607589,0.852,0.704,1,"QRSL1"
0.0159599461762256,1.62524255393936,0.556,0.259,1,"DHFR"
0.0159839744157496,-0.71841858827543,0.667,0.815,1,"STAT6"
0.0159940180357679,-0.54651356728807,0.111,0.284,1,"ZNF611"
0.01615085535376,0.731194080535297,0.778,0.444,1,"WEE1"
0.0162146029893426,2.20160583739898,0.333,0.086,1,"ADRB1"
0.0164711712294836,-1.71573533434461,0.074,0.296,1,"TRANK1"
0.0165193998858253,-0.726643715684,0.148,0.383,1,"C11orf92"
0.0166002867621765,0.551597636537935,1,0.815,1,"GABBR1"
0.0166449191542412,-0.599193374591227,0.852,0.852,1,"TLE2"
0.0166501821062766,-1.12022901443117,0.741,0.815,1,"S1PR2"
0.0169322013480781,1.75922070843994,0.519,0.222,1,"KIAA1522"
0.017006388973096,2.05997942769707,0.296,0.074,1,"PCDHGA9"
0.0172209389575008,-0.572917023460684,0.444,0.691,1,"LAMB1"
0.0172591624307349,0.982749406219026,0.852,0.617,1,"TRPC4AP"
0.0174382337438231,-1.21407946823406,0.111,0.296,1,"SRRM3"
0.0175125893508396,-3.08549124704764,0.111,0.259,1,"SLC47A1"
0.0175888349874926,1.18473657651597,0.593,0.346,1,"SRPK1"
0.0177487468536734,1.68824647434752,0.259,0.173,1,"LPCAT4"
0.0177722358128807,-0.900599585857882,0.259,0.506,1,"ERRFI1"
0.0178539639781455,-0.664995916885555,0.815,0.963,1,"BIRC6"
0.0178763601571498,-1.15066878072762,0.185,0.469,1,"TMTC2"
0.0179362805679434,-0.65008611125859,0.259,0.481,1,"ZFP3"
0.0182598444535452,-1.0060622384329,0.667,0.654,1,"PDE7B"
0.0182953476712261,0.925736995756546,0.593,0.272,1,"MOSPD3"
0.0183970318921017,-0.539244013602279,0.444,0.617,1,"LOC100289341"
0.0184332147072869,1.47861583373922,0.519,0.222,1,"NT5E"
0.0185591432444963,1.14886821785161,0.667,0.358,1,"EPT1"
0.0185602311630037,1.44772541926521,0.444,0.136,1,"ARMC3"
0.018683244466249,-1.5724772300107,0.185,0.42,1,"PRPS2"
0.0189840930534753,0.864918850209118,0.704,0.333,1,"RFX4"
0.0192748260758364,1.1494152269969,0.519,0.383,1,"GPD2"
0.0192791242633364,0.507106182238448,0.815,0.753,1,"ZNF664"
0.0193741298715487,0.747681270764819,0.741,0.432,1,"ING3"
0.0193859398525758,-0.649566573858674,0.185,0.395,1,"EPDR1"
0.019425161332023,0.751492580108493,0.741,0.716,1,"ERCC4"
0.0194285259357626,0.711203426869341,0.889,0.704,1,"LRRC16A"
0.0194533579828604,0.924928138896522,0.963,0.852,1,"CHST6"
0.019471850499607,0.622838668023637,0.222,0.407,1,"EPB41"
0.019536825632322,-1.38294233122245,0.222,0.494,1,"PPRC1"
0.0196347182380319,1.03677556661636,0.593,0.321,1,"RWDD2B"
0.0198965646523553,-0.557307183477461,0.444,0.667,1,"TAF2"
0.0199920616229043,1.18384272582339,0.741,0.728,1,"C4orf19"
0.0200114324717256,-2.51145452707003,0.185,0.309,1,"KIAA1598"
0.0200834012666798,-1.56473256161688,0.148,0.37,1,"CDC42EP4"
0.0201767835720513,-1.3271028305051,0.333,0.531,1,"PER3"
0.0203533021298571,-2.04583509245783,0.593,0.58,1,"AFF3"
0.0206269569601687,1.32232329994556,0.556,0.247,1,"GPR162"
0.0207769742137448,0.552180276897055,0.926,0.765,1,"ABAT"
0.0208440719756121,0.665992988822254,1,0.914,1,"SMG1"
0.0208625836214218,0.721118835656451,0.741,0.679,1,"CYTH2"
0.0209010776278867,-2.65649079203362,0.148,0.42,1,"PXDNL"
0.0210522656105401,1.39834012769874,0.481,0.21,1,"GATM"
0.021092158605293,1.00679874116191,0.926,0.889,1,"GDPD1"
0.0211146435551033,0.754729222480355,0.926,0.753,1,"RUFY2"
0.0211861204057787,-0.588866550346706,0.704,0.642,1,"RAD50"
0.0212320283653095,1.21804319068038,0.481,0.235,1,"SLC38A9"
0.0212784595889682,0.889970201937146,0.926,0.728,1,"MAP1A"
0.0212862917273095,-0.557729352147505,0.148,0.346,1,"SPAG17"
0.0213214723190908,-1.758284602838,0.222,0.383,1,"TNFSF13B"
0.021515170517095,0.911544459624246,0.37,0.136,1,"LOC150568"
0.0215853671142662,0.981655924789401,0.593,0.321,1,"FBXL7"
0.0218046975150483,-1.14376949326262,0.37,0.58,1,"ZMIZ2"
0.0219561324079479,0.5287388450421,0.815,0.852,1,"COA1"
0.0220995683477606,1.03471992569454,0.444,0.16,1,"DCK"
0.0221193537414479,-2.09921348521864,0.222,0.37,1,"VPS37B"
0.0221448357469373,-1.07434131028447,0.259,0.519,1,"TMEM80"
0.0221582226821222,0.719940550744762,0.852,0.593,1,"LCAT"
0.0223096470497278,0.859363406836208,0.815,0.432,1,"FADS2"
0.0225454882485784,-1.01713221479379,0.259,0.506,1,"ZNF839"
0.0226671619111096,1.45267988112397,0.593,0.407,1,"MAFG"
0.0227124600883333,-0.682923350374254,0.519,0.432,1,"DHDDS"
0.02275019888114,0.86798974826802,0.815,0.494,1,"RNF185"
0.0228070184635653,1.25583336918045,0.556,0.247,1,"ZNF519"
0.02282255951397,-0.616487814148845,0.593,0.778,1,"NNMT"
0.023075966061105,0.866457608918728,0.704,0.383,1,"GPN1"
0.0231082965883863,1.33362539197784,0.481,0.21,1,"NPY2R"
0.0231359753612965,1.00589090095504,0.926,0.741,1,"CPSF2"
0.0231675100722993,1.03343781854053,0.444,0.272,1,"TRAPPC10"
0.0231750739992586,0.73399493911497,0.778,0.568,1,"NDUFB1"
0.0235155312273766,0.627321761548605,0.889,0.617,1,"RNF5P1"
0.023549739474565,-0.669616540238824,0.741,0.889,1,"IFRD1"
0.0236158348665104,1.63587906542473,0.481,0.185,1,"CTRL"
0.0237059462897918,0.526306337085564,0.852,0.802,1,"SAP30BP"
0.0237923921121123,0.663284797996311,0.815,0.679,1,"FNBP1L"
0.0238059495489538,-1.35471831204809,0.407,0.543,1,"LGI4"
0.0238073401514661,0.942175807267625,0.444,0.185,1,"RACGAP1"
0.0238534242261949,0.652364112662894,0.963,0.815,1,"SDC3"
0.0239642546481475,1.0679373320756,0.704,0.432,1,"METTL7B"
0.0240626018511894,-0.568564837556201,0.333,0.494,1,"BOLA3"
0.0241572472786447,-1.78577779378838,0.185,0.407,1,"HES1"
0.0241784641592202,1.25561821300629,0.444,0.148,1,"C1orf216"
0.0243377930246703,-2.08773086892008,0.148,0.284,1,"SLCO3A1"
0.0245285672967587,1.00266856689456,0.778,0.519,1,"AGO1"
0.0246561326815942,0.886552927519065,0.741,0.444,1,"CRTAC1"
0.0251749219720397,0.782863845522272,0.778,0.444,1,"MRAS"
0.025337366980956,-1.604078072858,0.185,0.444,1,"MRRF"
0.025606931633581,1.10310071093172,0.963,0.827,1,"PNMA2"
0.0256390622122523,-0.8038128208199,0.481,0.395,1,"RNF111"
0.025790493010152,0.822822649181125,0.481,0.21,1,"ZNF573"
0.025869866921154,0.963017397082043,0.481,0.222,1,"CXXC4"
0.0259509515044609,-2.90108623856292,0.556,0.667,1,"ZAK"
0.0262678562110044,1.12959467298137,0.556,0.494,1,"SCARF1"
0.0263397687779547,0.584307779508785,0.926,0.691,1,"SEC61A2"
0.0264936611353804,-0.749925247525793,0.407,0.63,1,"LOC100287314"
0.0265290063752018,-1.51392835832283,0.074,0.272,1,"TDO2"
0.0266057872298863,0.671140381563825,0.815,0.494,1,"NSUN5"
0.0268047926601471,-0.809002169775864,0.444,0.679,1,"C3orf58"
0.026837668165149,0.667283835637218,0.889,0.543,1,"SPOP"
0.0269808405280247,0.748554514375607,0.296,0.099,1,"ZNF487P"
0.0269913111582061,0.832009974258002,0.815,0.568,1,"HTRA2"
0.0270119709883162,-1.59999820305546,0.333,0.407,1,"C5AR1"
0.0271056632719524,1.67945703997715,0.333,0.123,1,"SEMA6C"
0.0272379000493832,0.523930121127396,0.593,0.284,1,"DTX4"
0.0272960667761825,-0.985241393299557,0.704,0.654,1,"MN1"
0.0273494750356697,2.83563470922201,0.296,0.136,1,"LINC00310"
0.0275293383145987,0.72620831071558,0.926,0.716,1,"WASF3"
0.0276448104212238,0.966750961144173,0.556,0.272,1,"SLC2A4RG"
0.0284085761141231,1.37797340088574,0.407,0.222,1,"JMJD4"
0.0284126015306994,-0.737030028956399,0.63,0.605,1,"DNAJC1"
0.0284212376966075,-0.536822975859962,0.778,0.753,1,"RARA"
0.0284585198952377,2.34327416160838,0.259,0.062,1,"TMX2-CTNND1"
0.0285323053155436,0.704997541742751,0.926,0.704,1,"CDV3"
0.028545142344027,1.53488928690549,0.481,0.198,1,"HAUS1"
0.028571126253823,1.21691775041776,0.556,0.235,1,"C1QL1"
0.028720434944547,-0.826592878210866,0.593,0.753,1,"ENO2"
0.0287414969107669,0.511326663761736,0.889,0.556,1,"ZC3H7A"
0.0289323599567383,0.529518677910402,0.926,0.778,1,"C21orf59"
0.0289872672389439,1.76565593753067,0.296,0.086,1,"DBX2"
0.0290672607907098,-0.580013562898039,0.111,0.284,1,"MAPKAPK2"
0.0291066299525645,-1.28315560178394,0.37,0.383,1,"ARHGEF17"
0.0294702010225482,1.05463395687488,0.704,0.481,1,"POLDIP3"
0.029495766555576,-0.807395044028138,0.593,0.802,1,"SLC7A5"
0.0295966993387305,0.825742480899273,0.778,0.457,1,"RAB31"
0.0296823052010536,0.845127073763818,0.815,0.827,1,"ADAT1"
0.0298742968777323,0.57509898179704,0.667,0.358,1,"ZADH2"
0.0299018499024285,-2.31406060743699,0.111,0.296,1,"TARSL2"
0.0299600448257093,1.63522724535855,0.556,0.333,1,"EPN1"
0.0300353477765381,0.957183214044999,0.593,0.284,1,"TBRG4"
0.0301231381228746,0.554920234802805,0.815,0.815,1,"DESI1"
0.0301403880617206,0.547859418243505,0.926,0.642,1,"GNPAT"
0.0305510279247756,-0.774719973736538,0.296,0.519,1,"PLCH1"
0.0306016691843183,0.551660492268842,0.926,0.753,1,"CALCRL"
0.0306198886815362,-1.29756899566165,0.296,0.506,1,"HLA-J"
0.0306569704866055,0.629566452987585,0.519,0.519,1,"UPF3B"
0.0307152453123581,-1.03964344134803,0.37,0.358,1,"ADAMTS12"
0.0307156125737589,-0.964921911817442,0.778,0.84,1,"AHR"
0.0307612150885091,-0.764006572612172,0.593,0.741,1,"LINC00346"
0.0307674539555253,0.939461251581204,0.815,0.691,1,"SREK1IP1"
0.0309959634802957,-0.618082542626954,0.63,0.741,1,"NR4A1"
0.0310204326663106,0.707943458925853,0.889,0.642,1,"IGDCC3"
0.0310297023626633,0.731856977351006,0.778,0.605,1,"CLPP"
0.0310395671802662,1.3724026709254,0.519,0.321,1,"RANBP10"
0.031355070756874,-1.85063690137391,0.111,0.272,1,"GLS2"
0.0313593899707012,2.02627002003537,0.37,0.185,1,"KCNMB3"
0.0314465485078316,0.744494205855971,0.741,0.407,1,"KLC4"
0.0314871981317117,1.81683214042482,0.37,0.111,1,"RPL13AP20"
0.0315606144118036,0.994214202320675,0.63,0.309,1,"HEY1"
0.0316343185925102,0.555586311176854,0.926,0.852,1,"VTA1"
0.0316360748057223,0.723434797666716,0.593,0.309,1,"ZBTB1"
0.0316882358438164,0.690155042394057,0.519,0.457,1,"RSRC1"
0.0317942740297467,0.578908808036156,0.926,0.593,1,"GID8"
0.031996028441916,1.51117734830955,0.444,0.16,1,"PCDHGA11"
0.0322690768400645,0.848255251214703,0.704,0.79,1,"LOC646719"
0.0326249169450476,2.13256108470702,0.296,0.062,1,"CDH12"
0.032682598307646,0.704994210919351,0.889,0.654,1,"ECT2"
0.0328306741730836,2.44894847322287,0.259,0.086,1,"SCN8A"
0.0331583090326855,-1.44364878605841,0.556,0.728,1,"ZNF347"
0.0334035481660505,-1.67048353478129,0.222,0.358,1,"SMURF1"
0.0334446404683059,-1.02635315186428,0.519,0.691,1,"DHX38"
0.0334515237771977,-1.23756040518864,0.185,0.42,1,"C4orf29"
0.0335035502542924,1.45512660512579,0.481,0.296,1,"PEX5"
0.0336012742072579,0.763969212804608,0.37,0.136,1,"YRDC"
0.0336424725174037,-0.576544585052724,0.519,0.716,1,"PEF1"
0.0337060755556032,0.57351287300791,0.778,0.494,1,"KLHL25"
0.0339574653764268,1.00305128074304,0.63,0.346,1,"FKBP15"
0.0339693293712313,-0.696075501720408,0.593,0.79,1,"PDGFRB"
0.0339928147946552,-1.596994113797,0.222,0.383,1,"TASP1"
0.0341971352634009,1.04472734162213,0.444,0.185,1,"HK2"
0.0343082433490477,1.49461300839428,0.296,0.074,1,"CCDC121"
0.0343281778676544,0.878956033097192,0.593,0.296,1,"IPO13"
0.0345301759515221,0.794836181122621,0.704,0.568,1,"PARD3"
0.0345584721388948,1.75128131425564,0.407,0.173,1,"RBM20"
0.0347823562985622,1.03515958920101,0.667,0.407,1,"KIAA1328"
0.0349019024318429,2.04904355673684,0.259,0.086,1,"VAT1L"
0.0349035271616355,0.507515649030239,0.852,0.543,1,"LASP1"
0.0349894873190271,0.554966158985586,0.963,0.728,1,"TRAPPC3"
0.0350769544133242,0.978610442852338,0.704,0.37,1,"DCBLD2"
0.0350902262769709,0.749955223377283,0.519,0.395,1,"C3orf38"
0.035094556727566,-1.05267572412437,0.259,0.519,1,"GPC6"
0.0351583553621823,0.707702847418625,0.926,0.753,1,"FAM229B"
0.0351957802430135,1.87741269214189,0.37,0.185,1,"SOGA3"
0.0352006016005373,-0.53699261317218,0.519,0.778,1,"MGP"
0.0352872029916076,-0.781082105921084,0.37,0.556,1,"FBXO18"
0.0353614811888639,0.622729949797736,0.889,0.593,1,"PAGR1"
0.0354466570313896,-0.584819960967545,0.481,0.642,1,"DDIT3"
0.0358448192661831,-0.713671396527543,0.481,0.481,1,"CTDSPL"
0.0360992466398105,-0.744342774315798,0.593,0.753,1,"SLC35F1"
0.0362611693705609,0.907405553876691,0.815,0.531,1,"STIM1"
0.0363394580365365,1.46227250860545,0.593,0.321,1,"LOC388152"
0.0364551950970165,1.71704456868891,0.296,0.16,1,"PRODH"
0.0364863051933137,-1.47647236368512,0.519,0.654,1,"PRELP"
0.0366304332112199,2.80285307300988,0.259,0.049,1,"KNSTRN"
0.0366458893510467,-2.38123197524826,0.185,0.296,1,"TENM2"
0.0366534043551163,0.810809087795519,0.778,0.568,1,"FOXK2"
0.0366903901599638,-2.45623660707931,0.222,0.407,1,"SSBP3"
0.0368235024829401,0.841929426644049,0.556,0.272,1,"POU3F2"
0.0369105466151756,1.65299613620857,0.333,0.148,1,"DLL3"
0.0371076305976399,1.12102736139948,0.37,0.123,1,"CCDC18"
0.0371795178288468,-0.880734359562787,0.222,0.432,1,"TCEAL5"
0.0372038313746478,0.876271842438991,0.63,0.333,1,"ALDH4A1"
0.0373437133981095,-1.22582618678502,0.481,0.605,1,"TMEM159"
0.0373853109638708,1.64995953186024,0.296,0.148,1,"PRDM10"
0.0373986247382052,2.31747408009303,0.333,0.074,1,"FAM181B"
0.037442147290911,1.6762384325357,0.333,0.173,1,"PXDN"
0.0375717619865651,-0.822263341772537,0.63,0.519,1,"HDGFRP3"
0.0380798019895117,1.22521340137379,0.519,0.259,1,"CAB39L"
0.0381079338879367,0.543904778395369,0.593,0.309,1,"AEN"
0.0383990296695624,-1.26140472996656,0.333,0.42,1,"TRNAU1AP"
0.0384028071717517,0.658696712154024,0.778,0.741,1,"LINC00338"
0.0384313917560781,-1.66108038635615,0.148,0.37,1,"SLC25A17"
0.038439490980383,1.32518117400374,0.593,0.259,1,"SLC13A5"
0.0384695326541414,1.22057421024188,0.593,0.321,1,"NUB1"
0.0384852804169777,1.23958984121837,0.593,0.309,1,"TRAPPC9"
0.0386391149682645,-0.827998603737001,0.519,0.753,1,"BTG1"
0.0387372349596002,0.903223477006139,0.889,0.802,1,"WDR92"
0.0391442288919269,-0.991293427654837,0.444,0.63,1,"STXBP5"
0.0391535398728828,-0.541237708289831,0.667,0.852,1,"SPEG"
0.039200437697573,0.609647188033626,0.815,0.519,1,"MAX"
0.0394576479129532,2.24415282342352,0.37,0.123,1,"POSTN"
0.0394986941256744,-1.77238890137987,0.37,0.519,1,"TRIM68"
0.0395390867578368,-1.66926133726849,0.148,0.358,1,"TGFBR2"
0.0395560432456034,-1.21675523451974,0.37,0.531,1,"LOC283663"
0.0395803718600524,1.56178734889437,0.37,0.148,1,"ACYP1"
0.0396495935242751,-0.665503708689033,0.407,0.58,1,"DISP1"
0.0400026065444083,0.924846391830966,0.667,0.333,1,"KPTN"
0.0401768445572146,0.558114471568985,0.889,0.654,1,"DCTN3"
0.0403132497914788,1.07865545505161,0.37,0.173,1,"SNX16"
0.040350814710694,1.0936077179888,0.481,0.309,1,"DGKZ"
0.040706210884728,0.889179619145491,0.593,0.432,1,"SP110"
0.0407352522764747,0.547868259798458,0.889,0.63,1,"FARSB"
0.0407709967480015,-0.836314993510031,0.259,0.469,1,"MAF"
0.0408559937862868,0.991991049694435,0.704,0.457,1,"RPS6KB1"
0.0409412101453647,0.732865044237712,0.889,0.593,1,"HTRA1"
0.0410188315018495,0.712144128013337,0.815,0.556,1,"USP38"
0.0410786851343446,1.45045470209054,0.667,0.383,1,"CDON"
0.0410903097150691,0.726079415809655,0.889,0.642,1,"ACTR2"
0.0411803206089393,1.50552581573257,0.296,0.074,1,"CRIP3"
0.0416579785621471,0.586440651556864,0.926,0.802,1,"TUBB2A"
0.0419625374975202,-1.14284352230062,0.926,0.852,1,"ATM"
0.0420407521204395,0.736240304041757,0.667,0.358,1,"STRN4"
0.0421565092970806,1.23318233101021,0.63,0.432,1,"SHROOM3"
0.0422774089934486,-1.12563784543743,0.148,0.358,1,"ALDH8A1"
0.0422788843277205,-0.771993850395897,0.556,0.741,1,"AKR1C3"
0.0424612773924998,1.50997065931907,0.63,0.346,1,"SRSF12"
0.0425227698553723,-1.22002111008361,0.37,0.383,1,"WDR90"
0.0425735609331649,-0.523966598439884,0.889,0.963,1,"GSE1"
0.0427629957427729,-1.58801121625327,0.259,0.321,1,"SEC24D"
0.0428093413979601,0.651850856483983,0.444,0.21,1,"THBS2"
0.0428988917400914,-1.18129778536715,0.148,0.358,1,"CXorf40A"
0.0429557702084444,0.787394254832452,0.63,0.444,1,"FLYWCH2"
0.0430153072912909,0.58837445351576,0.963,0.728,1,"PGAP1"
0.0430221379606046,-1.44097532011162,0.296,0.42,1,"MLXIP"
0.0430394606736212,-0.727509011822471,0.556,0.778,1,"SNHG8"
0.0431202546520019,-2.2925825841121,0.185,0.321,1,"SIK1"
0.0431732658241797,0.973377238511288,0.333,0.321,1,"ZNF44"
0.0432848729384253,-0.546954646454217,0.185,0.37,1,"LOC729852"
0.0436793715908184,1.97170833979502,0.333,0.111,1,"IL17RB"
0.0437478595921728,-0.929997065244599,0.407,0.593,1,"GOLGA8A"
0.0438779624911579,0.604648375465647,0.815,0.728,1,"CABIN1"
0.0439048575712676,1.16005511122134,0.407,0.148,1,"NTRK3"
0.04393429980645,0.644405918717839,0.852,0.494,1,"SLC16A2"
0.0441576945655683,-0.820298639016239,0.111,0.284,1,"SH3BP4"
0.0442001804409283,-0.544802223018447,0.593,0.741,1,"PARD6G"
0.0442831901043206,0.64262280049065,0.815,0.519,1,"CRKL"
0.0443128372949414,1.59696451926999,0.296,0.111,1,"SLIT1"
0.0444188891601006,-1.28190870534982,0.407,0.543,1,"BMS1P4"
0.0446220008424457,1.33195005759734,0.556,0.272,1,"PLEKHG3"
0.0446573247228611,-1.07970430648582,0.296,0.58,1,"CSMD3"
0.0447667563853841,-1.35490409459854,0.444,0.407,1,"LIFR"
0.0449844096185331,-2.30680786248684,0.111,0.309,1,"NID1"
0.045062736893633,-0.821845634861073,0.444,0.543,1,"ERBB3"
0.0452241834009555,1.59152461510816,0.333,0.123,1,"R3HDM4"
0.0454102284113198,1.24098143506309,0.37,0.198,1,"GPR75-ASB3"
0.045482784211236,1.22686481735143,0.333,0.247,1,"LINC00152"
0.045529655372532,1.14149711392155,0.667,0.358,1,"KIAA1161"
0.0455613673988306,0.765060649031336,0.778,0.444,1,"CDC34"
0.0456314181804191,-0.647492556779961,0.556,0.716,1,"CRLF1"
0.0456557880624348,0.553161386723161,0.667,0.37,1,"SOX8"
0.0457909837427734,0.662155697924117,0.815,0.469,1,"ECSIT"
0.0458225868862423,0.818837066923625,0.556,0.432,1,"TSPAN5"
0.0459190503898249,0.803456327175659,0.815,0.519,1,"FAM103A1"
0.0461531536990795,0.821110380035414,0.778,0.654,1,"RPL23AP82"
0.0462127947013586,0.623572308798607,0.926,0.827,1,"NSL1"
0.0462165120110044,0.515658809120653,0.444,0.42,1,"ABHD14B"
0.046266144106,0.805678231441034,0.519,0.395,1,"PCDHGB2"
0.0463275029414209,-1.23785154498089,0.111,0.321,1,"ZFAND1"
0.0464797619552834,0.594094925746586,0.926,0.617,1,"C19orf70"
0.0466858381275822,-0.993207544153839,0.222,0.42,1,"MTHFD1L"
0.0467118932117466,0.826462152557216,0.63,0.333,1,"PELO"
0.0468035596703092,0.539632143909863,0.333,0.346,1,"FAM195A"
0.0468622699495769,1.34604571790364,0.593,0.309,1,"AKAP8L"
0.0468671587557778,-1.28527665426519,0.222,0.407,1,"CD74"
0.0470363348569071,1.21872633200084,0.481,0.185,1,"ZNF419"
0.0471857714985679,0.776939556931621,0.815,0.654,1,"MAP1LC3C"
0.0473560831888359,-0.969293493537679,0.333,0.543,1,"ATP1A1"
0.0473827724779463,0.963161014671072,0.741,0.432,1,"FER"
0.0475905795861838,2.01684192858586,0.37,0.099,1,"NUDT13"
0.0476384746673489,-0.874828439679016,0.222,0.42,1,"RPL21"
0.0479840678093609,0.517072077338105,0.926,0.741,1,"MOCS2"
0.0483060761508475,0.823796529651727,0.481,0.358,1,"FBXO22"
0.0487864310221294,-2.02713696298214,0.111,0.284,1,"TGIF2-C20orf24"
0.0487935689766241,0.797647039117822,0.815,0.642,1,"PPM1A"
0.0488342974754828,-0.687019047747496,0.593,0.827,1,"NPNT"
0.0490102416450026,-0.645332477058101,0.481,0.543,1,"CRELD1"
0.0490188331989754,0.573678201385837,1,0.864,1,"MEG3"
0.0490386237361868,-1.53840071546402,0.148,0.37,1,"C11orf71"
0.0490620537717368,0.819438901904085,0.852,0.691,1,"MFSD11"
0.0490716335380273,1.04234634063714,0.593,0.444,1,"PRPS1"
0.0490869294520369,-1.03739690297123,0.185,0.309,1,"LRG1"
0.0491636579864897,0.823321202703835,0.481,0.543,1,"LOC100335030"
0.0492376220402805,-1.27734868437983,0.111,0.296,1,"C10orf35"
0.0493207066029662,-2.09156508468414,0.111,0.333,1,"MTHFD2"
0.0495096713639187,0.529089472110569,0.296,0.309,1,"C2orf66"
0.0497249837915018,1.11462137438676,0.593,0.272,1,"PTGFRN"
0.0499197359716755,0.656749054824224,0.852,0.605,1,"AP3S1"
0.0500634677179746,1.32753131675455,0.444,0.309,1,"AFAP1"
0.0503627832243468,0.713065405839791,0.889,0.802,1,"PDE4B"
0.0504617496233234,1.26788189125158,0.259,0.16,1,"NRSN1"
0.0504963690135532,1.21019371398974,0.481,0.395,1,"CXorf23"
0.0506490797952879,1.91503039785977,0.37,0.111,1,"FGFBP3"
0.0507757278876365,0.519022600794077,0.889,0.667,1,"AEBP2"
0.0508313677312767,0.898365656065125,0.333,0.284,1,"NME5"
0.0509736181873851,-0.611083959768061,0.519,0.556,1,"NCLN"
0.0509915672586603,0.53078009259219,0.889,0.716,1,"CSE1L"
0.0510724463062864,-2.24273977088598,0.074,0.272,1,"BACE1-AS"
0.0514795592006429,-1.08229586700631,0.185,0.383,1,"MATN2"
0.0514802324800406,-1.06112942989126,0.333,0.481,1,"HILPDA"
0.0515421655720234,0.585978927368214,0.741,0.469,1,"HIAT1"
0.0517096906073392,-1.01264768091237,0.778,0.765,1,"SEMA4F"
0.051803232717912,1.53569231632028,0.519,0.222,1,"EREG"
0.0519006532125078,0.637810217451244,0.815,0.494,1,"DDX50"
0.0519388389249458,-2.09432607526954,0.148,0.321,1,"GLIPR1"
0.0521651955731867,0.559070347758318,0.963,0.975,1,"ZNF814"
0.0521653820491638,-0.72643388698905,0.37,0.272,1,"SUN2"
0.0521870214578809,-0.613326433893531,0.148,0.333,1,"DACH1"
0.0522249318536675,0.581634026717348,0.852,0.815,1,"RNF141"
0.0522761923231816,1.1339404109492,0.296,0.086,1,"CCDC112"
0.0523721553280646,1.27134530574201,0.37,0.16,1,"LOC100132273"
0.0523804761832102,0.967260279623701,0.852,0.543,1,"ARHGAP31"
0.0524593363165685,0.996418218632489,0.63,0.321,1,"IGSF3"
0.0526079877835421,-1.41015758649399,0.148,0.383,1,"MAOB"
0.0526683191085286,-1.51608762452899,0.111,0.259,1,"MAN1A1"
0.0527921056407416,-0.520337444743999,0.556,0.605,1,"MRPL11"
0.0529119087090176,-1.44793154619414,0.222,0.37,1,"RNF144B"
0.0530766651811983,1.57316026630801,0.481,0.235,1,"EML1"
0.0531662611637067,1.24377249252163,0.593,0.309,1,"CEP250"
0.0532431125974941,-1.24599396135202,0.333,0.296,1,"DIRC2"
0.0534847852290359,1.8335249852481,0.296,0.074,1,"CASP14"
0.0535875632979291,0.826439826652406,0.593,0.284,1,"CDC25B"
0.0536024412013458,0.61224491908895,1,0.938,1,"AXL"
0.0537034161822932,1.60478237762788,0.444,0.185,1,"CRB2"
0.0537167067411989,1.11634307312092,0.667,0.37,1,"SURF6"
0.0539813507735764,-1.49547197332814,0.111,0.296,1,"BIN3"
0.0540363274521406,-1.47285088910651,0.333,0.556,1,"EPAS1"
0.0541832375323871,0.712681349896013,0.333,0.136,1,"LIG4"
0.054358903936479,0.545908285935444,0.926,0.691,1,"REEP2"
0.0544364890285291,1.84649152619213,0.333,0.222,1,"ZNF74"
0.0548011715308452,1.05620653095556,0.63,0.481,1,"ZNF551"
0.0548029771939661,1.55260505249437,0.519,0.247,1,"ZNF678"
0.0548601814013994,-0.583294934006881,0.741,0.901,1,"UFM1"
0.0549126059377919,0.966635180210813,0.852,0.605,1,"CBL"
0.0551705749853016,-1.35666610803516,0.296,0.494,1,"C4B"
0.0551705749853016,-1.35666610803516,0.296,0.494,1,"C4B-2"
0.055188081927826,1.87700100373493,0.259,0.049,1,"RAB32"
0.0552075330143457,-0.583901744211706,0.778,0.593,1,"RBM48"
0.0553431035063348,2.11413576429122,0.296,0.086,1,"RGPD8"
0.0554591079748077,-1.53202835593678,0.296,0.358,1,"RNF122"
0.0554846052194931,-0.893592985425081,0.481,0.642,1,"ZNF618"
0.0555969990149256,0.658150885221904,0.63,0.605,1,"C22orf29"
0.0556618164402308,0.938209206141673,0.704,0.407,1,"ABL1"
0.0559065226910002,1.40351564365087,0.556,0.395,1,"ZNF219"
0.0562880145439546,-1.03206977438247,0.519,0.494,1,"C5orf28"
0.0563670964159207,-1.24476643452776,0.148,0.358,1,"SLC39A11"
0.0564124838945827,0.828327273129156,0.667,0.37,1,"PEX10"
0.056413023723632,0.69474361368904,0.704,0.593,1,"ZDHHC15"
0.0564699768654429,0.926959488194233,0.741,0.58,1,"GRIA3"
0.0565068326780161,-0.705411090891512,0.185,0.346,1,"ZNF594"
0.0566647404126166,-1.31811997020147,0.185,0.42,1,"TMEM161B"
0.0568569821340633,-0.896080802511423,0.481,0.679,1,"NHLRC3"
0.0570038142511349,-0.539893500485791,0.556,0.716,1,"ZDHHC21"
0.0574017802059674,0.660234951622616,0.889,0.765,1,"SLC12A4"
0.0575603273899754,-1.82666375817535,0.37,0.556,1,"KIAA1244"
0.0575712186052223,1.13343546764852,0.519,0.259,1,"SRPX2"
0.0577940299023803,0.917178582125687,0.63,0.432,1,"LOC100505783"
0.0579334566336243,1.16372947761308,0.741,0.407,1,"BICD1"
0.058315899975805,0.870690697994651,0.778,0.506,1,"FARP1"
0.058429223253904,0.878351901205467,0.741,0.457,1,"AK1"
0.0584988208795408,-1.15561444650845,0.37,0.556,1,"ZNF335"
0.0586705090634403,0.794115477713301,0.815,0.58,1,"SMEK1"
0.0589344853218712,0.65417777113791,0.778,0.519,1,"AGPAT3"
0.0589625156463148,0.813938409388747,0.593,0.284,1,"SERTAD2"
0.0589677153533363,-0.91736914432049,0.444,0.617,1,"DMXL2"
0.0592165347207255,-0.900646819433506,0.333,0.444,1,"FAM92A1P2"
0.0593012367361788,-1.70806523395659,0.556,0.605,1,"SGK3"
0.0595160708670124,0.73165703179185,0.852,0.642,1,"SLC4A4"
0.0595512473921301,0.916596468279003,0.519,0.222,1,"TEX9"
0.0597985993434268,0.505607328047794,0.519,0.284,1,"E4F1"
0.0598190875616016,-1.3641245726509,0.148,0.333,1,"IL1R1"
0.0598452827242361,0.604836242072952,0.926,0.667,1,"NDUFA3"
0.0599833798000548,0.748756632935866,0.741,0.457,1,"ZEB1"
0.0600212407927316,-0.823978396548384,0.741,0.815,1,"PHF17"
0.0600812210134668,-1.44150174459486,0.407,0.519,1,"FAM111A"
0.0600903346077966,1.58447518585462,0.37,0.284,1,"ADAMTS6"
0.0601158827891677,0.820726724091598,0.778,0.519,1,"SUDS3"
0.0603742687974452,0.854431895671739,0.296,0.272,1,"EIF2AK3"
0.0605276446296256,1.11032881669399,0.519,0.296,1,"POT1"
0.0605436400753314,0.86207724455017,0.556,0.272,1,"SERTAD3"
0.0606129198509464,0.530680011148817,0.667,0.395,1,"MLH3"
0.0606562727350109,0.59819107338997,0.259,0.099,1,"DLL1"
0.0609075999804557,1.03484218250229,0.519,0.383,1,"TGFBR1"
0.0610885663140341,-1.12957039797443,0.111,0.309,1,"GOLGA8S"
0.0612257106537506,-0.7674446170747,0.296,0.469,1,"LOC100506844"
0.0613632310845621,-1.03249623546845,0.481,0.617,1,"SPSB1"
0.0614469897865441,-0.681498830054426,0.741,0.765,1,"TMEM248"
0.0614661236877326,0.800812968658125,0.667,0.506,1,"DCAF6"
0.0614778130410687,0.955810901941117,0.741,0.568,1,"INPPL1"
0.0615939524933379,1.52087205440518,0.704,0.469,1,"C14orf132"
0.0617194997538582,0.765828900410492,0.704,0.407,1,"GAL3ST4"
0.0619061164788042,0.830916448820623,0.556,0.309,1,"FAM127C"
0.0622602306266355,1.11845222252015,0.63,0.346,1,"HIVEP2"
0.0622918804172682,1.56559518995442,0.444,0.21,1,"PHF19"
0.0624236768206075,0.50052693439172,0.741,0.704,1,"LYPLA1"
0.0625064315638669,0.531153572932695,0.296,0.321,1,"FBXO28"
0.0625657288083258,0.950296186111146,0.519,0.395,1,"INPP5A"
0.0625852549066613,-1.26252250200586,0.333,0.494,1,"TC2N"
0.0626014766807116,0.555373613070349,0.704,0.407,1,"SPNS1"
0.0626222314443473,0.888099000238139,0.926,0.716,1,"UBXN2B"
0.0626857839252105,0.614844087007489,0.704,0.568,1,"EI24"
0.06277946744141,-1.1658812696801,0.185,0.358,1,"DYNAP"
0.0628006026256065,-0.805892652513416,0.111,0.259,1,"C5orf54"
0.0629158086653446,0.510174357566811,0.963,0.704,1,"EFNA5"
0.0631350501658317,-1.25783535391357,0.296,0.457,1,"LOC100507557"
0.0631918859117551,0.861534499320437,0.926,0.79,1,"HAUS2"
0.0632925795026809,0.578055034673344,0.481,0.235,1,"EPB41L1"
0.0633682901043513,-1.31595461681882,0.333,0.506,1,"OSBPL5"
0.0634850531837498,0.548618974822763,0.741,0.481,1,"FGFR1OP2"
0.0635184729206977,0.774152474052196,0.889,0.617,1,"SMPD1"
0.0635979736125806,0.704172165808631,0.852,0.691,1,"SEMA6D"
0.0637088600874912,0.747010463053832,0.667,0.457,1,"IP6K1"
0.0637166455423439,0.552491910014696,0.889,0.642,1,"CRYAB"
0.0637323533384651,-0.987520048212964,0.296,0.444,1,"CTNS"
0.0638793218344375,0.539441400733999,0.926,0.704,1,"ESRG"
0.064194464482302,0.771836662316909,0.556,0.284,1,"C16orf91"
0.0643273995010386,0.548764341581768,0.926,0.84,1,"NAP1L4"
0.0645615956514641,0.542119356576663,0.63,0.383,1,"NOB1"
0.0648288500472398,0.94162385344662,0.444,0.309,1,"SEMA3C"
0.0648845261909584,1.3156137683674,0.37,0.21,1,"PLA2R1"
0.0650386803534128,1.03532913847629,0.63,0.444,1,"RCC2"
0.0653684896425105,0.670726308265723,0.556,0.469,1,"KLHL7"
0.0653762195889276,0.932881743559985,0.704,0.407,1,"CPXM1"
0.0654384250118855,2.39687642914803,0.407,0.296,1,"UST"
0.0655271905015114,1.18149144366484,0.37,0.173,1,"JMJD7-PLA2G4B"
0.0655630888838283,1.26108237483389,0.333,0.111,1,"SLC22A23"
0.0655702192611273,1.87030928190077,0.296,0.148,1,"FRY"
0.0655759091268899,0.886803452818804,0.593,0.309,1,"LRRC17"
0.0656618050307756,0.657569716922704,0.963,0.815,1,"ITGA2"
0.0662554661016074,1.3538365640152,0.704,0.691,1,"KIAA1456"
0.0665385255485651,-1.08270926187974,0.556,0.556,1,"SH3D19"
0.0665919494900915,-1.08916093231859,0.185,0.333,1,"GARNL3"
0.0666118239531143,0.781200871955275,0.963,0.827,1,"ZNF451"
0.0668450761428816,1.32883169714986,0.37,0.198,1,"CCDC159"
0.0669522338579174,0.611953799872076,0.667,0.593,1,"DNAJA3"
0.0670159198197079,0.749369907935832,0.63,0.321,1,"PKNOX2"
0.0671367943618495,-0.63826384448615,0.593,0.753,1,"MBTPS1"
0.0672758147319878,-0.734871269021326,0.667,0.741,1,"PDS5A"
0.0675744218757017,0.883069641777776,0.333,0.086,1,"LOC285033"
0.0676115974886739,0.677232919638523,0.519,0.247,1,"ATG16L2"
0.0677023970538823,-1.04413630573388,0.37,0.568,1,"BCL2L13"
0.0677120092443193,-1.3322849392378,0.111,0.272,1,"ZDHHC2"
0.0677139541722398,-0.601312429267446,0.37,0.605,1,"LOC100288778"
0.0677514611276446,-0.774605843029569,0.407,0.494,1,"TMEM138"
0.0689216073716833,-0.559269267106446,0.333,0.506,1,"TMEM223"
0.0689254081892352,0.603394159962763,0.963,0.852,1,"ATG12"
0.0690049949686019,1.21783160082022,0.481,0.259,1,"TAF6L"
0.0691385917213255,0.630779120127344,0.593,0.296,1,"ZBTB9"
0.0691456160967869,-0.712861092373165,0.296,0.395,1,"AIF1L"
0.0691531631847661,0.689153008465139,0.815,0.654,1,"SLC28A2"
0.0691933591204368,-1.01752896909147,0.296,0.58,1,"DYNLT3"
0.0696611418224923,0.542641579778576,0.815,0.605,1,"ARHGEF7"
0.0697781615920742,0.583992930172572,0.926,0.63,1,"NDUFB3"
0.0699041758980293,2.77459179790111,0.259,0.049,1,"LINC00312"
0.0699972079224876,-0.810873014105708,0.667,0.753,1,"GBP4"
0.0704376734801718,1.47896658987759,0.296,0.099,1,"ARHGEF25"
0.0705693279802847,0.901487632887595,0.741,0.469,1,"TNFSF14"
0.0706081945414656,1.36069569915236,0.407,0.185,1,"SLITRK2"
0.0710080415248134,-0.697868897053336,0.333,0.58,1,"ARHGEF1"
0.0711075700781238,0.925349162140187,0.407,0.173,1,"KLF15"
0.0711908425143413,0.637988310706367,0.815,0.519,1,"ARNT2"
0.0712201731231108,-0.611168825347966,0.444,0.617,1,"CAAP1"
0.0712275514819514,-0.529059320916809,0.556,0.543,1,"PPCS"
0.0712717100148024,-0.754423797718161,0.407,0.37,1,"DCP1B"
0.071670328431773,0.66661913608101,0.852,0.593,1,"MRPL28"
0.0716962930123699,-0.909585582496366,0.37,0.444,1,"PRICKLE2"
0.0718069537621539,-2.40792772535497,0.222,0.432,1,"SH3PXD2A"
0.0718437271687778,0.766004245663301,0.815,0.543,1,"EBP"
0.071872473217023,-0.816716664019169,0.63,0.753,1,"C17orf85"
0.0719175820219589,-1.34798805199402,0.259,0.481,1,"MRPS15"
0.0720228956283968,-1.19701736222632,0.296,0.556,1,"RAB11FIP2"
0.0720254430337636,1.47361152864254,0.259,0.074,1,"CDCA7L"
0.0721054359354798,0.592919565794772,0.704,0.407,1,"PDE6D"
0.0723033477099062,0.949484627966844,0.704,0.481,1,"DGKD"
0.072537120745496,0.741530574082718,0.741,0.469,1,"SFRP5"
0.0725427713749697,0.584025986555372,0.741,0.506,1,"SMIM15"
0.072753728833643,-1.12789947415863,0.185,0.383,1,"DNAH9"
0.0727978302222475,-0.616859047417145,0.704,0.802,1,"SLC12A2"
0.0735089484283934,-0.509401592771865,0.37,0.543,1,"HMGN5"
0.0735863225630131,0.661226162105779,0.519,0.272,1,"AUH"
0.0739394658663968,-0.866683497342399,0.481,0.617,1,"TLK2"
0.0742023383831415,-0.51195589594587,0.519,0.667,1,"DNAJC22"
0.0743009765544246,-1.7075878114974,0.148,0.296,1,"INPP5E"
0.0743053807897877,-0.878875667523244,0.519,0.63,1,"ASNSD1"
0.0743642049871297,-0.577062969462816,0.222,0.346,1,"ZC3HAV1L"
0.0746166930872573,-0.570036724432325,0.852,0.926,1,"IL6ST"
0.074638248760326,-1.2930739796597,0.296,0.469,1,"RRP12"
0.0747324113639285,0.54376754065596,0.852,0.79,1,"CDC5L"
0.0747497271487913,-0.545027954227544,0.519,0.432,1,"CERS1"
0.0748453249691059,0.624972326414455,0.889,0.568,1,"SCAND2P"
0.0748819979442083,1.34966331302781,0.407,0.21,1,"SNRK"
0.0750926856693862,1.37212118898013,0.444,0.296,1,"CCNJ"
0.0750999411111115,0.624876130027383,0.926,0.679,1,"HYDIN"
0.0752997226361406,0.921891592856881,0.593,0.296,1,"ALG11"
0.0753783660033482,-1.16097620949617,0.333,0.469,1,"TRERF1"
0.0757441943230917,1.30060760774996,0.593,0.321,1,"GOLGA7B"
0.0758661532681227,0.504197303236174,1,0.84,1,"FBXW2"
0.0759912685477274,0.656700551139034,0.593,0.321,1,"TMEM108"
0.0760235529310709,1.58786245772508,0.37,0.111,1,"ANKRD20A8P"
0.0761141969421992,0.512583367639963,0.815,0.556,1,"SRP54"
0.0763449456816096,1.08878322042324,0.296,0.099,1,"WSCD1"
0.0764191847867698,0.661380511281197,0.852,0.765,1,"TNPO2"
0.0764809574684021,-1.37120986350977,0.111,0.284,1,"ART3"
0.0766833048129734,0.61935275157912,0.852,0.79,1,"TGFB2"
0.0771062071168667,0.873098556336551,0.593,0.296,1,"WISP1"
0.0772560028483845,-0.587388620063568,0.222,0.407,1,"GRAMD3"
0.0774038648513829,0.6714217879569,0.815,0.556,1,"SNAP23"
0.0774673548369158,0.716094849748014,0.667,0.519,1,"CTNNA3"
0.0774801139067671,1.66376105886922,0.296,0.086,1,"TMEM143"
0.0777809439996429,0.618015888660607,0.704,0.407,1,"CDC42EP3"
0.0780745129059007,-0.680943184482588,0.667,0.728,1,"ZCCHC24"
0.0781218703378822,0.929704358409766,0.481,0.481,1,"SATB2"
0.0781571664437013,-1.89312263649651,0.148,0.321,1,"COL11A1"
0.0782747275987301,-0.810736535518103,0.63,0.593,1,"ZKSCAN8"
0.078573750649358,-1.43302137862796,0.222,0.358,1,"MLLT4"
0.0785982519261034,-0.613596914083058,0.259,0.469,1,"GALNT10"
0.0786133723986829,-0.810403600933447,0.593,0.728,1,"MRPL44"
0.0790726039971484,-0.549846835070928,0.148,0.284,1,"L3MBTL3"
0.079121404020783,0.54635515836536,0.63,0.642,1,"LOC100506548"
0.0792284515176078,1.24685654500304,0.37,0.136,1,"CCDC169"
0.0795697595953609,0.556627814437376,0.926,0.704,1,"HMBOX1"
0.079657598893763,-1.11477695179118,0.148,0.321,1,"SLC27A5"
0.0797605692737458,0.513245927011217,0.926,0.691,1,"CD46"
0.0797908680483833,0.956607190389626,0.741,0.58,1,"ZNF333"
0.0799561859182446,-0.777340278523704,0.296,0.469,1,"EBAG9"
0.0800601701558085,0.514830708026686,0.926,0.79,1,"CHD7"
0.0803773651768684,1.08994683210489,0.444,0.21,1,"APBA1"
0.0804691229297567,0.603718196172689,0.741,0.63,1,"TGIF1"
0.0804869130573934,1.20945103027834,0.815,0.667,1,"ZNF681"
0.0805252114940303,1.41604264076664,0.444,0.21,1,"ULK4"
0.080575780542924,1.1385531858697,0.63,0.321,1,"ZNF275"
0.0808573771114523,0.564282256163921,0.667,0.469,1,"TMEM216"
0.0808971948399068,-0.756338443949707,0.481,0.593,1,"UGGT2"
0.0809639791026431,-1.17937018104405,0.296,0.346,1,"TTC8"
0.0813836299512178,0.611067763660167,0.852,0.593,1,"SLITRK1"
0.0814530090926102,-1.7733035498557,0.148,0.272,1,"SLC25A30"
0.0814623257651692,1.39160688310809,0.259,0.099,1,"ZNF34"
0.0815464442247399,0.769124833239483,0.296,0.198,1,"SPDYE6"
0.081907156452215,-0.887390499628656,0.519,0.642,1,"PIGU"
0.082007037343341,0.780859430070332,0.889,0.728,1,"KIF2A"
0.0820243999239753,-0.532094448952879,0.778,0.889,1,"CHD5"
0.0820734570502926,0.55196480962072,0.963,0.852,1,"SCD"
0.0821261840552523,1.15077748475177,0.333,0.136,1,"GRIA1"
0.0821278015293626,0.584476837019716,0.963,0.852,1,"TRIP6"
0.0821494215632373,1.18857043959078,0.593,0.333,1,"GTPBP1"
0.0821903944227273,0.698501419164973,0.889,0.741,1,"SLC35D1"
0.0823565203746887,-0.825148917843832,0.296,0.543,1,"ROCK1P1"
0.0823620973215433,-0.660813625978426,0.852,0.827,1,"TM7SF3"
0.0824067985289179,-0.883465935683618,0.37,0.531,1,"RAI1"
0.0826546684485617,-1.54289739744971,0.222,0.37,1,"REPS1"
0.0827020454680573,-0.550430929754255,0.667,0.716,1,"AKT3"
0.0827331111275097,1.00225434606337,0.556,0.432,1,"MAST2"
0.0828523985761603,-0.592937458420586,0.407,0.568,1,"TSPYL2"
0.0830397622686498,0.825184895746952,0.778,0.531,1,"HARS"
0.0830446654689959,-1.03459721157213,0.185,0.333,1,"OR7E12P"
0.0832765179005446,-0.614783106363467,0.148,0.296,1,"CCL16"
0.0834997841043293,-0.961583857255999,0.296,0.333,1,"KIF16B"
0.0835133963783557,-0.980184498868763,0.741,0.815,1,"IGFBP5"
0.0835544778492988,0.661289564797737,0.889,0.679,1,"IMMT"
0.0836229367772374,-0.991651771564845,0.259,0.358,1,"RIOK1"
0.0836297861434901,0.865626060641351,0.556,0.247,1,"IZUMO4"
0.0836881949131616,0.791813143626464,0.667,0.383,1,"SLC12A9"
0.083881273693923,-1.02745891556499,0.37,0.58,1,"SKIV2L"
0.0839234006869273,-0.840029388808452,0.37,0.519,1,"FANCL"
0.0839481662705478,-1.67143534607685,0.185,0.333,1,"ADAMTS19"
0.0842836252945468,-0.803770592562103,0.63,0.716,1,"SLC44A1"
0.0845394627135909,-1.08328133135277,0.815,0.704,1,"AARS2"
0.0846242544429973,-2.33268506909823,0.185,0.309,1,"ZNF675"
0.0847027328558831,1.75176339171545,0.259,0.173,1,"ACVR2B"
0.0847876916548657,0.537574414975902,0.741,0.506,1,"LRIF1"
0.0852900397279454,-0.587648269906329,0.519,0.531,1,"PIGB"
0.0854212761844455,1.05780427588529,0.704,0.531,1,"TRIO"
0.0855119229396966,-0.508847722870044,0.63,0.79,1,"C2orf40"
0.0858435334657777,-0.692617840329302,0.519,0.691,1,"ARHGAP24"
0.085865791422908,1.00913208906554,0.593,0.346,1,"GPATCH2"
0.0859488177250312,0.813164133692027,0.481,0.321,1,"HSD11B1L"
0.0860124976343455,0.784584596436895,0.444,0.185,1,"UCK2"
0.0862196069210717,0.559399991310836,0.778,0.519,1,"BMPR1A"
0.0866741171216462,-1.04367450495209,0.259,0.247,1,"ERO1LB"
0.0867384657561369,0.913801404275964,0.63,0.358,1,"FAM53B"
0.0867624900289539,1.13944972229482,0.667,0.358,1,"MAMDC2"
0.0868571771574286,-1.89856319447025,0.444,0.543,1,"IGF1"
0.0868637831905868,0.800348322359989,0.407,0.16,1,"BCORL1"
0.0871571387290296,2.60729030920561,0.259,0.148,1,"LOC100129518"
0.0874067314628439,-0.581747862545433,0.185,0.309,1,"RGP1"
0.0874260619944758,1.07161858021573,0.259,0.185,1,"OSBPL3"
0.0878878605180766,1.03565411933326,0.519,0.395,1,"FSD1L"
0.0879290311046694,0.960348160575503,0.444,0.185,1,"HBEGF"
0.0880652739926699,-0.722108434088887,0.111,0.259,1,"NDST3"
0.0880840628638679,1.46743683232569,0.407,0.173,1,"C7orf25"
0.0881473148406766,1.0569166920239,0.444,0.185,1,"MMAA"
0.0883961595111695,-1.07436633177395,0.259,0.272,1,"ZNF615"
0.0885361071843158,0.709187000068476,0.667,0.457,1,"COPS7B"
0.0886222713000711,0.574758243409708,0.889,0.679,1,"DENND6B"
0.0886278280680858,1.28315465874093,0.407,0.198,1,"NCKAP5"
0.0886303755175998,-1.23945275667707,0.185,0.383,1,"CBWD6"
0.0886671969250832,-0.853691412747749,0.444,0.617,1,"ZNF395"
0.0886983438144388,1.16073217042779,0.333,0.173,1,"GPR143"
0.0888829107351608,-1.47725998974154,0.148,0.296,1,"PARP12"
0.0888963140473513,0.617219575206518,0.63,0.519,1,"IMPACT"
0.0889648999406211,-0.55295808175873,0.63,0.704,1,"EXOSC6"
0.0891781530757282,-0.562250608494162,0.667,0.716,1,"OLA1"
0.089529020259934,1.36270639530775,0.444,0.173,1,"ENKUR"
0.0902495428296777,2.27656524047606,0.259,0.111,1,"LRP11"
0.0902683087089101,0.747993254135539,0.667,0.383,1,"ROGDI"
0.0902986959705605,-1.23030500709932,0.259,0.506,1,"LOC100216546"
0.0907077298517407,0.755344018273441,0.926,0.753,1,"KLC1"
0.0907671115651302,0.512267909040476,0.815,0.642,1,"RALA"
0.0908859987176526,0.533577272690754,0.556,0.481,1,"PTBP3"
0.0911668626723524,0.749117002409394,0.407,0.185,1,"SLC7A6OS"
0.0912061348524574,0.562971151864882,0.926,0.827,1,"EML4"
0.0913068038716142,0.636024153729745,0.704,0.506,1,"GTPBP4"
0.091508600314715,2.18582696478518,0.259,0.074,1,"PI4K2B"
0.0915610407063941,0.544089417779233,0.889,0.63,1,"CMPK1"
0.0915620843795032,0.654229913601517,0.926,0.728,1,"NUP214"
0.0915656733754612,-1.03336817998838,0.333,0.444,1,"NEDD1"
0.0916057666687111,-0.871577768634761,0.111,0.284,1,"SHMT1"
0.091630042861891,-0.804288817719724,0.481,0.679,1,"ADAMTS1"
0.0917455524234601,1.93877049466706,0.259,0.16,1,"FAM86B1"
0.0917600604406576,-1.80009249342169,0.185,0.296,1,"MEPCE"
0.0918971560850358,-0.928459222390656,0.259,0.185,1,"DHX37"
0.0920503972789482,-1.5026276367053,0.222,0.395,1,"SESN1"
0.0921905938717582,0.568659230768723,0.963,0.79,1,"NMT2"
0.0924677742429024,1.01889003580557,0.407,0.247,1,"PHLDA3"
0.0927435660912135,-1.04492232700029,0.148,0.284,1,"C12orf68"
0.0929216612344735,0.758862529172813,0.704,0.457,1,"RPUSD3"
0.0929708647100255,1.75136087662822,0.333,0.148,1,"B3GNTL1"
0.0929767364399579,-0.671504871700233,0.852,0.827,1,"CES3"
0.0932844507744747,-1.68653867146299,0.222,0.383,1,"REPS2"
0.0933330223109516,0.957373047356267,0.296,0.136,1,"ROBO2"
0.0936197154927327,1.13368473089458,0.667,0.37,1,"SALL1"
0.0937161540112476,0.843922709326305,0.815,0.543,1,"PFAS"
0.0937521406765654,-1.80265428372913,0.111,0.284,1,"NPHP4"
0.0938078989178326,1.12980841346627,0.593,0.272,1,"NUPL2"
0.0943263214865564,0.551561680821082,0.63,0.593,1,"FAM222B"
0.0944399464589458,-1.16230056841393,0.556,0.642,1,"RANBP9"
0.0947429718011546,-0.603212255944805,0.556,0.556,1,"DOLK"
0.0947560780292058,1.58835077262983,0.259,0.099,1,"PCP4"
0.0948401024156374,0.524252716430154,0.481,0.556,1,"SH2B3"
0.0948962261523786,-0.718840188173951,0.741,0.84,1,"PREX1"
0.094917911745813,1.45233987734386,0.259,0.099,1,"PQLC3"
0.0950575520261581,-1.11084739491038,0.148,0.309,1,"ADM2"
0.0951358017752963,-1.93842817198932,0.259,0.383,1,"BAHCC1"
0.0951418446949826,0.66159941338947,0.741,0.506,1,"CD302"
0.0953066120101598,-1.26885999505336,0.111,0.296,1,"LINS"
0.0955968255780748,0.722533051229814,0.37,0.272,1,"ZNF18"
0.0957628610344633,-1.12819771434578,0.407,0.531,1,"BCL9L"
0.096299919669018,1.35148048059776,0.481,0.222,1,"MAPK9"
0.0964863786299322,0.547435566019096,0.593,0.593,1,"LPIN1"
0.0965682230508917,0.75413073494478,0.741,0.432,1,"MVD"
0.0966680269870663,0.778609244444361,0.63,0.346,1,"NOV"
0.097113413760149,0.628053210982945,0.556,0.284,1,"C10orf118"
0.0972824040263059,0.660664525425611,0.778,0.457,1,"RUNX1T1"
0.0977288696767718,2.49332546418053,0.259,0.062,1,"ASIC1"
0.0980734557799227,-1.40217788848867,0.185,0.37,1,"THAP9"
0.0982546356671402,0.943519166640394,0.667,0.358,1,"NUP85"
0.0984888610687348,1.65934217086566,0.296,0.16,1,"HES6"
0.0985331046942019,-1.12734745699439,0.333,0.358,1,"FHIT"
0.0987049239173883,0.586795578966652,0.667,0.37,1,"PISD"
0.0987140761307065,0.714977513795138,0.63,0.321,1,"PLA2G4B"
0.0988723608943643,0.725018986165613,0.296,0.123,1,"ZBTB46"
0.0989096019323917,1.30107086128054,0.296,0.086,1,"TGFB1I1"
0.0991713663596657,-1.60340671353916,0.148,0.358,1,"RHOT1"
0.0992129800249477,-0.749317132046544,0.148,0.296,1,"NGFR"
0.0993358278065425,0.511990775242664,1,0.951,1,"CHD9"
0.0994120914825262,0.533134346778202,0.778,0.543,1,"WDR18"
0.0996391293392086,0.701536326207294,0.593,0.346,1,"ARPP21"
0.099653819873067,-0.793863645895809,0.37,0.531,1,"IFT172"
0.0997035680137938,-0.746717802616969,0.63,0.741,1,"WWP2"
0.100162306384425,0.502195262231087,0.926,0.778,1,"DVL3"
0.100180576552746,-0.816502633107443,0.444,0.617,1,"EID2"
0.100182639812933,1.25457273825338,0.37,0.185,1,"ZNF17"
0.100183983065865,-0.600152062616738,0.63,0.704,1,"DCTD"
0.100320042974869,0.667619582145648,0.704,0.556,1,"TMEM185B"
0.100326823828766,0.944279155849166,0.778,0.506,1,"TBC1D16"
0.100446349745349,0.696157781772708,0.741,0.679,1,"GPR107"
0.1007347444021,-0.867463642095456,0.296,0.383,1,"ADSL"
0.101022725916493,0.504790897615011,0.926,0.864,1,"AP1G1"
0.1011371637701,-0.515985061114895,0.519,0.667,1,"KIAA1430"
0.101168718130411,1.53482692266615,0.296,0.086,1,"PDSS1"
0.101236506964997,0.76843927285302,0.926,0.654,1,"MPPE1"
0.10167948585303,0.640732906903005,0.556,0.358,1,"SIAH1"
0.101718893338848,2.60824669658316,0.259,0.074,1,"MAP4K2"
0.102135501322797,0.798929857484106,0.815,0.531,1,"SMIM11"
0.102372322322656,-1.61820121059305,0.185,0.296,1,"LRCH1"
0.102416400515856,0.847909355242217,0.704,0.506,1,"ANAPC10"
0.102640858896622,-0.928825789978067,0.296,0.444,1,"SNX7"
0.102733624063328,-0.617928328337221,0.444,0.654,1,"GPC3"
0.102777462758616,-0.59874259330465,0.444,0.42,1,"B4GALT2"
0.103253367037571,0.860454559912268,0.704,0.556,1,"FAM20B"
0.103886483866901,0.54705736449071,0.704,0.543,1,"CRAT"
0.104001403379838,1.02516819135001,0.444,0.222,1,"PLD6"
0.104447028219918,0.707320569396716,0.37,0.16,1,"CACNA2D1"
0.104458389794282,-0.694787292230179,0.481,0.642,1,"GBP3"
0.104508169964552,0.979290095676564,0.704,0.691,1,"ZNF250"
0.10459652445534,-0.54134043988958,0.407,0.543,1,"SREBF1"
0.104640191763647,1.81513488826041,0.296,0.123,1,"ABHD8"
0.104918355168353,0.822332189015976,0.667,0.358,1,"GORAB"
0.105379607687464,0.851016699265031,0.667,0.407,1,"TMPRSS5"
0.105616903346333,0.720769088627814,0.407,0.198,1,"BLM"
0.105693445686884,-0.686119874191242,0.519,0.593,1,"MTMR11"
0.105706865113121,-2.32456271277287,0.111,0.296,1,"HNRNPA1P10"
0.105712701315347,-0.969142636841007,0.593,0.741,1,"STX2"
0.105814253799908,1.08845823212859,0.407,0.173,1,"CISD3"
0.105815433637338,0.878514108924724,0.556,0.272,1,"PHTF1"
0.105905767681254,0.543228188702169,0.556,0.296,1,"RRP1"
0.106263012056066,0.552666900282769,0.333,0.358,1,"FBXO25"
0.106317565508629,1.05127166788862,0.444,0.346,1,"EID2B"
0.106536554154321,0.730440535687554,0.778,0.506,1,"LGR4"
0.106570381283695,-0.663676590811896,0.444,0.383,1,"ABCC10"
0.106660956365923,-1.35862672184067,0.185,0.346,1,"FAM221A"
0.106852825091894,1.58653120919096,0.333,0.247,1,"CCDC117"
0.106872738509077,0.836415334593413,0.333,0.333,1,"PFKFB2"
0.107306633549689,0.788677253015242,0.556,0.506,1,"TRAF6"
0.107572330638708,1.12031824331624,0.593,0.284,1,"CYP2B6"
0.107761881279765,1.02239702564872,0.667,0.42,1,"CANT1"
0.107988336869553,-1.8334380575659,0.185,0.309,1,"LOC100506730"
0.108283046382227,1.32419534757529,0.37,0.173,1,"PRDM1"
0.108440148611965,0.652990928056853,0.963,0.753,1,"ZBTB3"
0.108499683209392,1.39320098937251,0.444,0.21,1,"ZNF767"
0.108634014909523,1.03367156367242,0.519,0.321,1,"SLIT3"
0.108634101420089,-1.99468757501316,0.37,0.333,1,"PCYT1B"
0.108728334618987,-0.663173710200152,0.481,0.58,1,"PTRF"
0.108807155076919,0.520541259072679,0.519,0.506,1,"HHLA3"
0.108893188300368,0.688668055197897,0.815,0.568,1,"IDE"
0.109165816195038,0.505028938998964,0.63,0.679,1,"FAM161A"
0.109299909083023,-1.84760160740601,0.296,0.395,1,"ENTPD7"
0.109318577216544,0.843841071427147,0.556,0.444,1,"LOC283693"
0.109592255490003,-0.608050270536718,0.815,0.852,1,"BDP1"
0.109611375395809,1.14937825005948,0.259,0.272,1,"C8orf31"
0.110029270655374,1.12644777776201,0.63,0.321,1,"SV2B"
0.110053914485635,0.612370806672695,0.63,0.37,1,"KIAA1407"
0.110066190290956,0.795734077141224,0.593,0.469,1,"MTERFD2"
0.110363439820239,0.823321182654257,0.667,0.519,1,"MTMR3"
0.110413804848792,-0.787805330885318,0.296,0.383,1,"SCFD2"
0.110574179209603,-0.513621658862732,0.556,0.704,1,"C4orf27"
0.110699420897592,1.23416367210584,0.444,0.284,1,"CCDC22"
0.110748322701663,-1.29804950951605,0.185,0.383,1,"PDE8A"
0.11076367696539,-0.862744575931284,0.333,0.519,1,"EPB41L4A-AS1"
0.110773709375988,-0.979850437847038,0.296,0.444,1,"ANKMY2"
0.110779183978406,1.30142216219882,0.296,0.123,1,"AKD1"
0.11085266152098,-0.685142562823775,0.481,0.593,1,"ORMDL3"
0.110874624709302,-0.609568711295269,0.296,0.457,1,"B9D2"
0.111634226921653,1.14129827841178,0.407,0.494,1,"YPEL1"
0.112286874778265,0.947606062335739,0.259,0.099,1,"BCAR3"
0.11258277161671,-1.05971958818713,0.852,0.815,1,"ZSCAN22"
0.112590452722538,0.656014829210128,0.741,0.444,1,"FAM92A1"
0.112601605216598,-0.58903964106822,0.704,0.864,1,"ARRDC3"
0.112751097882761,1.54325868763766,0.259,0.21,1,"STARD9"
0.112831108492383,-0.513506809672335,0.296,0.444,1,"C1orf229"
0.113150462711726,-0.735847480429441,0.741,0.852,1,"SGTB"
0.113535443900069,-0.635844024918373,0.37,0.259,1,"ZDHHC14"
0.113707028315172,0.820746581834599,0.778,0.716,1,"FOXRED2"
0.114032067070129,1.56124583345882,0.444,0.296,1,"ATP11C"
0.114078463704639,-0.558083834482811,0.63,0.753,1,"PLCD1"
0.114130939262398,0.511800308416345,0.481,0.519,1,"TVP23A"
0.11428966022589,1.08607589864177,0.481,0.222,1,"SYNC"
0.114338273662269,1.37811151125916,0.444,0.185,1,"ID1"
0.114433784753865,0.815118415866354,0.481,0.395,1,"MCU"
0.114849533345213,-0.878594948851893,0.333,0.444,1,"MED20"
0.114958833948083,0.541628586318939,0.926,0.765,1,"HIP1"
0.115303786245448,1.27340205550695,0.407,0.235,1,"SLC2A10"
0.11541351496135,1.11168910337208,0.37,0.235,1,"SPIN3"
0.115570058842259,0.732572346320944,0.852,0.728,1,"NME6"
0.115727161501703,0.550242101700205,0.778,0.506,1,"PIK3R2"
0.115876764005985,0.562064353980838,0.926,0.753,1,"FASN"
0.115968585668249,0.846507344941355,0.556,0.296,1,"TTC9C"
0.116137984019156,0.90401975248503,0.63,0.506,1,"LOC339803"
0.116260024002467,-0.846027299309862,0.296,0.383,1,"ADCY1"
0.116261069161011,1.13854269067918,0.556,0.333,1,"MAP3K1"
0.116369114324611,-0.841221431710468,0.185,0.296,1,"PPM1L"
0.116992187970789,0.596246743004946,0.778,0.556,1,"OSBPL8"
0.117815034608086,-0.672881847452814,0.556,0.494,1,"TMEM167B"
0.117896796352537,-0.805491370055249,0.148,0.296,1,"GUCY1B3"
0.11800841426716,-0.618470499756174,0.333,0.519,1,"CASP4"
0.118510288609153,-0.71988783928644,0.407,0.543,1,"ANO4"
0.118620172751253,-0.76348558757501,0.407,0.617,1,"UPF1"
0.118753685342469,0.659090555048545,0.667,0.432,1,"SLBP"
0.119212372281289,0.791338127272093,0.741,0.494,1,"DENND1A"
0.119289380439856,-1.42058506491149,0.185,0.358,1,"MAD2L2"
0.119351952754312,0.920612757259834,0.185,0.259,1,"WDR66"
0.119392967087492,0.854340229226251,0.407,0.198,1,"C16orf46"
0.119719840585775,1.72808341118142,0.444,0.272,1,"ZNF563"
0.119878468504054,1.46066500944326,0.407,0.173,1,"THY1"
0.120194857715393,1.03214747353981,0.519,0.235,1,"DAGLA"
0.120377710785832,-0.582713792101495,0.704,0.568,1,"PNMAL1"
0.120472351368915,0.557709550702127,0.593,0.358,1,"RRP1B"
0.120542925708129,0.97584998761927,0.444,0.21,1,"TRMT61B"
0.120703325432697,-0.713746743563068,0.296,0.457,1,"EZH1"
0.120784008448743,0.947385086262563,0.37,0.16,1,"AMDHD2"
0.120823660228722,1.22330926517804,0.37,0.148,1,"TMEM177"
0.120926734869731,-0.598711835036385,0.37,0.37,1,"SNHG10"
0.120954544911965,-0.912722325496808,0.296,0.296,1,"RINT1"
0.120959107353135,0.619039431986494,0.852,0.642,1,"LSM2"
0.12108022402763,0.791398694914071,0.667,0.457,1,"POLG2"
0.121197719115517,1.08728269379925,0.444,0.481,1,"FANCD2"
0.121777327219995,0.573209045686624,0.481,0.259,1,"LMBRD2"
0.121792218978142,1.01026784258235,0.667,0.605,1,"MSH3"
0.121962610440073,0.680330910898351,0.815,0.63,1,"ZMYM4"
0.122265831381103,-1.1742464487565,0.63,0.765,1,"ZNF33A"
0.122502861487026,-0.713094720717789,0.333,0.247,1,"ZNF41"
0.122784240992918,2.17203459967773,0.259,0.123,1,"PRKD2"
0.123217438697317,-1.11785917293892,0.296,0.358,1,"CALML4"
0.123517272358138,-1.55122691355808,0.111,0.284,1,"LRRC1"
0.123642561958194,0.880257680256437,0.741,0.494,1,"EPS15L1"
0.123736375574397,-0.640596963929717,0.444,0.617,1,"ACBD3"
0.123890164583521,0.812697207906906,0.556,0.321,1,"SMOC2"
0.1239965836367,-1.85274883710716,0.185,0.272,1,"BTN2A3P"
0.124086881557972,-0.521964455859256,0.667,0.654,1,"ABCF2"
0.124224169226702,0.864806384125285,0.741,0.457,1,"LINC00263"
0.124343110264479,1.34636764202051,0.519,0.259,1,"KCNJ3"
0.124446059345009,-0.736575993844862,0.259,0.383,1,"TTYH1"
0.12456778452037,-1.34411465829819,0.222,0.42,1,"C15orf57"
0.124692981629623,-0.703504287085666,0.296,0.457,1,"LOC401320"
0.124860663483866,-1.04788903252672,0.444,0.469,1,"CCNH"
0.124918116971108,1.09183382127541,0.444,0.222,1,"ASB1"
0.125018213708759,-1.17468397739485,0.259,0.37,1,"KAT8"
0.125178585257835,1.14425623128125,0.37,0.198,1,"SMPDL3A"
0.125327032145224,-0.78769913400296,0.63,0.667,1,"SKI"
0.125417590112475,0.777600993902082,0.481,0.457,1,"RAVER1"
0.125464898776422,-0.510974625466694,0.185,0.309,1,"NR2C2AP"
0.125544124905467,0.989961707356833,0.63,0.37,1,"BCYRN1"
0.125605729642084,0.538281596392919,0.667,0.383,1,"RING1"
0.126027178827363,-0.659546829904864,0.444,0.605,1,"RPSAP9"
0.126187807780287,-1.34831906944324,0.37,0.407,1,"CHML"
0.126195361511765,-0.833451401371947,0.481,0.593,1,"EMC10"
0.126336182120643,0.961414076725397,0.444,0.296,1,"KATNB1"
0.127116024503243,-0.734777366713516,0.333,0.481,1,"MOCS1"
0.127405493303878,-0.839626641964923,0.148,0.284,1,"ACSL4"
0.127427192058871,0.50402662881813,0.407,0.395,1,"PBLD"
0.127444876665417,0.812006200951069,0.259,0.247,1,"KCNAB1"
0.127601880051379,-0.948456268434869,0.185,0.321,1,"OR7E37P"
0.127646138496803,-0.964548836992445,0.148,0.309,1,"SCLT1"
0.12769815623685,0.687701757336977,0.704,0.506,1,"DCUN1D4"
0.127781863746009,0.593267122282015,0.778,0.519,1,"ZMYND11"
0.127849911574512,0.690968533691801,0.667,0.469,1,"FAM118B"
0.127940153364153,1.0838782564845,0.444,0.235,1,"TSPAN9"
0.128261119712981,-0.596068271081772,0.481,0.617,1,"PCIF1"
0.128367281455011,-0.544608947768754,0.667,0.716,1,"INPP5B"
0.128424204624521,-0.945006842583868,0.926,0.889,1,"TRIOBP"
0.128445602196175,0.602599579113782,0.704,0.432,1,"AGFG2"
0.128581687082214,0.589550831220899,0.63,0.506,1,"DDX42"
0.128744581371563,0.916978587584201,0.37,0.16,1,"ALDH1L1-AS2"
0.128882409361034,-1.49251138388567,0.111,0.259,1,"OGN"
0.129083923068224,1.43998256187422,0.333,0.222,1,"UPK3B"
0.129095008513628,0.616402111582467,0.593,0.494,1,"POLR3A"
0.129136298085194,-2.26133413687377,0.333,0.407,1,"SLFN13"
0.129141481299461,1.55519446597516,0.407,0.309,1,"CDYL"
0.129222372840814,-0.632796971795672,0.222,0.358,1,"PBOV1"
0.129381211037355,-0.818420617846627,0.407,0.457,1,"GAR1"
0.129590571223319,0.739083435299998,0.778,0.617,1,"SUGP1"
0.129744177718076,-0.671174287988982,0.333,0.469,1,"EPHA3"
0.130065287851542,-0.918222402738397,0.111,0.259,1,"MBNL3"
0.13024192612697,1.61004835351597,0.407,0.185,1,"LOC100294145"
0.130454078560214,0.551005819211091,1,0.889,1,"CLCC1"
0.130582719029571,0.84177243834835,0.704,0.519,1,"GLIPR2"
0.130917074679265,-1.1387281353113,0.444,0.605,1,"CLDN11"
0.131081845142099,0.685570554895994,0.667,0.481,1,"TPST1"
0.131099043179086,0.626528953282846,0.667,0.506,1,"BMP1"
0.131457806406419,1.06973204602759,0.593,0.37,1,"MAOA"
0.131515309998813,0.70187001819459,0.852,0.543,1,"FLJ42102"
0.131539901942822,0.88256248436219,1,0.84,1,"ZNF738"
0.131607209115256,-0.502638924170452,0.259,0.148,1,"ZBTB21"
0.131647409220924,0.777732216762113,0.667,0.481,1,"LOC493754"
0.131782193524471,-0.56663208290945,0.519,0.568,1,"CRELD2"
0.132182463251118,0.747004375982925,0.519,0.469,1,"SMAD9"
0.132185279077574,0.504817206368526,0.963,0.716,1,"NDUFS7"
0.132301501935854,0.854594526970065,0.667,0.556,1,"IGSF11"
0.132466985901401,0.59468764209022,0.259,0.247,1,"C8orf40"
0.132625566391354,-0.68885124438638,0.259,0.407,1,"LOC93622"
0.132707635250642,1.28715806907577,0.296,0.296,1,"ZNF461"
0.132800341054637,1.14150105440078,0.296,0.185,1,"C19orf47"
0.132919937976259,0.527341821451424,0.741,0.728,1,"SPTLC2"
0.13314890760121,0.877263844583525,0.37,0.444,1,"SNX22"
0.133448270092972,0.960810073098639,0.296,0.123,1,"TENM1"
0.133633416222071,-0.747603853942419,0.333,0.37,1,"THOC6"
0.134132760008057,-0.895419645275907,0.37,0.506,1,"IPO4"
0.13419761601866,-0.621330412952952,0.148,0.296,1,"CFB"
0.134308245915087,0.773108237698074,0.481,0.235,1,"KIF1A"
0.134317720348138,-0.886052771513635,0.259,0.284,1,"TBC1D1"
0.134596597538655,0.801577495764502,0.667,0.42,1,"TPD52"
0.134765542811006,0.682049096558353,0.815,0.617,1,"FAM5C"
0.134863398923492,1.03732215831854,0.556,0.272,1,"MAPT"
0.134880365481549,0.641224071761038,0.667,0.58,1,"LANCL1"
0.135068853582574,1.54410041080167,0.296,0.148,1,"METTL25"
0.135572326112488,0.793186636390413,0.741,0.519,1,"MED1"
0.135673699189043,-0.615367078284934,0.37,0.58,1,"FBXO8"
0.135683485170051,-0.655136281572219,0.37,0.531,1,"OSCP1"
0.13576824427917,0.500807372804095,0.963,0.778,1,"UPF3A"
0.135813857727534,-0.502646530661288,0.444,0.605,1,"INTS10"
0.136101383212167,2.14654010651132,0.259,0.086,1,"ZNF221"
0.136198628295998,0.96172078797822,0.259,0.111,1,"OGDHL"
0.136320882848601,0.890592771951777,0.407,0.284,1,"WRNIP1"
0.136327934221345,1.06152395105077,0.407,0.185,1,"MIS18A"
0.136355910658624,0.781685972711062,0.593,0.37,1,"URGCP"
0.136412377186562,0.596324779906597,0.63,0.395,1,"MLLT3"
0.136959725450583,-0.958564389296806,0.259,0.42,1,"FAM35DP"
0.137170207887731,-0.632521888105388,0.593,0.642,1,"BAP1"
0.137703576382434,1.00206795191959,0.333,0.148,1,"LOC100288198"
0.138137967233207,0.524788999482303,0.593,0.506,1,"SCRG1"
0.138141507419233,-1.57699961708954,0.148,0.333,1,"COL27A1"
0.138194016908966,-0.648585387043387,0.63,0.741,1,"TAF1D"
0.138224472763354,-0.595671899818693,0.519,0.593,1,"KHNYN"
0.138904458875078,-1.21093389699353,0.37,0.383,1,"ZNF503"
0.138953244425782,-1.46331878816738,0.148,0.296,1,"UBN1"
0.139183367595228,0.832236591231172,0.37,0.185,1,"LENG1"
0.13941645564159,0.902672531898965,0.593,0.432,1,"QPRT"
0.139716820479286,1.08448239480398,0.333,0.136,1,"PPP1R13B"
0.140086186634559,1.44401917101789,0.37,0.16,1,"IGHMBP2"
0.140355514936971,0.878030849533143,0.519,0.333,1,"MRPL54"
0.140581883050632,0.534160854741116,0.926,0.728,1,"LIMA1"
0.140662589074019,-0.632488799642694,0.667,0.765,1,"UGDH"
0.140822480960525,0.853646889088085,0.667,0.42,1,"ALDH1L1"
0.140830915255376,-0.891147575927363,0.852,0.84,1,"ZNF280C"
0.140877141690096,-1.62405468444319,0.185,0.272,1,"PLK2"
0.140919369275852,0.567292666148435,0.889,0.728,1,"DCTN5"
0.14144314374178,0.725118672140342,0.407,0.21,1,"TSEN54"
0.141490726724451,-1.43732399820319,0.111,0.309,1,"SPOCK3"
0.141729684441422,-0.924779444590806,0.259,0.358,1,"MYO19"
0.141804175027831,0.857868702413398,0.519,0.296,1,"VPS33B"
0.141939726608384,1.10609437734615,0.556,0.383,1,"ARMCX4"
0.141967520922926,-1.34966735622457,0.593,0.667,1,"CC2D1B"
0.142262733715559,-1.42599566022445,0.148,0.272,1,"POU6F1"
0.142568773551146,-0.895578464004259,0.296,0.407,1,"VEGFB"
0.142654795013795,-1.3989265014979,0.222,0.358,1,"CA5BP1"
0.142775787399072,0.889822786149685,0.519,0.259,1,"CAB39"
0.14281821275156,-0.756405968696276,0.444,0.593,1,"GPHN"
0.142929118860758,0.525934560911251,0.815,0.58,1,"FAM171B"
0.142990548237232,0.563557882944901,0.963,0.852,1,"TJP1"
0.143052065040387,0.789607273304581,0.63,0.506,1,"CENPBD1"
0.143122953801717,-1.06154724381929,0.185,0.321,1,"HSPG2"
0.143215202439802,-0.520484184887951,0.333,0.444,1,"VIPR2"
0.144048503937144,-0.686458937247978,0.333,0.481,1,"C8orf86"
0.144671637568535,1.06805385820002,0.63,0.383,1,"MBTPS2"
0.144783215738052,1.9517714125865,0.259,0.111,1,"ADAM11"
0.144843973994334,-0.795209725406579,0.741,0.642,1,"FBXL19-AS1"
0.145217221956429,-0.772052756789808,0.259,0.383,1,"MTHFSD"
0.145233535900108,-0.850039615915458,0.37,0.519,1,"YIPF2"
0.145264278062773,-0.591690685710433,0.593,0.728,1,"WDR35"
0.145414649160275,1.01260112532645,0.222,0.296,1,"HLA-DOA"
0.14573814745009,0.911617289294511,0.519,0.321,1,"GPN3"
0.145854026194061,-0.552665059327129,0.593,0.58,1,"TPM1"
0.146007091484451,-0.518726593320199,0.333,0.358,1,"HIST1H1E"
0.14608941380886,0.584735391984604,0.926,0.704,1,"MOB4"
0.146465687784814,0.859854759290911,0.296,0.136,1,"TACC2"
0.146555325846178,0.569661081052656,0.741,0.494,1,"CETN3"
0.146572159199971,-1.12269592193675,0.519,0.457,1,"ZNF766"
0.146740335253408,1.68763115818715,0.296,0.16,1,"LARGE"
0.14753829555294,-0.651860466776298,0.407,0.358,1,"PARP8"
0.147930484431959,0.68745290826253,0.407,0.198,1,"KLHDC8A"
0.147966185280476,-0.843691720312493,0.296,0.432,1,"SEMA3B"
0.148217081669514,0.867613437055782,0.481,0.272,1,"TAP2"
0.148239974937845,-1.3606061792783,0.222,0.259,1,"ARHGEF10L"
0.148274412281296,-1.2526484707772,0.296,0.469,1,"HUNK"
0.148337340196777,0.729439342051688,0.778,0.593,1,"BLCAP"
0.148456542418001,-0.672085342832838,0.148,0.309,1,"PYROXD1"
0.148861010661646,1.01886248695978,0.556,0.296,1,"ITPKB"
0.150441291175398,1.17732252832897,0.519,0.272,1,"LRRTM3"
0.150540085986077,1.44271990846359,0.556,0.407,1,"ZNF667"
0.150562025343935,-0.533369122072943,0.63,0.481,1,"SNF8"
0.150993485274771,0.610937988467207,0.741,0.605,1,"B3GALTL"
0.151427005404672,0.733053115309333,0.593,0.358,1,"CAMK1"
0.15158646140714,-0.561370526835499,0.778,0.667,1,"FRA10AC1"
0.151633406170865,0.800466781149425,0.667,0.432,1,"MMP16"
0.151717480911145,-0.604042978367441,0.778,0.84,1,"GOLGA8B"
0.15210675235962,1.20797687044167,0.296,0.099,1,"UBTD2"
0.152142435589202,-0.614259334554559,0.481,0.519,1,"POLR3GL"
0.152325548256564,-0.846515983369083,0.259,0.407,1,"FAM134B"
0.152418629056604,0.735634030599448,0.815,0.556,1,"FRMD8"
0.152420500289251,0.785003059499408,0.63,0.407,1,"CCDC41"
0.152538971113058,1.32602980312519,0.481,0.235,1,"SLC19A1"
0.152683443464448,0.729250514796534,0.593,0.383,1,"IFT140"
0.153445198501333,0.69959939519118,0.889,0.679,1,"DSCR3"
0.153560579997341,-0.831150177744178,0.444,0.296,1,"MEX3A"
0.153622102530516,0.657959335728981,0.704,0.457,1,"NIT1"
0.153660495444376,1.00951591576983,0.296,0.198,1,"HACE1"
0.153851495201723,0.589908363721442,0.852,0.728,1,"UBE2Q2P1"
0.153853097629462,-0.642298280330642,0.63,0.556,1,"RMND5A"
0.153906917081844,0.556385507037845,0.889,0.691,1,"APOA1BP"
0.153961795277355,0.704969720223022,0.556,0.321,1,"MED21"
0.153994980436125,-1.05328268947622,0.407,0.457,1,"IPW"
0.15414346676467,0.589304584889025,0.889,0.815,1,"ATP6V1A"
0.154646777791276,-0.732031843800516,0.741,0.827,1,"PCGF5"
0.154770415501529,0.552073644493055,1,0.938,1,"ZNF264"
0.155270192064142,0.735051997311789,0.963,0.84,1,"KIF18B"
0.15527214904987,-0.65921858333159,0.407,0.457,1,"SETD6"
0.155471234721324,0.669960642511902,0.667,0.407,1,"LDB2"
0.15561891672247,0.719419658355458,0.63,0.457,1,"CCDC130"
0.156170544419312,-1.00915190883167,0.222,0.358,1,"WDR24"
0.156259851657388,0.636900275069193,0.481,0.407,1,"TTC5"
0.156261293346127,-0.706614167270678,0.556,0.704,1,"LOC440173"
0.156396325439234,0.685381196567101,0.481,0.395,1,"METTL13"
0.156465045961378,0.705203026928868,0.63,0.407,1,"ABHD12"
0.156765279717802,-0.5239265814264,0.481,0.654,1,"QSER1"
0.156926468173292,0.712575780527689,0.778,0.667,1,"ZNF677"
0.157023265456976,1.48776397760581,0.296,0.136,1,"TGDS"
0.157036840397362,0.639824121597267,0.852,0.593,1,"TM7SF2"
0.157083118971827,0.653447638502211,0.926,0.716,1,"SLC9A7"
0.157144970103508,-1.56087758837525,0.185,0.309,1,"MAP3K3"
0.157252820425415,0.602284844643879,0.333,0.333,1,"GHDC"
0.157281237012579,-0.763497933034004,0.481,0.568,1,"VAV2"
0.157349310993322,1.00541769423061,0.667,0.333,1,"SRGAP2D"
0.157390468101784,0.54087532133633,0.926,0.864,1,"NEO1"
0.157693758157754,-0.76654501861425,0.741,0.815,1,"PPP1R12B"
0.157849999053562,1.51040587959108,0.444,0.198,1,"SLC25A22"
0.157863959578118,-0.74489426071775,0.407,0.407,1,"JRK"
0.157925554731988,-0.755251634133527,0.222,0.383,1,"FAM133B"
0.157947511529729,0.964859117806569,0.37,0.259,1,"RBM24"
0.158090251326781,0.591383885216009,0.593,0.519,1,"SCYL2"
0.158278076100142,-0.872638454843618,0.296,0.444,1,"INTS12"
0.158471584808392,0.753710715461402,0.815,0.642,1,"UBXN7"
0.158868367973145,-1.63567604338522,0.148,0.284,1,"SLC25A16"
0.159302395632158,-0.501109882100045,0.37,0.531,1,"FBLN5"
0.159398987841137,0.772629719463964,0.63,0.432,1,"DNM1"
0.159649131929682,0.767405060486053,0.741,0.531,1,"FLOT2"
0.159992026481187,0.639164204663888,0.741,0.519,1,"RAB30"
0.16037214152188,-0.91945441021864,0.222,0.358,1,"PODN"
0.160522296700079,-0.693702355376331,0.37,0.494,1,"CRTC2"
0.160651436044097,0.883437835340186,0.556,0.395,1,"NBPF7"
0.160805593661139,0.69138628225235,0.704,0.494,1,"TCAIM"
0.160902547922988,1.08763953745324,0.407,0.185,1,"KIF26B"
0.160974194069616,1.79926540095407,0.333,0.136,1,"CATSPER2P1"
0.160986266672711,-1.33775189871542,0.222,0.346,1,"SEMA3E"
0.161177026925535,0.655682803703229,0.444,0.235,1,"TST"
0.161577344016247,-1.16912590663887,0.185,0.272,1,"ZNF786"
0.162093187299483,0.613384721109973,0.444,0.432,1,"PACRGL"
0.162459855444246,-0.958649816929579,0.556,0.531,1,"MORN4"
0.162531292123112,0.539904770167462,0.815,0.63,1,"NAA50"
0.162797840248887,0.8210166415407,0.704,0.531,1,"VANGL2"
0.16314161001176,-0.635170576983111,0.963,0.84,1,"PRKXP1"
0.163390467094587,0.808697300700946,0.63,0.457,1,"UHRF1"
0.163407871335728,1.29002756007771,0.407,0.173,1,"LOC100499183"
0.163481687788945,1.18467490959223,0.407,0.185,1,"C6orf132"
0.163510526826249,1.1200896019526,0.296,0.198,1,"SYNPO"
0.163541098373855,-0.588800021830232,0.444,0.617,1,"CBWD2"
0.16377701427615,1.23049948090171,0.37,0.247,1,"SLC26A6"
0.164414634761462,-0.982090059568128,0.185,0.321,1,"PTRH2"
0.164523775479567,1.58122050905649,0.222,0.284,1,"FHAD1"
0.164779288569585,1.13319848688808,0.259,0.099,1,"TBC1D8"
0.164861477553281,-0.566323927676735,0.667,0.605,1,"FECH"
0.16499157693332,-0.906522570820952,0.148,0.296,1,"PMEPA1"
0.165546710877583,-0.674662685251518,0.444,0.469,1,"MTIF2"
0.165640470785304,0.680839851611513,0.778,0.543,1,"ARAP2"
0.165807044260687,-0.614333149579347,0.519,0.667,1,"RC3H2"
0.16600079044673,0.625972008005413,0.704,0.469,1,"KLHL11"
0.166254322305705,0.821419997950881,0.667,0.481,1,"TUBG1"
0.166433103166962,0.864681307425206,0.519,0.444,1,"SMURF2"
0.166540078469027,0.92792613423967,0.852,0.617,1,"ZNF566"
0.166741561919827,-0.915201875905106,0.407,0.605,1,"ELP2"
0.166830415582233,1.0345393056172,0.519,0.272,1,"FAM49A"
0.166885784027818,0.706858533325531,0.593,0.333,1,"WDR49"
0.166902949667908,2.24338428682155,0.259,0.086,1,"PTCH2"
0.166956160241762,0.74119722667322,0.63,0.407,1,"TMEM161A"
0.167077835661463,-0.512313041486266,0.333,0.457,1,"MSS51"
0.16721125477176,-0.73774282641287,0.259,0.395,1,"TMED3"
0.167377187084755,-0.849672915110449,0.296,0.383,1,"HACL1"
0.167413644723619,0.607204484843433,0.63,0.543,1,"PTPN23"
0.167423922171414,0.60911804038097,0.444,0.235,1,"CHCHD6"
0.16754860094589,-0.646628976371707,0.444,0.506,1,"C1orf85"
0.167602433905148,-0.756964514303497,0.148,0.272,1,"ROM1"
0.167934486588519,1.18228666323856,0.556,0.494,1,"FAM105B"
0.168485064951825,0.828440970216,0.481,0.296,1,"PPP3R1"
0.16862659894045,1.02306967037072,0.259,0.111,1,"HPS6"
0.168708562430333,0.841305251205887,0.63,0.42,1,"LOC155060"
0.16871345913986,0.69331683611392,0.815,0.617,1,"MAGED4B"
0.168790722668796,0.947427410474735,0.259,0.099,1,"P2RX4"
0.168880411532677,-1.89819638607858,0.111,0.272,1,"SCYL3"
0.168918564329047,-1.01477592646405,0.296,0.42,1,"KIAA1211"
0.169040591307375,0.519694233024905,0.556,0.395,1,"BCHE"
0.169195460059118,-0.565373742499597,0.667,0.753,1,"RWDD1"
0.169553032369651,1.40137892266621,0.296,0.148,1,"NRM"
0.169793337412368,0.771139622796516,0.593,0.457,1,"COMMD7"
0.170788349939473,-1.71872002370691,0.111,0.272,1,"PDK1"
0.170882145199471,-0.623330385750027,0.704,0.691,1,"SERPING1"
0.171005898899951,-2.34191634652281,0.111,0.259,1,"LOC100272228"
0.17125782460801,1.14304341763489,0.37,0.16,1,"FANCG"
0.171366285248691,-0.947575705671083,0.667,0.728,1,"PBRM1"
0.171436866671681,-1.0097069618699,0.37,0.444,1,"TRPM3"
0.171886711599555,0.639852954536404,0.741,0.469,1,"TXNL4B"
0.172028415414305,0.62867937257129,0.852,0.617,1,"PGRMC2"
0.172584104511124,1.15462469444268,0.37,0.21,1,"DGCR6"
0.172976429663859,-0.713974394115261,0.444,0.42,1,"SLC25A29"
0.173154092483453,0.608651460085237,0.481,0.259,1,"KDM2B"
0.173219226870663,-1.12264903903202,0.185,0.346,1,"BMP2K"
0.17345619101955,-1.09771292049219,0.148,0.272,1,"SNORA70"
0.173544597381092,2.15325231039091,0.259,0.074,1,"PXN-AS1"
0.17368346639751,0.604017419341462,0.852,0.691,1,"SRGAP2"
0.174435267418899,-0.879227530784937,0.481,0.519,1,"LRP2BP"
0.175620670804986,0.8629628454771,0.407,0.321,1,"ATMIN"
0.175917418489436,0.571356729875134,0.778,0.543,1,"NCAPH2"
0.176324878734011,0.689978172654761,0.481,0.309,1,"ABHD3"
0.176418866388453,0.637234095000777,0.741,0.543,1,"CORO1B"
0.176491556397319,-0.548353495660577,0.593,0.716,1,"SWAP70"
0.176506935054705,0.827609560794356,0.333,0.173,1,"ZBTB6"
0.176541334048438,0.684988324503489,0.556,0.346,1,"STK38L"
0.176942473839274,0.723990584833885,0.852,0.753,1,"KCNE4"
0.177208780857693,0.591221410329926,0.63,0.383,1,"SLMAP"
0.178196369502167,1.79656365901607,0.407,0.16,1,"NIPA1"
0.178406220273601,0.936571151656649,0.593,0.346,1,"FBXL15"
0.178642404448834,1.18901754160767,0.296,0.16,1,"PRDM15"
0.178690084903405,0.579174423745025,0.704,0.568,1,"XRRA1"
0.178761524775162,-1.25240650246652,0.259,0.284,1,"ZNF433"
0.179087780014249,1.51224193226722,0.296,0.111,1,"UBALD2"
0.179110552777385,0.956555488188112,0.519,0.272,1,"SETD1B"
0.17932212261226,0.844067140835664,0.667,0.37,1,"PIEZO1"
0.179329944159054,0.682142983987509,0.815,0.58,1,"SOGA1"
0.17945584794843,0.632383362199136,0.815,0.617,1,"ATP2B4"
0.179592987076803,0.603213978837407,0.63,0.42,1,"BCAR1"
0.179909675034972,0.571905259010429,0.963,0.815,1,"DSTYK"
0.179961638123686,-0.899043384699435,0.259,0.407,1,"ZFHX2"
0.180017285082357,-0.605095522070482,0.444,0.543,1,"C16orf88"
0.180060160780311,0.607677228032134,0.704,0.519,1,"H3F3A"
0.180071539422111,-0.586184187559133,0.63,0.741,1,"MINA"
0.18021267175293,-0.533284814041347,0.148,0.284,1,"FLYWCH1"
0.180292239812253,-0.603701378571291,0.296,0.494,1,"SLC33A1"
0.180480707213147,0.526896592550631,0.333,0.173,1,"NTAN1"
0.180560385503381,0.809783734012119,0.407,0.247,1,"TMEM251"
0.180833623640118,-0.585974957312317,0.222,0.37,1,"NPHP3-ACAD11"
0.180837777742814,0.736895985757046,0.37,0.222,1,"LINC00472"
0.181296713009102,-1.23232322030888,0.148,0.284,1,"CASP7"
0.181683893294252,0.54211832492641,0.444,0.42,1,"RCOR1"
0.181937257781978,0.586493553151261,0.704,0.432,1,"ADNP2"
0.182007373534237,0.632931832655417,0.63,0.432,1,"PML"
0.182595777451076,0.770290006788169,0.667,0.432,1,"ANKS6"
0.182618159894183,0.858815161771826,0.593,0.42,1,"TRIM44"
0.182647660406983,-0.588466462148477,0.407,0.543,1,"CEP95"
0.182700513171482,0.666821289003749,0.444,0.395,1,"LIMD2"
0.182966802693214,0.54919977916018,0.259,0.111,1,"C1orf192"
0.183597098021537,0.981624275570369,0.519,0.272,1,"HARS2"
0.183940566429068,-0.554075200975017,0.222,0.37,1,"LOC100144595"
0.184079506014554,0.503076240709068,0.667,0.457,1,"GGA3"
0.184090330070624,0.617718817993052,0.444,0.222,1,"NDE1"
0.184449102802809,-0.548483090599056,0.37,0.519,1,"MIER3"
0.184684893906158,-1.6822624917191,0.148,0.321,1,"MAATS1"
0.185048033678826,-2.11717947195953,0.444,0.494,1,"TSHZ2"
0.185117884522754,0.519123831945528,0.704,0.494,1,"DPCD"
0.185219746814452,-0.793553051069411,0.259,0.284,1,"SOCS6"
0.185332426503023,-0.684917984106007,0.444,0.556,1,"PTPRB"
0.185398246988109,0.739171732355099,0.63,0.383,1,"PVRL1"
0.18548437956868,0.706492278654159,0.667,0.481,1,"CORO1C"
0.186248600603706,0.672210654874602,0.333,0.148,1,"ANKMY1"
0.186263681901348,-0.766421984609667,0.481,0.58,1,"SLC7A5P2"
0.186337404023562,-0.56246676183268,0.556,0.679,1,"RXRA"
0.186662937542143,1.09231779971455,0.444,0.198,1,"CEMP1"
0.187213293632972,0.54520428723098,0.63,0.457,1,"CHCHD1"
0.187625007823299,-1.43245400656284,0.185,0.346,1,"DLEU1"
0.187831428902578,-0.658984353830667,0.667,0.63,1,"ITPR1"
0.187982436883862,-0.536041982992253,0.741,0.765,1,"PDHA1"
0.188461892421567,0.504580877873867,0.259,0.111,1,"NME9"
0.188672539622605,0.544843964354068,0.926,0.753,1,"ACACA"
0.188767850142705,-0.790284658093032,0.444,0.605,1,"LRIG2"
0.189003944463969,0.766718475352123,0.296,0.259,1,"ZNF689"
0.189195839699786,0.574777275704711,0.778,0.605,1,"UROS"
0.189213019185021,1.56505505375673,0.37,0.21,1,"SHC3"
0.189619250328468,0.892423295790269,0.741,0.519,1,"BTBD10"
0.189641513616899,0.838561440634726,0.37,0.16,1,"SOX13"
0.189686010254338,0.79490531766665,0.407,0.247,1,"DHRS1"
0.189707020511894,-0.610476197169989,0.333,0.481,1,"SENP1"
0.190101690951919,-0.511081270207975,0.481,0.605,1,"SYVN1"
0.190236710199061,0.684839303695941,0.593,0.457,1,"PQLC1"
0.19054529623504,0.61027670819549,0.37,0.21,1,"RBAK"
0.190802216607242,1.19725810360237,0.407,0.321,1,"LOC100506469"
0.190826074033957,1.00978300930972,0.741,0.519,1,"SLC15A2"
0.190976004664334,1.18480197472995,0.63,0.42,1,"ZFP30"
0.191818069887112,-0.648144899958653,0.593,0.654,1,"CYHR1"
0.191963129937509,-0.712005777055581,0.222,0.358,1,"PHLDB2"
0.192042208253063,0.714957287372756,0.556,0.395,1,"LOC729013"
0.192087378202288,0.758507577201829,0.704,0.543,1,"RP2"
0.192089527001425,1.02716788261183,0.37,0.16,1,"ZNF121"
0.192532427979291,0.599001650531836,0.667,0.519,1,"MRPL47"
0.192768812301083,-1.11401003509163,0.148,0.272,1,"SRPX"
0.192985021506274,0.677600956256747,0.444,0.469,1,"ASMTL-AS1"
0.193007519846707,-0.772214759310742,0.296,0.395,1,"HYI"
0.193629564128598,0.515600993544898,0.889,0.654,1,"APBB1"
0.193665830817088,1.37387757996792,0.296,0.111,1,"ATG4A"
0.194119425848549,-0.863720115639191,0.185,0.296,1,"PRDM5"
0.19418491919753,-0.780563967352533,0.222,0.309,1,"BCL7B"
0.194231328034171,0.965164686843427,0.333,0.148,1,"CSGALNACT2"
0.194571608509321,0.839465737364553,0.519,0.333,1,"C11orf96"
0.194824326119343,1.24170988850897,0.481,0.247,1,"BEND2"
0.19482704532062,-0.62958559854334,0.519,0.617,1,"ABHD6"
0.19492705781305,-0.633047828449242,0.148,0.259,1,"CCDC77"
0.19494066444758,0.566598582552302,0.296,0.136,1,"PCDHB5"
0.194994095411371,2.23059384118197,0.259,0.16,1,"SHCBP1"
0.195764966595321,-1.80629065859781,0.185,0.284,1,"CENPH"
0.195835349138519,0.681073400054035,0.519,0.296,1,"RNF135"
0.195984643123981,-0.833996321265212,0.185,0.296,1,"PIGC"
0.196337134652341,0.849491096731931,0.704,0.605,1,"ADAMTS9"
0.196446542545943,0.637057133660179,0.593,0.469,1,"MFN1"
0.196475472681983,-0.710717925189011,0.185,0.333,1,"ITGB3BP"
0.196609666620972,-0.531476445702111,0.481,0.642,1,"CITED2"
0.196761755422214,-1.62223156478273,0.185,0.259,1,"VWA2"
0.196986025123431,0.732480070190227,0.333,0.173,1,"RNFT1"
0.197270968305465,0.744873248891175,0.704,0.506,1,"ATR"
0.19732096420565,-1.56255864921827,0.148,0.321,1,"SLC16A9"
0.197321544667935,-0.974442761282389,0.148,0.259,1,"ULBP1"
0.197340897791215,0.514321275024548,0.889,0.741,1,"FYTTD1"
0.197492555757624,1.35091013012822,0.333,0.173,1,"LMOD1"
0.197593391969606,0.716260796084711,0.296,0.136,1,"LACTB2"
0.197781441602678,0.946583906454101,0.407,0.284,1,"BYSL"
0.197786179453183,0.766918143830986,0.333,0.16,1,"GAS2L3"
0.198013462374318,1.00263827298897,0.481,0.247,1,"DUSP8"
0.198050120356198,-0.595877656252635,0.333,0.469,1,"ADAL"
0.19813470928433,-1.2658492281354,0.148,0.272,1,"TMOD1"
0.198569069607403,0.654777732119537,0.593,0.37,1,"GMNN"
0.198940651057812,0.94200535864797,0.407,0.21,1,"SCRIB"
0.199002033065325,-0.63848112526305,0.741,0.79,1,"ZNFX1"
0.19915581614573,0.603294360982356,0.889,0.679,1,"KBTBD6"
0.199538018732022,0.747864551394447,0.593,0.358,1,"TSC22D4"
0.199851861124758,0.561110761767396,0.741,0.506,1,"DIP2C"
0.200074334421003,-1.38202819433247,0.185,0.259,1,"PNP"
0.200139911410695,-1.14818231640485,0.148,0.259,1,"CCL2"
0.200217266009644,0.779828936763525,0.296,0.259,1,"PLA2G15"
0.200416259484834,-0.908948594522916,0.222,0.259,1,"RFFL"
0.200872954601003,0.977837912407529,0.519,0.247,1,"IFIT2"
0.201056829934124,1.34250476454789,0.296,0.136,1,"SMPD2"
0.201234247449068,0.841806676621238,0.333,0.16,1,"ZNF200"
0.201311086784678,-0.765394612343923,0.667,0.728,1,"TRIM59"
0.201316993513504,0.593128120005783,0.889,0.704,1,"KIAA1467"
0.20132064685305,0.709002315251804,0.296,0.222,1,"NOD1"
0.201368634848181,0.682706491296847,0.37,0.185,1,"ZNF668"
0.201482747946557,0.64839289646713,0.852,0.667,1,"MED12"
0.201488934827226,-1.06404606889387,0.148,0.284,1,"SNHG15"
0.202084946130199,-0.685652698899944,0.37,0.519,1,"MED17"
0.202408822101102,1.07584096168353,0.296,0.198,1,"ZSCAN16"
0.203243269484912,-0.670979251839678,0.296,0.432,1,"TULP3"
0.204521167362129,0.730369371594966,0.481,0.309,1,"APH1B"
0.204624270333322,0.733543782381761,0.519,0.358,1,"ARL17B"
0.204644262782657,1.39863273245144,0.259,0.086,1,"GPAT2"
0.204862262186739,-1.12898339885337,0.222,0.259,1,"MAP2K3"
0.204892996312202,-0.68137438376391,0.926,0.864,1,"RRP15"
0.205140430128993,0.597821935844984,0.741,0.506,1,"ZNF747"
0.205334979261791,1.09163952492961,0.37,0.185,1,"NRIP2"
0.205340892337396,0.61169242935098,0.889,0.753,1,"EYA3"
0.205538283118894,0.673862979601218,0.444,0.222,1,"TOMM40"
0.205714054835937,0.795831345229169,0.63,0.494,1,"WNT5A"
0.206554052402683,0.604997178743687,0.852,0.667,1,"STMN3"
0.206560617124944,0.553557565852672,0.667,0.457,1,"COPS3"
0.206622550758614,0.676247705559845,0.519,0.333,1,"RNGTT"
0.207132628072663,0.72672931057587,0.704,0.543,1,"POLD4"
0.207451752682088,1.27219339299034,0.519,0.407,1,"STX1B"
0.207518083660745,-0.625735361637937,0.481,0.667,1,"MYNN"
0.207573014760767,0.530134857340534,0.37,0.407,1,"CTSL2"
0.207618521794226,0.685423338755504,0.667,0.58,1,"EGFEM1P"
0.207735681499954,0.822582206323525,0.593,0.407,1,"CERCAM"
0.208026161975447,-1.24386832770395,0.185,0.333,1,"TUB"
0.208037838186514,-0.633773388248659,0.519,0.654,1,"CHSY1"
0.208099010049139,-0.951955652630899,0.37,0.42,1,"GRIK5"
0.208154919773465,0.52426663285501,0.926,0.667,1,"MYO16"
0.208554923544609,0.915424771868598,0.556,0.383,1,"CCDC174"
0.208582368325589,1.08808512989202,0.407,0.333,1,"ERICH1"
0.208638348567071,0.703050157534852,0.407,0.309,1,"LOC595101"
0.20867134799891,0.795646437405799,0.481,0.395,1,"DYX1C1"
0.208827657462818,0.724014530574791,0.667,0.395,1,"SRF"
0.209236680913502,0.601003331434899,0.815,0.593,1,"NGLY1"
0.209300820458721,0.604343470249554,0.593,0.494,1,"PIGH"
0.209456776563323,1.52012080897681,0.444,0.235,1,"STMN4"
0.209743329687438,0.66089046473472,0.407,0.346,1,"ZKSCAN5"
0.209935185976593,-0.57657248160884,0.37,0.494,1,"MALSU1"
0.209950543964492,-0.754593629452993,0.444,0.568,1,"TAF1"
0.210280065122426,0.970063460692963,0.444,0.284,1,"VPS18"
0.210310095320477,0.899948067994637,0.407,0.198,1,"APC2"
0.210316347765355,1.34509135540075,0.37,0.21,1,"GHR"
0.210344479576394,-0.614713971376057,0.519,0.568,1,"MVP"
0.210444712633514,1.23305588202271,0.63,0.395,1,"REV1"
0.210503314148411,0.677331210286609,0.63,0.383,1,"DAXX"
0.210580408312912,0.592728562609975,0.407,0.333,1,"TOM1L1"
0.210663181105078,1.14906028048677,0.333,0.284,1,"PCAT1"
0.21072554868113,0.744605850466784,0.444,0.346,1,"FIBCD1"
0.211020097801675,-1.01099444102446,0.778,0.691,1,"TEP1"
0.211335941977704,0.75697015186518,0.519,0.444,1,"MIB2"
0.211422258230992,0.892518280703494,0.704,0.432,1,"ZNF835"
0.211466309315159,0.585288823494237,0.593,0.346,1,"ECI1"
0.211496879576258,-1.05908161387448,0.185,0.259,1,"TMEM39B"
0.211597276890768,1.14496978314857,0.259,0.136,1,"BID"
0.212158239118704,1.82208531726652,0.259,0.074,1,"DUSP7"
0.212245886534805,1.33152311736832,0.296,0.185,1,"LRRC23"
0.212361823143923,0.792637304815502,0.444,0.383,1,"SNHG4"
0.213170816450167,0.554510139044957,0.259,0.272,1,"PNPLA1"
0.213194201902625,-0.817763776411925,0.148,0.259,1,"CLTCL1"
0.213263041356009,-0.525535920607308,0.667,0.691,1,"THUMPD1"
0.213414212635718,0.507314123123894,0.444,0.42,1,"RFX2"
0.213653853052897,0.601929030113135,0.519,0.42,1,"LMAN2L"
0.213683342108546,1.28707978583525,0.296,0.222,1,"BCR"
0.213758920990215,-1.14290369227431,0.37,0.42,1,"RPGR"
0.213773983317283,0.727686548032961,0.481,0.284,1,"TRIM32"
0.213838915537649,1.04522058670407,0.296,0.21,1,"NDUFAF5"
0.213924556454085,0.557362921917985,0.667,0.481,1,"KIAA0196"
0.21427870588612,0.630087404852639,0.407,0.222,1,"USP37"
0.214486688557499,-0.896419377937164,0.519,0.593,1,"ARHGAP18"
0.214529588573431,0.719519180234356,0.815,0.617,1,"MAGED4"
0.214849944371201,0.596421870078707,0.667,0.457,1,"ALKBH2"
0.215009122904725,0.854630062737005,0.481,0.494,1,"MYO5C"
0.215313946741767,1.16634999052926,0.259,0.086,1,"GDF1"
0.215522807966129,0.936894487230221,0.704,0.494,1,"RAB12"
0.215528430817233,0.6497726114532,0.407,0.21,1,"DUSP28"
0.215530452006199,0.68778483626037,0.556,0.321,1,"MED31"
0.215588266576931,0.575353911149624,0.667,0.617,1,"FUT2"
0.215637902219439,0.53082739189395,0.63,0.395,1,"FBXO3"
0.216186974665704,0.722491393947612,0.519,0.321,1,"GTF2A1"
0.216388823142033,1.14129570383118,0.37,0.21,1,"DCAF4"
0.216648025479385,-0.951340811108517,0.37,0.457,1,"TBC1D19"
0.217337154342691,-0.829836893100671,0.259,0.235,1,"SLC7A1"
0.218260103135605,0.656920338362548,0.259,0.272,1,"CDKN1C"
0.218466522752716,-0.702388671448769,0.481,0.642,1,"SERPINF1"
0.218530095190256,0.50456114471715,0.296,0.16,1,"ITGA1"
0.218793032251026,0.995811692379563,0.481,0.321,1,"POMZP3"
0.219087756740467,-1.213767976298,0.333,0.358,1,"FREM2"
0.219129354654514,-0.70735982309772,0.296,0.21,1,"MINOS1P1"
0.219202957583264,0.562090935537985,0.593,0.383,1,"MXD1"
0.219735816026558,0.771134949511539,0.481,0.37,1,"ERLIN1"
0.220002094791075,1.54310764440592,0.333,0.148,1,"CCDC170"
0.22068196374031,1.05899162694603,0.407,0.259,1,"RABEP2"
0.221012065709731,-1.07992847405698,0.222,0.259,1,"USP12"
0.22101448250816,-0.916367422708959,0.704,0.728,1,"GLUD1P7"
0.22105749167132,0.964227016712451,0.296,0.123,1,"FRMD5"
0.221266619415668,0.601723771962605,0.593,0.42,1,"SFXN5"
0.22165395814987,-0.698161921033707,0.185,0.296,1,"CSK"
0.221933965058317,-0.574755920017196,0.593,0.667,1,"ERBB2"
0.222345956337089,1.39473508283878,0.259,0.111,1,"HVCN1"
0.222756628551358,0.604512148369891,0.519,0.296,1,"PLEKHA6"
0.223067386592425,0.978371750723708,0.296,0.247,1,"CCDC24"
0.223433778655408,1.75149292933144,0.259,0.099,1,"ANXA2P3"
0.223664628534293,1.15335620403839,0.333,0.173,1,"PTRH1"
0.223842802791133,1.40196882268511,0.593,0.407,1,"LOC100132077"
0.223863869122229,0.892856443724507,0.407,0.222,1,"C5orf22"
0.22412126722607,-0.634279903527091,0.333,0.519,1,"TMEM69"
0.224216076936528,1.06429247519092,0.259,0.099,1,"IL17D"
0.224236681257405,0.678330869296458,0.296,0.333,1,"CCDC120"
0.224413638946907,0.505221179506085,0.593,0.395,1,"HMGN4"
0.224476429177076,1.42099147185201,0.333,0.136,1,"CCDC153"
0.224734388578767,1.16726620754814,0.444,0.272,1,"REEP4"
0.225171021852261,-0.528510900188711,0.333,0.346,1,"LRP5"
0.225232917672944,-0.643953685593114,0.481,0.568,1,"DNAJC4"
0.225615172662179,1.31017161820479,0.63,0.42,1,"LOC401052"
0.225633321275109,1.12416893218857,0.259,0.111,1,"PURG"
0.225996632297443,0.83907768390034,0.333,0.198,1,"PSMD6-AS2"
0.226180936736049,-0.678349675900121,0.333,0.457,1,"FAM188A"
0.226462379464035,-0.548800070036478,0.741,0.802,1,"ADAMTSL2"
0.226748981239668,-0.736631211752739,0.185,0.284,1,"LOC374443"
0.227101457031977,1.88258361593957,0.259,0.111,1,"POLN"
0.227647480828803,0.939930291851648,0.333,0.148,1,"FLJ31813"
0.228136282412485,-0.607382168302913,0.333,0.457,1,"PALMD"
0.228184321734837,0.586256883280739,0.37,0.148,1,"SASS6"
0.22849338664983,-1.13769834688767,0.148,0.296,1,"HSPBAP1"
0.22864673135021,-0.775744396432787,0.148,0.259,1,"H3F3C"
0.22922482910587,-1.00817048055525,0.333,0.383,1,"NUS1"
0.229427742550872,-1.29754560695348,0.148,0.272,1,"P2RY11"
0.22950868928894,-1.14564880937982,0.148,0.259,1,"LIPT1"
0.229525897230448,0.978612205330306,0.519,0.247,1,"CLASRP"
0.230192771385642,0.809242484762438,0.296,0.123,1,"LOC100499484-C9ORF174"
0.230196509654207,1.5314745678886,0.259,0.123,1,"BRSK2"
0.230306631036279,0.551492624063847,0.889,0.704,1,"MRPL38"
0.230765818381759,-0.914174606696605,0.444,0.556,1,"LIAS"
0.231044071979575,-0.557612290356386,0.222,0.333,1,"ZNF92"
0.231064272288488,0.563829105128908,0.63,0.383,1,"NIF3L1"
0.231403849578528,0.538011930096519,0.556,0.42,1,"EFCAB7"
0.231529004995393,0.505282300781566,0.704,0.469,1,"ACAD9"
0.231645953877804,1.29631542268431,0.407,0.222,1,"SWT1"
0.23257090626164,0.802706524508003,0.556,0.543,1,"MYO9B"
0.232708992294952,0.759884343900864,0.519,0.481,1,"ZNF429"
0.232746893087877,-0.615656446399609,0.259,0.37,1,"FGF18"
0.233319339526109,-1.13791965623536,0.111,0.259,1,"SLC2A11"
0.233591225263109,-1.33824060514893,0.556,0.642,1,"POC1B-GALNT4"
0.233702736639782,1.36594130174933,0.296,0.148,1,"FGD6"
0.234136732822445,-0.619512088725027,0.519,0.543,1,"ID4"
0.234204795615892,-0.553720277066919,0.481,0.605,1,"FN1"
0.234264243004561,-0.552367584573511,0.333,0.395,1,"KCND1"
0.234372915024831,-1.23533458247968,0.296,0.407,1,"CAPN5"
0.234580582280594,-1.1404027597744,0.259,0.333,1,"FAM86EP"
0.234894058328504,1.07828959507862,0.37,0.148,1,"NDUFAF4P1"
0.234911734288804,-0.602624359325597,0.296,0.37,1,"CBWD5"
0.235145918990577,-0.59917699448171,0.37,0.531,1,"RABL2A"
0.235489165240727,0.552161082781906,0.852,0.691,1,"GSTK1"
0.235624879932327,0.632887804666854,0.63,0.469,1,"HDAC3"
0.236103482115444,1.02768916343602,0.259,0.099,1,"FHOD1"
0.236397368301275,-1.05474261770727,0.259,0.37,1,"MICA"
0.237334956176324,-1.16806451276552,0.222,0.346,1,"ZNF469"
0.237563892807806,-0.771220885003531,0.222,0.309,1,"SS18L2"
0.237833162018084,1.05079823692771,0.593,0.494,1,"MFAP5"
0.238477839520294,0.781198375706556,0.704,0.481,1,"CIZ1"
0.238649392080564,2.17963575541278,0.259,0.148,1,"ANKRD65"
0.238671853786115,0.764204054163047,0.519,0.407,1,"THAP3"
0.239070057836561,-0.728890504538838,0.185,0.309,1,"C2orf42"
0.23915099085268,1.10246008554822,0.444,0.21,1,"KIAA0087"
0.239175891849913,0.589225250201364,0.593,0.395,1,"CHMP6"
0.239233974155458,0.597697583611021,0.444,0.321,1,"SLC36A1"
0.239361441391788,-1.62261371122368,0.593,0.667,1,"STAC2"
0.241060410919367,0.969405107142201,0.444,0.222,1,"ZNF45"
0.24122316734223,0.684554391223921,0.444,0.222,1,"RAB35"
0.241938973036494,0.655516916663294,0.667,0.519,1,"ERC1"
0.242295166137632,-1.2072092377924,0.333,0.457,1,"SLITRK4"
0.242506294587054,-0.556330345431538,0.407,0.543,1,"YEATS4"
0.242972785015493,-0.591719626013908,0.333,0.457,1,"ZSCAN30"
0.24337346727274,-0.648794559545328,0.148,0.259,1,"C18orf8"
0.243541810455717,1.04411893062721,0.259,0.111,1,"AGBL3"
0.24410849215943,-0.569698375878399,0.741,0.765,1,"TULP4"
0.244131195362876,1.07457836238522,0.37,0.235,1,"FAM21A"
0.244219090901949,0.841810250248217,0.741,0.568,1,"RRP7B"
0.244580684639876,2.06646313226052,0.259,0.111,1,"LOC643770"
0.244752904602219,-1.13888425427615,0.333,0.457,1,"UBE3C"
0.244756280322631,0.522414134181751,0.704,0.469,1,"ERF"
0.244810522723026,0.535924128105118,0.667,0.617,1,"WDR11-AS1"
0.244972655177327,0.817043836769696,0.556,0.42,1,"SIGLEC11"
0.245351277521919,0.528441624261407,0.778,0.556,1,"DTX3"
0.245617394250711,1.48187717566427,0.259,0.111,1,"NAGPA"
0.24595715303876,1.09669807064985,0.333,0.235,1,"BSN"
0.245972996542815,0.818719161520224,0.407,0.296,1,"MCEE"
0.246181063678446,0.801871596295469,0.407,0.259,1,"KIAA1199"
0.246295082806401,-0.655781420351313,0.222,0.346,1,"CCDC14"
0.246416158988068,-0.831466261879738,0.778,0.667,1,"ST8SIA4"
0.246537659988318,0.733904004021754,0.63,0.457,1,"C11orf30"
0.246598924702665,0.915334129030391,0.481,0.309,1,"LURAP1"
0.246841706603836,-0.55956819399057,0.148,0.259,1,"AGAP9"
0.246937851679948,0.818053357482261,0.667,0.432,1,"IKBKB"
0.247809419080451,0.502913218677024,0.593,0.519,1,"STRIP1"
0.248192585089219,1.06505760008566,0.333,0.272,1,"LOC727849"
0.248531105214401,-0.656961395043149,0.889,0.802,1,"NUPL1"
0.249145951381367,-0.533994226623492,0.296,0.383,1,"ACD"
0.249169905348097,0.707318186338586,0.741,0.481,1,"SSNA1"
0.249327148546939,1.05209599439101,0.37,0.173,1,"SPDL1"
0.249387986247302,0.585143961451531,0.741,0.481,1,"DTNBP1"
0.249415401153079,0.555997440906239,0.852,0.716,1,"VSIG1"
0.249472894239272,0.927419813397171,0.37,0.284,1,"TAF15"
0.25016625297092,0.684681088044028,0.63,0.42,1,"TIMM22"
0.250336177708341,1.45159054854175,0.407,0.247,1,"AGXT2L2"
0.250870265437582,-0.783035708936281,0.407,0.481,1,"RPAP3"
0.251027621912846,0.950280204033181,0.63,0.593,1,"ABHD15"
0.251207573852977,0.691143719789244,0.667,0.494,1,"MKL2"
0.251298940886745,1.19680685577456,0.37,0.185,1,"BCL7A"
0.251357874142311,-0.660682556765161,0.667,0.728,1,"AMOTL1"
0.251403374013264,0.736892169181227,0.444,0.309,1,"PLXNA3"
0.25148537803471,-0.713335648715307,0.333,0.457,1,"RANBP6"
0.252277368402846,0.514739767519566,0.889,0.667,1,"LOC729603"
0.25229907014964,1.20683437164359,0.444,0.272,1,"ZNF552"
0.252712893070236,0.901271947161192,0.481,0.247,1,"CUEDC1"
0.252788383160788,0.567275765213379,0.852,0.827,1,"ZYG11B"
0.253423637644266,-0.62098447485178,0.37,0.444,1,"QTRTD1"
0.253620991946384,0.790487172747821,0.815,0.568,1,"POLR2C"
0.253852964714985,-1.69434401461164,0.222,0.259,1,"CD2AP"
0.254154346629144,0.981656125228083,0.259,0.173,1,"SIX1"
0.254183259540949,-0.530712981516537,0.407,0.568,1,"POLK"
0.254250152031199,0.611325349665485,1,0.938,1,"GFOD2"
0.254415075412392,0.8173703647763,0.296,0.148,1,"C4orf21"
0.254698034625171,-0.747253355221301,0.222,0.395,1,"HPS3"
0.254965548402577,1.43019986656038,0.407,0.21,1,"PXDC1"
0.255053431268508,0.701588682939574,0.667,0.444,1,"PPP2R3C"
0.255168957937319,-0.576328873290814,0.222,0.346,1,"TTC38"
0.255630075775701,-0.851421966770062,0.259,0.296,1,"KLF4"
0.255947629448594,1.13761699015975,0.333,0.136,1,"PLK3"
0.256129262051773,0.989289112434286,0.444,0.247,1,"DGKA"
0.256145496417209,0.898023479384549,0.593,0.444,1,"COPG2"
0.256787255386691,0.934231968053775,0.37,0.21,1,"C15orf38-AP3S2"
0.257247526394127,1.26904265110107,0.407,0.259,1,"RDH14"
0.257259325688832,0.741423387617554,0.63,0.457,1,"KLHDC8B"
0.257292325796975,0.597189062207688,0.519,0.42,1,"CMAS"
0.257313293880497,0.868488520762016,0.407,0.309,1,"ZNF83"
0.257530871799037,0.902083572776811,0.481,0.444,1,"MCAM"
0.257562569153785,0.548301807346574,0.741,0.605,1,"FOXN2"
0.25788433712678,0.528579547164368,0.741,0.58,1,"GOLPH3"
0.257959586787689,0.705322497746515,0.519,0.358,1,"CEP97"
0.258642316011467,-0.702376394391766,0.407,0.506,1,"ARID5A"
0.258867072804634,1.46822588804623,0.333,0.173,1,"FAM108C1"
0.259111582005103,0.915836572284766,0.667,0.432,1,"BAG1"
0.259237586719167,1.14960959057217,0.407,0.198,1,"KCTD13"
0.260574520721404,-1.44686552080099,0.37,0.444,1,"C9orf91"
0.261208035171464,-1.01966669726484,0.259,0.37,1,"DECR2"
0.261323573639785,0.931466816719878,0.481,0.259,1,"WDR27"
0.261442761443604,1.16928028978393,0.37,0.148,1,"POLR2J2"
0.261541565707663,-1.08152268242914,0.148,0.284,1,"ATAD3B"
0.261676704237487,0.838034740141714,0.259,0.086,1,"BTBD18"
0.26184550679689,0.523315907465092,0.444,0.284,1,"GPATCH11"
0.262143489817678,-0.748644983428276,0.667,0.691,1,"ESF1"
0.26218029446307,0.534350987890974,0.593,0.494,1,"RPL26L1"
0.262325991247562,0.597562236191764,0.593,0.358,1,"RHOG"
0.262584564842947,-0.565971341745254,0.296,0.42,1,"RRN3"
0.262593034239823,-0.704179535580399,0.296,0.383,1,"FBXO48"
0.262694656798538,-1.21795703041427,0.222,0.346,1,"NBR2"
0.26271543779878,-1.58954309652254,0.593,0.617,1,"ZBTB24"
0.263122490461047,0.904855763930427,0.444,0.272,1,"TIAM2"
0.263256407032381,-1.38307535015754,0.444,0.432,1,"MRPS31P5"
0.263352006278628,0.899225234519698,0.259,0.136,1,"LOC286184"
0.263530478500693,-0.688350838315345,0.185,0.259,1,"ZGPAT"
0.263703635194729,1.13125328536888,0.741,0.494,1,"LIN28A"
0.264104004908673,-0.727211507167849,0.444,0.506,1,"EPG5"
0.264294493173695,0.567921854342879,0.556,0.407,1,"PMS2L2"
0.264575225482749,-0.713471168820727,0.37,0.494,1,"SGK196"
0.264580848962553,-0.932038750018156,0.333,0.407,1,"AHSA2"
0.264714114339192,-1.7455710527861,0.296,0.395,1,"AIFM2"
0.265157926320782,1.58423907336439,0.259,0.198,1,"LOC643401"
0.265173515108105,0.692839542998178,0.815,0.593,1,"ARF3"
0.265421338796946,0.503227111195998,0.741,0.58,1,"TNFRSF10B"
0.265593483158397,0.718235084589178,0.37,0.16,1,"ATP2B2"
0.265736471358353,-0.732821190552857,0.37,0.469,1,"MPHOSPH10"
0.265800705190098,-0.725269553655968,0.296,0.432,1,"ANXA4"
0.265844836258518,-1.45086169110296,0.259,0.321,1,"LOC100507117"
0.266392090274623,0.504476989181465,0.259,0.247,1,"LNP1"
0.266571912568749,0.599317643214371,0.778,0.543,1,"WDR91"
0.267102674231638,-1.02473641806007,0.185,0.321,1,"ULK1"
0.2673490259454,0.547601716673909,0.556,0.432,1,"COG1"
0.267948228605654,0.765270291221339,0.296,0.247,1,"CDK2"
0.26851410266925,0.547480074986393,0.556,0.543,1,"LYST"
0.268934888389112,-0.539192768265949,0.296,0.42,1,"IFLTD1"
0.269197179987335,-0.962386514259591,0.148,0.259,1,"GPR75"
0.269391120550992,-0.690724582158002,0.185,0.309,1,"CR1"
0.269514347198573,0.830470565386393,0.593,0.395,1,"FAM214B"
0.269668748501748,-1.25471758298288,0.222,0.321,1,"SGCD"
0.26967847762651,0.923504878422899,0.481,0.272,1,"DNMT3A"
0.270071102107297,-0.594992622552668,0.926,0.877,1,"SBNO1"
0.270156817279612,0.921139023057596,0.667,0.432,1,"ZNF317"
0.270498558484103,0.794215543064378,0.63,0.568,1,"NEK2"
0.270554788382021,1.3266128635989,0.259,0.086,1,"EPHX3"
0.270606744345483,-0.531154772600511,0.519,0.494,1,"TCF7"
0.270710587595659,1.45224335157044,0.333,0.16,1,"RAB26"
0.270979528192402,1.03902315799176,0.407,0.21,1,"PLA2G5"
0.271031126671804,-0.66654505623843,0.407,0.568,1,"CLK3"
0.271693433278257,0.942718819941649,0.519,0.346,1,"HEY2"
0.271843277913906,0.720786708829524,0.259,0.185,1,"DENND2A"
0.272017103226381,0.723755782201989,0.519,0.42,1,"LIMK2"
0.272285165502124,-2.92536982118422,0.296,0.247,1,"ICAM1"
0.272412435825645,0.856457356320177,0.37,0.358,1,"LOC90784"
0.272456051127191,-1.01737837869245,0.259,0.37,1,"SLC6A1"
0.272553101104016,0.864508626888149,0.63,0.457,1,"MARCKSL1"
0.273042018005721,1.33592231026299,0.407,0.309,1,"CDC6"
0.273447931068712,-0.938196657694586,0.259,0.333,1,"LOC344967"
0.274030721048417,-0.722124526360515,0.37,0.469,1,"LMLN"
0.274106350418277,-0.633459254703413,0.259,0.37,1,"WDR83"
0.2745188078504,-0.604435438480413,0.296,0.259,1,"NAB1"
0.274700086176496,0.714867164117059,0.519,0.358,1,"ELP6"
0.275069336309029,-0.57799897251364,0.481,0.383,1,"SLAIN2"
0.275085946917817,0.593493176976269,0.333,0.148,1,"ZFAND4"
0.275143540825129,0.803341628064677,0.519,0.395,1,"ZNF544"
0.275439153892713,0.818102696823438,0.444,0.247,1,"CCDC92"
0.275444707588372,-0.574022993621979,0.556,0.58,1,"POLI"
0.275666333329129,-0.637240631565325,0.333,0.272,1,"WDR19"
0.275947894669412,-0.531019114780793,0.37,0.469,1,"EFS"
0.275951004305674,-0.938169326619815,0.296,0.222,1,"MORC2"
0.27614258678486,-0.784346696394339,0.444,0.58,1,"ZNF140"
0.276188731719753,-0.919378527420874,0.259,0.309,1,"PGM2"
0.276224883349715,-0.801862564995391,0.222,0.309,1,"RWDD2A"
0.276755757682219,-1.24601519082963,0.37,0.457,1,"SLC26A2"
0.277159404884873,0.810850730494681,0.519,0.432,1,"FAIM"
0.277301533750285,0.598921927399511,0.778,0.568,1,"USP40"
0.27738245636397,-0.770876189941911,0.259,0.407,1,"DDX60"
0.277483375868102,1.40230463060674,0.37,0.173,1,"BCDIN3D"
0.277791082812167,-0.527219880854487,0.333,0.42,1,"MED19"
0.277957844684684,0.871666324331956,0.37,0.235,1,"SEPSECS"
0.27795879366698,0.678487778876538,0.593,0.358,1,"SFTPB"
0.278326868093845,-0.748484151286671,0.259,0.309,1,"GEMIN4"
0.278374248267548,0.569713719443853,0.889,0.79,1,"NUDT19"
0.279181397628086,0.504216444784214,0.852,0.753,1,"PDLIM3"
0.279276442799766,0.774793869736609,0.296,0.272,1,"MORC4"
0.279751496528099,0.577498622807689,0.778,0.543,1,"DBNL"
0.279885342453916,0.898690696089978,0.37,0.198,1,"ENDOV"
0.280356806333747,0.643591882557174,0.481,0.321,1,"C14orf142"
0.280404026172469,-0.670008852932989,0.333,0.383,1,"BLOC1S4"
0.280628216179301,-1.51007221728184,0.296,0.309,1,"CNN2"
0.280644152654833,0.59915937938816,0.852,0.679,1,"TUBGCP4"
0.280730251820484,1.75382299859951,0.37,0.173,1,"PAMR1"
0.28090949995549,-0.677846185443922,0.333,0.321,1,"SSBP4"
0.281058317303277,0.807471299641493,0.63,0.42,1,"MFGE8"
0.281182490725405,0.777835009779866,0.37,0.198,1,"SRXN1"
0.281250985679359,0.597147096609812,0.704,0.531,1,"IFNGR2"
0.28140634527212,-0.57073540437988,0.407,0.37,1,"SAV1"
0.281929780294955,-0.811174406576216,0.222,0.358,1,"EXT1"
0.282030260149723,0.708603195501514,0.259,0.123,1,"ARL6"
0.282130973360288,0.784624155688153,0.556,0.407,1,"COX19"
0.282856046409301,0.837109662034805,0.481,0.296,1,"ZNRD1"
0.283032309544624,0.913425442471095,0.519,0.284,1,"DNAJC17"
0.283167489557127,0.539021647477042,0.667,0.519,1,"MAEA"
0.283252423335124,0.720664155542432,0.481,0.333,1,"DLX6-AS1"
0.28343702015629,0.833214626938054,0.296,0.198,1,"CSPG5"
0.283518361131601,0.923686413093266,0.852,0.654,1,"NLN"
0.28386428307901,-0.700389051305647,0.407,0.494,1,"YTHDC2"
0.283967079173662,0.857022732877719,0.37,0.198,1,"PGAM2"
0.284236977461493,1.13989287631944,0.296,0.136,1,"KBTBD11"
0.28486884269834,0.758185953952351,0.296,0.272,1,"DAK"
0.284955093305012,-1.00790253716327,0.704,0.728,1,"SLC30A6"
0.285044121550993,0.700334603406161,0.667,0.494,1,"DCAF12"
0.285344071319193,-0.809034090659409,0.148,0.272,1,"RRAS2"
0.285389156609542,0.605214423791742,0.741,0.481,1,"MRPS11"
0.285476962538662,0.842957048474924,0.852,0.642,1,"LOC727896"
0.285613580345881,0.932543614867832,0.407,0.235,1,"NME1-NME2"
0.286480853642306,0.85110889233355,0.296,0.16,1,"C5"
0.286635181470576,0.548497090493537,0.741,0.568,1,"ARIH1"
0.287017223540645,0.712884565890236,0.444,0.272,1,"CNKSR2"
0.287223862004974,-1.07947304022411,0.222,0.333,1,"PRUNE"
0.287304761522404,0.8198757489201,0.667,0.543,1,"FAM117B"
0.287411780356568,-0.659142607082087,0.37,0.531,1,"COL9A1"
0.28754703648007,0.695102682481629,0.556,0.395,1,"CCT6P3"
0.287664742228192,0.973368457439389,0.407,0.247,1,"COQ2"
0.288334225394153,0.588978942985278,0.556,0.494,1,"LOC100505776"
0.288871638831692,0.593254963604033,0.556,0.457,1,"OGG1"
0.28893183389249,0.578458470277548,0.296,0.148,1,"ADCK1"
0.288954829855451,0.602104432899488,0.296,0.198,1,"ZNF420"
0.289296974327894,-0.667049658186526,0.519,0.667,1,"ADAM10"
0.289711461998462,-0.6855331416214,0.222,0.284,1,"LINC00637"
0.289806792897838,0.540551141080339,0.667,0.444,1,"ANKRD46"
0.289831572564468,0.651626964880906,0.519,0.469,1,"PSD3"
0.289971190859016,-0.848092119929502,0.667,0.728,1,"INADL"
0.290246830395256,0.86816701946756,0.889,0.728,1,"LOC728558"
0.2910306543492,0.532901630644403,0.852,0.716,1,"KIAA0317"
0.291614003536488,1.13222116987726,0.444,0.309,1,"ATG16L1"
0.291648881453131,1.432482694147,0.259,0.136,1,"SIMC1"
0.291879139172376,0.808765005695942,0.481,0.296,1,"EDA2R"
0.291911803785246,0.896692509190323,0.481,0.284,1,"CLDN16"
0.29191613726303,0.558484915379653,0.556,0.37,1,"STYXL1"
0.292306977863703,-0.59160983022607,0.296,0.42,1,"HRH2"
0.292955522683114,0.624516968010033,0.333,0.198,1,"ZFP62"
0.293566925367203,0.630573255729477,0.63,0.395,1,"MAPK3"
0.293724056561692,-0.641927582355961,0.222,0.321,1,"TTC31"
0.293925023451206,-0.71162488932089,0.556,0.667,1,"OXR1"
0.294256472933174,0.76368917672599,0.593,0.37,1,"TMEM178B"
0.294377965437927,-0.573311136031111,0.259,0.333,1,"PTCHD3P1"
0.29445298705675,-0.957100066159096,0.185,0.259,1,"NR4A3"
0.294576097714268,0.958142496091639,0.444,0.284,1,"ZNF880"
0.294688591279002,-0.794309973794029,0.148,0.284,1,"ORC5"
0.29503498360157,-0.835441874847951,0.407,0.42,1,"RNF19A"
0.295106288400117,0.749973359851103,0.296,0.148,1,"NANP"
0.295309327843525,0.753924861186033,0.481,0.272,1,"TMEM141"
0.295868301814856,-0.678095784366844,0.296,0.407,1,"MED11"
0.29623044227705,-0.937549840826857,0.222,0.346,1,"IMPG2"
0.296411323065032,-0.693121930291783,0.259,0.358,1,"OLAH"
0.296691448454358,-1.13868688693617,0.185,0.309,1,"POLB"
0.296924848039719,-0.818991500617934,0.185,0.309,1,"ANKDD1A"
0.29699110556595,0.641415978322945,0.667,0.506,1,"NR2C2"
0.297951192908785,-0.729716984071169,0.852,0.815,1,"MR1"
0.298559291863188,-0.970315600614922,0.185,0.358,1,"GPX7"
0.298569968733181,-0.589274412223781,0.741,0.765,1,"HYOU1"
0.298681255957123,-0.711178189695074,0.148,0.272,1,"CHUK"
0.298864807469716,0.62210479823317,0.593,0.481,1,"CUL1"
0.298882684694104,-0.624840588679902,0.444,0.568,1,"CEPT1"
0.298910610014994,-0.94698782612108,0.259,0.309,1,"SULT1A1"
0.299167974051581,0.619127884398203,0.556,0.444,1,"DNAJC30"
0.299326894042687,-0.556515560878579,0.296,0.235,1,"TAF10"
0.299382236502141,-0.616451811838514,0.333,0.37,1,"LOC100128531"
0.299553703954722,0.608975975929756,0.519,0.383,1,"C9orf37"
0.299581645957923,-0.831801348941171,0.296,0.407,1,"RALGDS"
0.300110748765765,-0.566111134344095,0.407,0.457,1,"MDFIC"
0.300639126117492,1.42746235061571,0.259,0.136,1,"MCM6"
0.300728218034017,-0.673744868233233,0.556,0.605,1,"GTF2H1"
0.300758004564471,0.537303391007122,0.444,0.519,1,"LOC100287846"
0.301195693152265,1.06783113696867,0.296,0.198,1,"ANXA11"
0.301261284428811,-0.626961245428868,0.37,0.395,1,"PDE8B"
0.301532356098059,1.59089579817503,0.259,0.148,1,"PABPN1"
0.302142881136029,0.767562433904668,0.444,0.259,1,"PCDHGB5"
0.302257847477737,-0.736990884204561,0.259,0.346,1,"SELM"
0.302497456324376,0.9201285664364,0.444,0.395,1,"NAIF1"
0.303045680079732,0.867910479543003,0.333,0.259,1,"ZHX2"
0.303206166159566,-0.561991500340959,0.222,0.296,1,"ASB13"
0.303261198243762,0.615217994333392,0.593,0.358,1,"RBM18"
0.303331907331629,-0.57467923986032,0.852,0.84,1,"SPAST"
0.303809474244558,-1.06298719000461,0.185,0.296,1,"SRL"
0.303930217741296,-0.544209653278218,0.37,0.469,1,"VPRBP"
0.304062753604126,-1.39830857721021,0.333,0.444,1,"CD109"
0.304272448747351,0.944705921249563,0.556,0.358,1,"MRPS31"
0.305161692420216,0.834931972576551,0.741,0.716,1,"STEAP2"
0.305818986888335,-1.04679921931755,0.222,0.296,1,"PODXL2"
0.305833650019653,0.691530717431504,0.778,0.556,1,"LRRC4B"
0.306349420643906,-0.678055653783662,0.333,0.494,1,"SLC2A13"
0.306676840266332,0.796225027723059,0.333,0.296,1,"GLMN"
0.306765996458566,1.3210495232293,0.519,0.309,1,"PEX5L"
0.30683229203166,0.76837070014745,0.333,0.259,1,"RANGAP1"
0.306870609524176,-0.69485527140529,0.852,0.815,1,"HTATSF1P2"
0.307169545793581,0.653355923588624,0.778,0.58,1,"CCDC107"
0.307205850300075,-0.82439666370344,0.296,0.395,1,"SIPA1L2"
0.307247487012272,-0.590439539822384,0.778,0.741,1,"SPRYD4"
0.307330186311892,-0.55161141122284,0.444,0.506,1,"LRWD1"
0.308127483954803,-0.911429506920604,0.222,0.321,1,"PAX2"
0.308356602756627,-0.811795964965494,0.185,0.296,1,"PRRG1"
0.308443007667799,0.776929367266455,0.296,0.16,1,"CDKL3"
0.308907952236452,0.962104548404322,0.259,0.123,1,"EFCAB11"
0.308935996067241,0.557818076321128,0.704,0.543,1,"HIST1H2BK"
0.310808889912315,0.656859656727782,0.519,0.296,1,"SPRTN"
0.311793175756874,-0.808423091252443,0.222,0.309,1,"ZC3H12C"
0.311831489960226,1.06933682069451,0.556,0.395,1,"ZKSCAN7"
0.312091032334925,0.973547206184275,0.37,0.284,1,"HIRA"
0.312359936310807,0.983249533730931,0.37,0.222,1,"SGPP1"
0.312707976728931,1.45899246577341,0.296,0.111,1,"KCNIP1"
0.312832614791696,-0.635199138523547,0.37,0.395,1,"KIAA0556"
0.312958126678056,0.985528694434549,0.296,0.21,1,"BLOC1S3"
0.313146559323173,0.639636924485788,0.778,0.642,1,"LOC253039"
0.313166136995522,1.14053539148521,0.37,0.16,1,"PDPN"
0.31330863619254,1.05995089627733,0.63,0.432,1,"MPPED2"
0.313712370694537,-0.524702136216337,0.444,0.568,1,"MYO18A"
0.313771315502837,1.07150759774233,0.556,0.531,1,"PRND"
0.313836383697416,-0.598868919206905,0.333,0.457,1,"SLC4A3"
0.313852153324276,0.507105474873594,0.704,0.469,1,"LSM14B"
0.313922322097687,0.789193828217057,0.593,0.444,1,"NSMCE4A"
0.314214501458311,-2.43646790254088,0.37,0.42,1,"ABCA13"
0.314427288365001,-0.664087923798309,0.37,0.444,1,"FAM184B"
0.314977937297765,0.640927084713014,0.333,0.185,1,"MGST2"
0.31521098071062,-0.601593888584229,0.333,0.333,1,"POLR3F"
0.315715128935512,0.569670123531947,0.593,0.469,1,"IL17RC"
0.317014989515025,0.815115819766661,0.593,0.42,1,"THOP1"
0.317153679394151,0.620459573993698,0.815,0.716,1,"MTF1"
0.3171872664484,0.538513765167587,0.519,0.309,1,"MGC57346"
0.317478097270734,0.894349494180322,0.407,0.272,1,"SNAPC2"
0.317747477252705,0.748071246254153,0.37,0.321,1,"MGME1"
0.318142225889579,-0.574162825375772,0.556,0.593,1,"NQO1"
0.318172031736789,0.786508392336128,0.519,0.358,1,"C20orf96"
0.318484924349458,0.600611980248892,0.63,0.531,1,"WDR26"
0.318605014782577,0.802061877295984,0.407,0.284,1,"PHYHIPL"
0.31867717857478,-0.712603417626211,0.222,0.333,1,"TM4SF1"
0.318682289458704,0.568936786452993,0.593,0.457,1,"TUBA1C"
0.31889402702012,1.14600346065834,0.481,0.259,1,"GXYLT1"
0.319080371011485,-1.2515701835379,0.259,0.37,1,"DOCK6"
0.319113539283897,-1.17833456045302,0.259,0.346,1,"KDM1A"
0.320003428457795,0.661713725358676,0.444,0.284,1,"VIPAS39"
0.32010259672059,0.759291368904204,0.556,0.42,1,"ZFYVE26"
0.320469851005522,0.505002177262278,0.556,0.481,1,"ELP3"
0.320629567439661,0.808378297222736,0.444,0.235,1,"TPPP3"
0.320792338422429,-0.794787839643188,0.185,0.296,1,"DPY19L2"
0.320850008983012,0.914007911257367,0.259,0.099,1,"SEMA4A"
0.321134106896174,-0.514141787307296,0.296,0.309,1,"TAZ"
0.321161886896727,0.512473077799362,0.333,0.185,1,"PRADC1"
0.321348826694424,0.677671063175121,0.481,0.346,1,"RHOBTB2"
0.321487482630822,0.624631715005402,0.333,0.173,1,"USP2"
0.321504189302863,-0.983889496870241,0.222,0.358,1,"ATPAF1"
0.32175399031943,0.503369996785666,0.815,0.58,1,"CERS5"
0.32198025671144,0.713392814158942,0.593,0.42,1,"OSBP"
0.322198904017103,-1.17660588229189,0.222,0.284,1,"FDX1"
0.322599031564494,0.68337803822474,0.259,0.123,1,"LOC729970"
0.322911135348212,-0.628801161791537,0.185,0.284,1,"SIGLEC8"
0.32293791445387,0.647098745706899,0.481,0.383,1,"ZNF318"
0.323133352322074,0.679183549913235,0.593,0.469,1,"NRF1"
0.323481030239269,0.578408521855857,0.852,0.716,1,"GALNT2"
0.323574977335228,1.35270295097724,0.333,0.148,1,"CCDC34"
0.323606495556691,0.883445404813891,0.37,0.37,1,"LINC00092"
0.324019914842894,0.793794259387651,0.593,0.37,1,"C3orf37"
0.324037557105531,-1.11021766802833,0.185,0.296,1,"SHISA3"
0.325052261549085,1.00322821335408,0.481,0.296,1,"MARCH2"
0.325151039571725,-0.675474854397064,0.185,0.272,1,"GJA5"
0.325393201985715,0.647896925298218,0.778,0.543,1,"NCOA2"
0.325546874834404,0.80549575189623,0.556,0.457,1,"SNX18"
0.325903137239496,-0.70052690223808,0.222,0.333,1,"CDADC1"
0.325953503756068,-0.886657978155887,0.407,0.444,1,"GPR83"
0.326279500106737,-0.678772642289259,0.519,0.568,1,"RNF145"
0.326398581521779,0.626458356581184,0.741,0.642,1,"RANBP2"
0.326427569399772,-0.568404726929893,0.667,0.704,1,"BBIP1"
0.326600063703068,-0.543508468851018,0.259,0.37,1,"CWC27"
0.326917675504624,-0.895991546655598,0.63,0.642,1,"CTSS"
0.327127927052596,-0.503631744266786,0.667,0.593,1,"ABHD11"
0.327278336727999,0.88686213789001,0.741,0.568,1,"SOAT1"
0.327317545502649,0.758997157686231,0.481,0.346,1,"C19orf55"
0.327597484846195,-0.890475070066094,0.185,0.309,1,"TMEM45A"
0.32760691960211,0.72687349067539,0.852,0.778,1,"SNAP29"
0.328849416729984,0.65064557625155,0.778,0.58,1,"TBC1D17"
0.32887151357455,0.730001350457631,0.444,0.247,1,"KIAA1217"
0.32961787441393,-1.25619376857554,0.259,0.395,1,"CEBPG"
0.329681851904614,-0.517582466026657,0.63,0.568,1,"BNIPL"
0.330075362968109,-0.641509365687019,0.407,0.519,1,"CA2"
0.330240010452597,-0.787945221873455,0.296,0.358,1,"MAGI3"
0.330429676289273,1.09122219019932,0.481,0.296,1,"SYNGR1"
0.330690592661738,-0.621358602565959,0.333,0.457,1,"FBXL12"
0.33102196614632,-0.573842381226166,0.667,0.802,1,"OBSL1"
0.331307390648245,0.608009477817441,0.63,0.469,1,"UFD1L"
0.331634941445241,-0.634694747329907,0.444,0.556,1,"SETD4"
0.331873774317925,0.98863121333209,0.296,0.136,1,"CCHCR1"
0.332096314936359,-0.607832369449238,0.148,0.272,1,"FMN2"
0.332184048117267,0.593967278021174,0.519,0.407,1,"CBY1"
0.33289097011314,1.37543425257269,0.333,0.173,1,"PPP2R2D"
0.333732624301409,0.529073164932887,0.741,0.519,1,"NSUN5P1"
0.333842904564477,0.886655210085982,0.519,0.296,1,"KIAA1324L"
0.334251147691883,-0.774662365620684,0.185,0.296,1,"PTGER3"
0.334315079607566,0.548863330934822,0.556,0.346,1,"NOL6"
0.334819844971763,-0.547421227254329,0.481,0.481,1,"FKBP1AP1"
0.334975205534385,-1.13570311646231,0.296,0.407,1,"LGALS8"
0.335164836522177,-0.575827095622288,0.296,0.407,1,"SAYSD1"
0.335964274037618,0.885604519279942,0.481,0.358,1,"INO80E"
0.336639852412292,0.503901123619,0.593,0.42,1,"TNIK"
0.336791757387784,1.11349898435467,0.37,0.198,1,"IKZF4"
0.336964119765977,1.2484518463371,0.259,0.148,1,"DHCR24"
0.337088171111311,-0.551298081950102,0.519,0.654,1,"SUGT1"
0.337756377969326,-0.530928808454591,0.556,0.654,1,"PDGFD"
0.337938537849179,0.564522684627199,0.741,0.543,1,"LOC286467"
0.337947730407679,1.04250129226781,0.296,0.148,1,"ZNF35"
0.33805360067846,0.610225577139766,0.556,0.506,1,"RAD51L3-RFFL"
0.338437510252406,-0.598241579866161,0.185,0.284,1,"NOP16"
0.338865542925837,0.973543929421625,0.815,0.667,1,"ZNF788"
0.339086846241872,-0.824560227249842,0.556,0.593,1,"CRAMP1L"
0.339739571433431,-1.00112321114953,0.222,0.395,1,"TRIM52"
0.340339699731649,1.10174917671419,0.259,0.284,1,"GINS1"
0.340575136185105,0.834187170867158,0.333,0.185,1,"TMEM187"
0.341098738066236,1.01162536024965,0.259,0.148,1,"SFRP4"
0.341456545532529,1.41723185255299,0.259,0.148,1,"SMTN"
0.341535872903961,-1.06654782358006,0.519,0.58,1,"CGNL1"
0.34188137520839,0.730299139700362,0.407,0.444,1,"EPHA1-AS1"
0.342096540166422,0.738160126826709,0.444,0.259,1,"FAHD2CP"
0.342276911605902,0.564866411479169,0.407,0.37,1,"LRRC42"
0.34235964734163,0.547737555882602,0.778,0.543,1,"CCDC97"
0.342866725035012,0.910708739621077,0.481,0.272,1,"ERMAP"
0.342926567311387,-0.9804677914343,0.259,0.37,1,"GTF2IRD2B"
0.343201512618945,0.538715751122512,0.704,0.58,1,"SNHG3"
0.343226574871844,1.26568033902837,0.593,0.469,1,"BMP8A"
0.343277431943185,0.546609453552153,0.556,0.481,1,"RARS"
0.343469022320997,1.167482815104,0.296,0.136,1,"FLJ36777"
0.343637777481705,-1.15662931496072,0.148,0.272,1,"PCGF6"
0.343843142112723,0.972648136430974,0.481,0.309,1,"KLHDC4"
0.344096128820814,0.833449625103324,0.704,0.617,1,"OTUD3"
0.34446868896034,-0.594452480119152,0.593,0.654,1,"FEM1A"
0.345063643992665,0.854594271273693,0.37,0.259,1,"KCTD5"
0.345309734263446,0.959324941061197,0.556,0.346,1,"ADAM22"
0.345419665647176,0.784336534771018,0.593,0.358,1,"DNM1P41"
0.345466411433046,-0.815115405151585,0.185,0.259,1,"EHHADH"
0.345487291988775,-0.971239284103653,0.185,0.259,1,"FKBP11"
0.345576676637531,-0.618118067563209,0.667,0.741,1,"MKNK2"
0.345929728296665,-0.604102077275101,0.296,0.358,1,"ACN9"
0.346491931978691,-1.02655904902069,0.259,0.333,1,"ASNS"
0.346611716305819,0.594156630773328,0.444,0.247,1,"MOGS"
0.34716139747954,0.96423957658518,0.259,0.123,1,"GSKIP"
0.347417112211973,0.618072470327012,0.259,0.136,1,"ERCC6"
0.347475383964262,-0.78360506275376,0.259,0.358,1,"CCDC146"
0.347565340587846,0.584552561582286,0.63,0.42,1,"LBR"
0.347645361951645,-1.03561678281577,0.407,0.432,1,"ATP8B1"
0.348761963528779,0.912282098424178,0.296,0.136,1,"FANCI"
0.348904916292837,-0.595364756538437,0.407,0.506,1,"SLC25A27"
0.349377629376828,0.672558552046314,0.37,0.21,1,"SIRPA"
0.349412250957203,-0.721254828258736,0.667,0.753,1,"EPM2AIP1"
0.349528773550561,0.588593920839259,0.519,0.321,1,"BLVRA"
0.349615797471437,0.940601750134494,0.407,0.235,1,"ZNF341"
0.350029382633094,-0.570539589008561,0.296,0.333,1,"RAB24"
0.350102553990676,1.05941420987488,0.259,0.111,1,"SUV39H1"
0.350268219784719,0.880768283129502,0.259,0.222,1,"C10orf88"
0.351581399666559,0.620150664776901,0.481,0.346,1,"NCOA5"
0.35217394374731,0.687617330580137,0.37,0.272,1,"ANKRD27"
0.352354054095873,0.984230858308576,0.481,0.272,1,"GLB1L3"
0.352372542272775,-1.01759954661775,0.296,0.37,1,"AGAP3"
0.352538125977217,-0.752167837014393,0.185,0.259,1,"LOC100506599"
0.352874321641553,0.517030439553207,0.37,0.272,1,"NUMBL"
0.352986324909431,-1.00233423274344,0.407,0.469,1,"IRAK2"
0.353373249328241,-0.61613356131782,0.37,0.457,1,"GSTTP2"
0.353563001033893,-1.30069378635339,0.556,0.506,1,"SFMBT2"
0.353866251897884,0.552927829688794,0.37,0.272,1,"POLE"
0.354298756114742,-0.633486853197379,0.667,0.593,1,"IKBIP"
0.354305922444544,0.533719334140756,0.778,0.605,1,"TIMM8B"
0.354859813828903,0.621591115006711,0.63,0.432,1,"BCS1L"
0.354870694446487,0.755723786581451,0.37,0.259,1,"ATXN7L1"
0.355361510757708,0.713465003019512,0.889,0.765,1,"C1orf86"
0.356093052291432,1.12995185204157,0.407,0.21,1,"DNAJC21"
0.356247681493951,0.5679858660759,0.815,0.691,1,"KANSL1"
0.356269759963654,0.506232626889502,0.778,0.593,1,"BRD4"
0.357364908926166,0.746932092265906,0.815,0.642,1,"MARVELD3"
0.35767192922753,1.09486013953738,0.259,0.136,1,"ZGLP1"
0.357877036363068,-0.686542767039003,0.741,0.716,1,"PTCD1"
0.357965590446833,0.540425350606167,0.593,0.395,1,"TRAF4"
0.358171408793879,0.729311777976615,0.481,0.333,1,"DENND4B"
0.35847575060445,0.613567918433756,0.593,0.42,1,"NPLOC4"
0.358993101145147,0.584308847960595,0.704,0.679,1,"ENPP1"
0.359536660705045,0.576962599629982,0.741,0.58,1,"FTSJ3"
0.359684580020924,0.729006336997262,0.407,0.235,1,"ARRDC1"
0.359708414350694,-0.567452672820598,0.556,0.63,1,"UACA"
0.360139891915075,0.723562070510652,0.37,0.284,1,"NAB2"
0.360173863720577,-0.780899926182119,0.333,0.444,1,"DDX55"
0.360191706833102,0.588620803562644,0.667,0.457,1,"GALNT7"
0.360470130713801,1.03613435603994,0.333,0.185,1,"COQ3"
0.361152884643114,-0.666249620236127,0.519,0.605,1,"LOC100130581"
0.361740297492043,1.02585012916454,0.407,0.21,1,"PRKACA"
0.361743784371745,0.786363895705306,0.333,0.259,1,"PLAU"
0.362142185696361,-0.575719478644349,0.407,0.457,1,"TSTD2"
0.3622613400508,1.07324887501225,0.481,0.321,1,"IL11"
0.36237588613272,-0.994699316469329,0.333,0.531,1,"FUNDC1"
0.362479011576168,0.893608020410881,0.519,0.296,1,"ZNF771"
0.362936493201893,0.58100747086662,0.63,0.395,1,"GRPEL1"
0.363725152236902,-0.582019763218686,0.889,0.864,1,"DTX3L"
0.364405124900805,-0.55859990679444,0.593,0.58,1,"TFAM"
0.364909756447459,0.571861627440186,0.37,0.185,1,"SPRY3"
0.364933780125962,1.94111430508416,0.259,0.148,1,"DISC2"
0.365026253367984,0.656466854064386,0.407,0.247,1,"RFC3"
0.365809469892693,-0.551863635405034,0.556,0.617,1,"DTWD1"
0.365819036828483,-0.85906599801183,0.222,0.296,1,"TAB3"
0.366110229019555,0.973304617287712,0.481,0.358,1,"TAF1A"
0.366797815668307,-0.511576474867694,0.556,0.506,1,"FAM63A"
0.367093971034185,-0.812554358926577,0.407,0.481,1,"ZNF75A"
0.368579351527089,-0.500132476360064,0.519,0.58,1,"BZW2"
0.368729135537067,0.795017248305206,0.481,0.309,1,"SLC25A18"
0.36888043971338,-0.620273208199845,0.222,0.296,1,"INTS5"
0.369125919802426,1.2302570614247,0.259,0.123,1,"DDI2"
0.36996076788453,-0.535030348918674,0.37,0.432,1,"EDEM2"
0.370095229807745,-0.620736508974994,0.444,0.506,1,"SPTSSA"
0.370121301886404,-0.539751607071122,0.667,0.741,1,"DAP"
0.37069833665466,-1.1619341804331,0.185,0.309,1,"ARVCF"
0.370703926563474,-0.788203746968965,0.37,0.407,1,"FAM124A"
0.370848246528512,1.49948496904372,0.259,0.111,1,"PILRA"
0.370976169687006,1.4737888636543,0.296,0.136,1,"STK11"
0.371048122663108,-0.683227123914324,0.222,0.309,1,"INO80"
0.371097324979708,0.95105937101758,0.333,0.296,1,"ARHGEF11"
0.371115224114949,-0.973445464171567,0.185,0.321,1,"ZNF484"
0.371305974433542,0.89653652249017,0.556,0.383,1,"ZNF99"
0.371707753850545,0.538194588965151,0.556,0.37,1,"BPGM"
0.372546697169521,0.991221010793653,0.407,0.358,1,"GALNT15"
0.373213111001432,1.21450059732103,0.37,0.21,1,"GPD1L"
0.374254912541658,0.598286825837442,0.481,0.358,1,"PLD2"
0.374442909916932,0.661848710439561,0.296,0.16,1,"TG"
0.374874659816213,-0.884999358293141,0.259,0.37,1,"USB1"
0.375682853972321,0.779106338754118,0.667,0.593,1,"ZNF709"
0.37589465753751,0.641753458814586,0.444,0.272,1,"EIF2B3"
0.375932856480729,0.636933746213644,0.852,0.778,1,"C12orf5"
0.375985184458034,0.547306258399236,0.778,0.617,1,"GALM"
0.376421443347071,0.873341184024201,0.296,0.136,1,"TDRKH"
0.376484422933664,0.737560996163615,0.296,0.284,1,"GRAMD4"
0.376861344169286,1.14256533307052,0.259,0.235,1,"TDGF1P3"
0.376966019350846,1.34149072919156,0.296,0.123,1,"KLHL36"
0.377004247226519,-0.876416324507701,0.741,0.679,1,"GTPBP3"
0.377416887844202,-0.668093308330355,0.222,0.309,1,"ELOVL2"
0.377516383706868,0.724019871628134,0.63,0.58,1,"IL6R"
0.377617450035616,-0.900603865700182,0.222,0.296,1,"THUMPD2"
0.377643770020654,-0.52181759783024,0.667,0.691,1,"PAPLN"
0.378329403076128,0.864517951257752,0.444,0.296,1,"ELOVL1"
0.378369384552913,0.748525717320176,0.741,0.63,1,"GPLD1"
0.378636849584731,0.507501240806289,0.667,0.605,1,"TRAPPC12"
0.378836206991944,0.585027408604045,0.556,0.321,1,"TMEM129"
0.378915851230133,-0.858985945756167,0.704,0.79,1,"EIF5A2"
0.379011981165267,-0.624021124447023,0.407,0.346,1,"MAP1S"
0.379508623590389,-0.595536129981779,0.407,0.42,1,"C11orf57"
0.379613593359124,-0.641139847021999,0.481,0.531,1,"RNF123"
0.380011000212697,0.521753213684145,0.593,0.407,1,"PTPRN2"
0.380296428949706,0.593704798465229,0.815,0.691,1,"PTAFR"
0.380525772165469,0.596225316807462,0.63,0.457,1,"TMEM17"
0.380787892768691,0.641728477420069,0.37,0.235,1,"RPL17-C18orf32"
0.381118803483747,0.772441505117758,0.519,0.383,1,"ACOT8"
0.38112729089397,-0.6274762573109,0.444,0.494,1,"GMEB1"
0.38135588574905,0.693067270631473,0.481,0.284,1,"PCDHGA4"
0.38137558879593,0.734581172089802,0.481,0.383,1,"POLR2J4"
0.382335856712714,0.678503155075088,0.926,0.852,1,"KREMEN1"
0.383093219618058,1.3446059565665,0.444,0.222,1,"IL3RA"
0.384613510390686,0.672493026520233,0.704,0.556,1,"PHF12"
0.384734039981149,0.732392840232622,0.407,0.272,1,"PPAPDC3"
0.384753379492445,-0.578024747176178,0.296,0.42,1,"GALK2"
0.385246132233478,0.57780221226644,0.593,0.383,1,"MAP2K1"
0.385247830576142,0.801917553474359,0.481,0.272,1,"TAB1"
0.385349920686542,1.79950034194597,0.296,0.148,1,"CHST1"
0.385959650704994,1.21672988143192,0.296,0.148,1,"GALNT16"
0.386171500871742,-0.661614372329449,0.259,0.407,1,"TAF1B"
0.386393268355493,0.521460647131837,0.63,0.444,1,"DOLPP1"
0.386946566720706,0.664482115063886,0.778,0.605,1,"SGSM1"
0.388260831391278,1.13470287690204,0.407,0.235,1,"CCBL1"
0.388342226902912,0.757280175300649,0.481,0.309,1,"LOC645212"
0.388398044778004,1.15543172406862,0.259,0.123,1,"C8orf56"
0.388515512386832,0.677836518379857,0.63,0.642,1,"C17orf103"
0.388692698237896,-0.502670424489827,0.296,0.37,1,"UNC119"
0.388786143440989,-0.746134217010687,0.259,0.247,1,"FAM193B"
0.38915092021058,0.526058372063091,0.481,0.407,1,"C12orf43"
0.389597270145557,1.22045630058179,0.296,0.173,1,"LOC90246"
0.389640772251041,0.702561599862813,0.556,0.321,1,"ORMDL2"
0.390177876040991,0.66995296729709,0.259,0.247,1,"C15orf52"
0.390910547869785,-0.941155800116139,0.333,0.42,1,"METTL21B"
0.392125837601423,0.685894886403271,0.556,0.346,1,"PRPF19"
0.392803592234753,0.526177033238794,0.852,0.79,1,"ZNF527"
0.393538376461,0.598294755306516,0.444,0.309,1,"SURF2"
0.394103186809632,0.554926227704273,0.667,0.568,1,"BRAT1"
0.394693083979811,-0.95782538840222,0.185,0.272,1,"KBTBD3"
0.394694027706245,1.03409951246767,0.704,0.494,1,"EOGT"
0.394911327621327,0.826439916690671,0.296,0.16,1,"TRIM3"
0.395753756930795,0.915109360456806,0.593,0.383,1,"LOC100268168"
0.39584149944796,0.587437481358025,0.63,0.605,1,"CENPN"
0.395931574670489,-1.23593373067029,0.185,0.272,1,"PFKP"
0.396316155752547,1.21378791484924,0.259,0.123,1,"ZNF530"
0.396936326163755,0.583838373478336,0.519,0.296,1,"PART1"
0.397022174242575,0.609577343174457,0.481,0.457,1,"BDH1"
0.397765798415316,0.657007943071642,0.444,0.272,1,"RHBDF1"
0.397859034040384,0.971059471283959,0.407,0.259,1,"ZNF414"
0.398643031194846,0.592962027710779,0.519,0.37,1,"MYRIP"
0.398828909725019,0.577313416817171,0.333,0.346,1,"RAB40C"
0.399006474363153,0.604134030544564,0.407,0.333,1,"TTC28-AS1"
0.39921336896837,0.819794295986434,0.481,0.346,1,"ZIC1"
0.400246358361067,0.951500235733827,0.556,0.37,1,"NCKAP5L"
0.400308806496937,0.957936203125445,0.593,0.494,1,"RBL1"
0.400399243765694,-0.585744016523494,0.37,0.543,1,"CTNNAL1"
0.400434164488385,-0.774436327037551,0.778,0.679,1,"ZNF829"
0.400866129275932,0.62914439001103,0.444,0.235,1,"IMMP1L"
0.402173556188246,0.573061653095214,0.593,0.444,1,"SLC25A26"
0.402378526864614,0.60517711354068,0.407,0.247,1,"NUDT2"
0.402445166636074,0.686427109013985,0.481,0.272,1,"CENPL"
0.40289450930453,0.669805308274643,0.444,0.321,1,"RASAL2"
0.403237356819466,-0.823110147015025,0.148,0.259,1,"LOC646329"
0.40371693306785,0.830690980168865,0.444,0.272,1,"ATPAF2"
0.403820416790666,0.529114487604305,0.593,0.407,1,"KCTD7"
0.403884661622094,-0.508103940602159,0.333,0.407,1,"MDP1"
0.403977632070998,0.543533919872301,0.259,0.272,1,"KRBA2"
0.404295913638196,-1.15624974514266,0.333,0.395,1,"ARRDC4"
0.405170384910197,0.642720363284359,0.296,0.185,1,"C8orf44"
0.405505189236475,-0.649244760522702,0.259,0.259,1,"RRNAD1"
0.40557287510435,0.536815821852798,0.259,0.136,1,"TIMM8A"
0.405593124000462,-0.733881868892901,0.185,0.284,1,"GCC1"
0.406026015265195,0.627129647654714,0.593,0.42,1,"HIST1H2AC"
0.406049521047431,0.725299645715627,0.333,0.21,1,"GTPBP2"
0.406270911735572,-0.550538193421585,0.259,0.346,1,"AARSD1"
0.406527353795028,1.7185441895048,0.259,0.099,1,"CDCA4"
0.406949911520059,0.572377897554555,0.741,0.556,1,"RIT1"
0.407690201791491,-0.621162793258739,0.556,0.617,1,"AARD"
0.408676828601612,0.684941455359626,0.593,0.556,1,"C5orf55"
0.408692245816161,0.525316996356745,0.741,0.667,1,"EXD1"
0.408702319581023,0.742076420622424,0.333,0.185,1,"PMF1-BGLAP"
0.408974940982945,0.6467229439053,0.37,0.185,1,"ZDHHC7"
0.409123995264116,-0.531233149245944,0.296,0.395,1,"TTC21A"
0.409698282227426,-0.623674733640105,0.222,0.284,1,"STX3"
0.410593803773652,0.539342653559236,0.741,0.605,1,"ASCC3"
0.411010617535946,-0.59209586921777,0.407,0.481,1,"CSMD2"
0.411140431075992,0.534003395786898,0.407,0.247,1,"PLK1S1"
0.411660385655148,0.766766022484702,0.333,0.235,1,"PMM1"
0.411993819548188,-1.14123027683433,0.259,0.432,1,"ZCCHC6"
0.412487330894977,0.513156087164637,0.444,0.395,1,"LOC284865"
0.412522896140514,0.866781609991119,0.407,0.309,1,"HABP4"
0.412656756078233,0.681520848253267,0.704,0.519,1,"GPKOW"
0.412793321880577,-0.765745097164485,0.37,0.457,1,"SLC2A6"
0.412874556183629,0.54374054610254,0.704,0.556,1,"NAALADL2"
0.413151803777447,-0.599600982901796,0.704,0.704,1,"YIPF6"
0.413324734958222,-0.91387885836914,0.333,0.407,1,"NVL"
0.41343485221441,-0.544027452460334,0.296,0.346,1,"LOC284276"
0.413557142193726,1.10337268009829,0.481,0.346,1,"CDAN1"
0.413644776205503,1.37049608279662,0.259,0.123,1,"LOC100131626"
0.414275738078995,0.60553317517685,0.815,0.741,1,"MGC2752"
0.414362604732764,-1.07726057952267,0.222,0.309,1,"UNC5B"
0.414427098738804,-0.750439918235694,0.222,0.309,1,"SHC4"
0.415028462857759,-0.643552939065861,0.519,0.519,1,"SNX21"
0.415108586052583,-0.717354118301264,0.222,0.321,1,"LRRC48"
0.415154120014631,0.927988660413744,0.519,0.383,1,"GPX8"
0.415273218383974,0.501871465168751,0.852,0.679,1,"SCFD1"
0.416344484098586,0.662648102904661,0.704,0.605,1,"RNF138P1"
0.416506429040366,-0.660411881657355,0.259,0.346,1,"NR3C2"
0.416805253903363,-0.513745865220493,0.519,0.519,1,"NUP93"
0.417887638143469,-0.947481975327598,0.222,0.321,1,"INHBA-AS1"
0.418237396584555,0.662795663712309,0.519,0.469,1,"BACH2"
0.418634120431438,0.753170826593717,0.37,0.284,1,"GCAT"
0.418765335839495,0.507544371364522,0.296,0.148,1,"LRP8"
0.41884463085675,-0.740386051518438,0.37,0.383,1,"IFI44"
0.419757266604726,0.715120753339926,0.407,0.235,1,"HYAL2"
0.420022855600019,-0.610062945117171,0.37,0.432,1,"CHRDL1"
0.420281387300896,-0.669212144635438,0.481,0.543,1,"SLC22A5"
0.420773331150795,0.654644924211867,0.593,0.42,1,"IFT27"
0.42105294920837,0.747613315659725,0.259,0.123,1,"ASAP3"
0.421140297340168,0.871562443295016,0.519,0.309,1,"LOC642361"
0.42117371129365,1.08933115866017,0.333,0.173,1,"KIFC3"
0.421660858932126,-0.583317416222477,0.667,0.617,1,"ANKRD45"
0.42183281451807,-0.650290731494386,0.296,0.284,1,"FUT11"
0.422082162310473,-0.704046413213655,0.37,0.432,1,"AKT1S1"
0.422200690902781,-0.845175477329999,0.259,0.321,1,"LAMA1"
0.422394351389251,0.741965714079351,0.37,0.259,1,"OSTF1"
0.423113439312036,1.1318669434902,0.481,0.457,1,"MPL"
0.423431764109354,1.15834571807909,0.259,0.173,1,"PLIN5"
0.423573152344,0.686321076402261,0.593,0.531,1,"SLC25A34"
0.423590260206858,0.529662946626752,0.852,0.728,1,"PIK3C3"
0.424736121823276,-0.719452987714879,0.556,0.63,1,"HUS1"
0.425667097591286,0.77397800568754,0.296,0.222,1,"ZNF385A"
0.425982764913955,0.790589125621803,0.259,0.16,1,"PCDHGC5"
0.426230314910273,-0.82261209023461,0.407,0.37,1,"SLC4A5"
0.426610374632698,0.555838194163705,0.63,0.457,1,"RIPK2"
0.426835356569777,0.701975476037624,0.259,0.136,1,"LINC00339"
0.426998844929759,0.616781415375678,0.556,0.321,1,"FLAD1"
0.427743505079379,0.557420064362232,0.407,0.296,1,"C16orf70"
0.427954429832323,0.889545387652561,0.519,0.309,1,"SMYD5"
0.427979047175176,0.675242422113605,0.259,0.136,1,"SALL3"
0.428082323992038,0.578328153402629,0.444,0.296,1,"MIR22HG"
0.428084044849053,0.788195794143422,0.37,0.284,1,"CRB1"
0.428458070278905,-1.42004811444406,0.222,0.284,1,"ZNF639"
0.429013943215286,0.739707165071522,0.444,0.296,1,"C14orf101"
0.429095053695273,0.877630903185136,0.556,0.37,1,"ZNF331"
0.429107269489031,1.15883873870569,0.444,0.222,1,"S1PR3"
0.42983246035267,-0.721152407231508,0.556,0.642,1,"UTS2D"
0.430150923576979,0.603808014930445,0.519,0.395,1,"NUP155"
0.430666662283368,0.553975023980156,0.741,0.63,1,"AIFM1"
0.430705597772191,1.07576934155945,0.407,0.198,1,"GMPPB"
0.431375326870509,-0.883552488228848,0.407,0.457,1,"C9orf64"
0.431405752005417,0.669866430245666,0.37,0.247,1,"TRIP4"
0.432649055168324,-0.580927469838185,0.556,0.543,1,"TMEM241"
0.432692349416718,0.695099579885321,0.519,0.358,1,"CASKIN2"
0.432983037655548,-0.555299181469963,0.593,0.654,1,"ANKH"
0.433119075041843,0.651615903849314,0.667,0.469,1,"DAPK3"
0.43370208465542,0.542953838358535,0.815,0.716,1,"JAKMIP2"
0.435339800118857,0.695189564611729,0.407,0.309,1,"C19orf35"
0.435486018955608,-0.751272650112227,0.593,0.605,1,"FLNB"
0.435914293617017,-0.512719685444115,0.444,0.556,1,"SLC40A1"
0.436237479226979,-1.08539902544254,0.444,0.457,1,"HLA-L"
0.436586980179867,0.81074142941488,0.667,0.556,1,"MOCS3"
0.436595869269266,0.636671733176936,0.37,0.284,1,"TTC32"
0.436697052866403,-0.515203058290255,0.37,0.42,1,"KBTBD7"
0.436864920112447,0.603358952768567,0.37,0.198,1,"ADO"
0.436946185761937,0.562889074246451,0.778,0.617,1,"IREB2"
0.437570501374558,0.664205978876717,0.444,0.309,1,"LOC283731"
0.437848497933988,-0.6563874545887,0.481,0.556,1,"REL"
0.437977978331297,-0.662836290091607,0.481,0.543,1,"SLC39A14"
0.438018680535121,0.54915074865543,0.519,0.358,1,"FOXRED1"
0.43816820007246,0.79592992441697,0.667,0.531,1,"KIAA1614"
0.438169462667493,-1.35923496371169,0.222,0.284,1,"CREBRF"
0.438390910407674,0.726750144880086,0.259,0.136,1,"LOXL2"
0.43855681406009,0.538901244912528,0.852,0.654,1,"ZCCHC4"
0.438592010459984,-0.561292773534266,0.519,0.556,1,"PLEKHM1"
0.438825826593857,-1.07461489486601,0.148,0.259,1,"FAM149B1"
0.439367573912701,0.70693695238103,0.407,0.272,1,"ATF1"
0.439412511505944,-0.800660723699074,0.444,0.444,1,"NPRL3"
0.439670900274922,1.04598788145268,0.37,0.37,1,"TLR7"
0.441021791984649,-0.787480694773335,0.222,0.358,1,"RPP25L"
0.4410276006491,0.805076263351042,0.333,0.259,1,"GLCCI1"
0.441071204230507,-0.546416566962967,0.444,0.519,1,"STAU2-AS1"
0.441398717522841,-1.12494591405383,0.37,0.346,1,"LTB4R"
0.441834196526302,0.603914679588166,0.296,0.272,1,"ARL15"
0.442323866262965,1.08512482486539,0.407,0.247,1,"RHOBTB1"
0.442941502639941,-0.820236582194166,0.222,0.309,1,"OGFOD2"
0.44296366640846,0.755061158097828,0.333,0.272,1,"NELL2"
0.443578864008405,1.00375382827439,0.481,0.309,1,"GBP5"
0.44398048541484,-0.516897365051797,0.556,0.593,1,"TCEB3"
0.44435586023094,0.889957473480279,0.37,0.284,1,"PTPN9"
0.444927698588961,0.656080539697633,0.593,0.481,1,"MAGEF1"
0.445158593168344,1.43956298135842,0.296,0.16,1,"BMP3"
0.445614607554106,0.679432972811855,0.481,0.383,1,"FARP2"
0.446209230947676,0.540398341608955,0.296,0.173,1,"FBXO22-AS1"
0.446355851965469,-0.564562052050117,0.296,0.37,1,"BICD2"
0.446467559210486,-0.778541445362668,0.259,0.321,1,"OBFC1"
0.446944719509958,0.678393735928332,0.407,0.235,1,"MED9"
0.447217822076353,0.541995994602072,0.704,0.667,1,"SGOL1"
0.447535982309092,-0.647307314913177,0.593,0.63,1,"TTN"
0.447553731660434,1.00906528297339,0.296,0.173,1,"GPR173"
0.447771953240323,0.844174934186097,0.481,0.284,1,"VRK1"
0.44818064593927,0.987236544831206,0.407,0.235,1,"SMC2"
0.448326269310812,-0.900366317456991,0.222,0.321,1,"EPHX2"
0.44870468694833,0.659924795457248,0.519,0.346,1,"PDCL3"
0.448763346809539,0.648085760059393,0.593,0.42,1,"CLN3"
0.449468484876178,0.670612128997338,0.63,0.642,1,"ZNF124"
0.450028984913223,-0.623349278238842,0.704,0.605,1,"C1QTNF6"
0.450164571540748,-0.570566193117786,0.259,0.21,1,"LPAR6"
0.450318852418952,0.666327832062743,0.481,0.296,1,"RASSF2"
0.450519038814519,-0.688758343610539,0.222,0.321,1,"TRAF3"
0.450962406315036,0.638729072572309,0.556,0.519,1,"METTL6"
0.451370539572335,0.705292866631077,0.778,0.568,1,"TIPRL"
0.451515547917469,0.898633318762259,0.63,0.42,1,"CSTF3-AS1"
0.451853168450362,0.9471618864706,0.259,0.185,1,"MAPK8"
0.452458872505096,-1.0687280318736,0.259,0.173,1,"DFNB31"
0.452495988755211,-0.57366544839797,0.296,0.358,1,"DEDD2"
0.452817444103468,-0.637552454489173,0.519,0.568,1,"ZFYVE27"
0.453011614646699,0.537311144581696,0.704,0.519,1,"MZT2B"
0.453594189149043,0.783105226713659,0.259,0.148,1,"LOC100286793"
0.45406990893579,0.739583682002396,0.407,0.247,1,"ZNF470"
0.454351005560341,-0.513291742028922,0.593,0.58,1,"BIVM"
0.454500762985754,-0.763980788070623,0.259,0.37,1,"RHBDD1"
0.45482337832684,1.05699773212652,0.444,0.247,1,"SART1"
0.454842778874476,0.884835357617498,0.259,0.111,1,"FRMPD2"
0.455313013828546,0.999362154545398,0.444,0.333,1,"C19orf44"
0.455452375442409,-0.691416460241897,0.185,0.284,1,"HEG1"
0.456737672574586,0.572100293437945,0.889,0.753,1,"UNC5C"
0.456743996583708,1.05007495494507,0.259,0.123,1,"MICAL1"
0.456900945290979,0.585706062406484,0.333,0.198,1,"PLCD4"
0.457345731509531,0.779518714628261,0.37,0.259,1,"MKX"
0.458113441673258,0.594096183361313,0.407,0.222,1,"FAM216A"
0.458354502424718,-0.536497113283075,0.37,0.432,1,"H1F0"
0.458532423541623,-0.655352077363196,0.222,0.296,1,"CCDC23"
0.459042184479998,0.537693450242241,0.481,0.407,1,"CPEB2"
0.459625010375347,1.09174702388315,0.296,0.173,1,"FLT3LG"
0.459732537404756,0.640671653556266,0.556,0.358,1,"SHANK2-AS3"
0.461055367093847,-0.660662054055031,0.37,0.506,1,"GNPDA2"
0.461566731456315,1.22450648699261,0.259,0.111,1,"TRPM8"
0.461708644486029,0.555211885603786,0.556,0.37,1,"SLC43A2"
0.462041616827497,0.507268975855039,0.519,0.383,1,"TRABD"
0.462276339938943,-2.10488881672875,0.222,0.272,1,"SCML2"
0.462387285755417,0.702072069835632,0.37,0.247,1,"TAGLN2"
0.46243869961387,0.634634148231025,0.519,0.321,1,"APCDD1"
0.462545657747454,0.535071173856323,0.444,0.284,1,"ZSCAN21"
0.462805766722788,0.718732822331423,0.333,0.222,1,"LOC100129250"
0.462827498560625,-0.601592687721661,0.259,0.346,1,"MIPEP"
0.463289820512433,-1.22776102423951,0.407,0.395,1,"LOC100507501"
0.463719442417557,1.32822206004868,0.37,0.346,1,"KIF11"
0.463755335798462,0.93005748063254,0.333,0.21,1,"PPAPDC2"
0.463846196472837,0.577640579794738,0.556,0.42,1,"NIPSNAP1"
0.464064015293935,-1.05521608551339,0.185,0.259,1,"EPB41L4A"
0.464909194914821,0.528712238829585,0.556,0.407,1,"CKLF"
0.464972222270138,1.05204358185763,0.407,0.222,1,"PRTG"
0.465134247792289,-0.567621413717454,0.333,0.432,1,"SLC2A1"
0.465186898314758,0.550245214587009,0.407,0.37,1,"BEX1"
0.465265076051772,0.894801857109469,0.333,0.16,1,"TMEM56-RWDD3"
0.465735213505818,0.792421957869559,0.481,0.259,1,"EVA1C"
0.466079562608246,0.710658323142809,0.296,0.173,1,"MS4A2"
0.466650410903312,1.02351988106781,0.296,0.16,1,"NRG2"
0.467217727801085,0.668387200465851,0.444,0.346,1,"UTP15"
0.46737180373855,0.814770782010571,0.519,0.309,1,"VENTX"
0.467664237828607,-0.57932198093937,0.333,0.346,1,"BET1"
0.467785528665089,-0.673085271792098,0.296,0.358,1,"U2AF2"
0.468289069620385,0.749698122751948,0.37,0.21,1,"STAC"
0.469112043519053,-0.987209082531408,0.185,0.284,1,"DLEU2L"
0.469463259453557,0.530894057961252,0.259,0.235,1,"DEAF1"
0.469515183538847,1.02460024880671,0.333,0.16,1,"WASF1"
0.47004721305075,-0.608520235044951,0.37,0.481,1,"CXorf40B"
0.470377002949222,1.16055332445755,0.37,0.222,1,"KRT18"
0.470466313993651,0.882143622637227,0.37,0.185,1,"MUC4"
0.470558552392997,0.832799533570456,0.444,0.321,1,"CAMSAP1"
0.470579535277551,1.12712328053072,0.296,0.173,1,"ZNF473"
0.47067607108647,0.71935548126626,0.519,0.296,1,"ANGPT2"
0.471496363483878,0.71242410273392,0.667,0.481,1,"DKC1"
0.471842247254362,-0.618772073361087,0.556,0.617,1,"SGMS1"
0.472400241376265,0.782483047807935,0.296,0.222,1,"HS1BP3"
0.472995618317155,0.63496536691676,0.444,0.296,1,"CHKB"
0.473065394218957,0.724517509159459,0.593,0.531,1,"LARS2-AS1"
0.473505478838613,-0.744965642159126,0.556,0.568,1,"SIK3"
0.474346601508476,0.776161138079302,0.444,0.272,1,"EEFSEC"
0.474446330974073,-0.588260404509096,0.222,0.259,1,"MAK16"
0.475776863059223,-0.509310660215138,0.63,0.679,1,"TMF1"
0.475847131078302,-0.577581619011187,0.519,0.543,1,"PLP1"
0.476400269011206,0.717555245573259,0.519,0.321,1,"HN1L"
0.47659710040345,-0.97043624695745,0.259,0.284,1,"HSD17B7"
0.476613368749347,-0.764308087209384,0.333,0.407,1,"KCP"
0.47730316558466,-0.572416288069729,0.593,0.568,1,"ZSCAN12"
0.477913177764215,1.17972182481538,0.519,0.333,1,"SLK"
0.478007346077152,-0.990206541061278,0.444,0.531,1,"C19orf12"
0.478530005590828,-0.533740311802386,0.481,0.494,1,"DIEXF"
0.478623610842052,-0.626805304449982,0.407,0.506,1,"ADPGK"
0.478681736108545,0.616162541923588,0.593,0.444,1,"DLG1"
0.478819712691925,0.72927921893798,0.407,0.235,1,"PPP2R5E"
0.478841030345266,0.554228180532447,0.37,0.222,1,"PASK"
0.478979350159114,0.623966677033447,0.333,0.259,1,"SETD8"
0.47940193501241,-0.551399840872732,0.222,0.272,1,"HERC3"
0.479843859750195,-0.704172521999987,0.259,0.235,1,"LOC440297"
0.479896317108677,-0.754670352402721,0.37,0.247,1,"ZNF514"
0.480059337603528,-0.82762960747507,0.333,0.321,1,"SCAMP5"
0.480132438897051,0.651388406968943,0.704,0.63,1,"LPIN3"
0.481018931084844,-0.707437594316152,0.296,0.383,1,"DISC1"
0.481084166403577,0.521621112862688,0.704,0.543,1,"TMEM184B"
0.481433151031842,0.813215549186982,0.444,0.321,1,"HELQ"
0.481508151277847,-0.525811262189085,0.444,0.42,1,"GRAMD1A"
0.482556207097105,0.680096744988006,0.481,0.321,1,"MTRR"
0.483835231576794,-0.787299331866367,0.259,0.235,1,"LRRCC1"
0.484580340456471,0.584939310678912,0.481,0.346,1,"TOP3B"
0.484610624512247,0.936563688050446,0.37,0.222,1,"CARS2"
0.484916006513172,1.13106498610389,0.407,0.284,1,"WDR44"
0.485455661514711,-0.73665514730611,0.259,0.309,1,"FFAR2"
0.48547547074326,-0.591830830284798,0.296,0.346,1,"ERCC2"
0.486048947578157,0.638247556381482,0.444,0.309,1,"URB2"
0.487246639342585,1.00290245896759,0.259,0.136,1,"IRAK1BP1"
0.487463153666566,2.10767867722746,0.333,0.21,1,"NPTXR"
0.487798298453066,-0.963370195584255,0.222,0.259,1,"MXRA8"
0.487873103138599,1.05054379761762,0.481,0.296,1,"PDE6B"
0.488185905281682,-0.607438836134948,0.333,0.358,1,"TTN-AS1"
0.488418516492934,-0.502083168806589,0.37,0.383,1,"PSMG1"
0.488468687393542,0.511672315028098,0.556,0.383,1,"SLC25A23"
0.489261994804794,0.513271855770362,0.296,0.321,1,"DAB2IP"
0.489885984456279,0.808176696406061,0.63,0.457,1,"STRIP2"
0.490229570823326,-0.63391501502759,0.296,0.247,1,"PLEKHA8"
0.490483122714516,-0.680963074443784,0.481,0.568,1,"LOC441666"
0.490569392376537,1.2419103938906,0.407,0.247,1,"C16orf55"
0.491376287162226,-0.507089036867041,0.222,0.284,1,"TBL1X"
0.491435564373086,-0.510253050619681,0.333,0.432,1,"MFSD8"
0.491553142875773,0.517996697783185,0.593,0.383,1,"MRPL32"
0.492058765474581,-0.629717459094073,0.259,0.37,1,"FKBP9L"
0.492730892674744,-0.8819549873813,0.333,0.407,1,"HTR7P1"
0.493286951516669,0.890684454094042,0.333,0.198,1,"VN1R2"
0.49332004698019,0.542843886884687,0.556,0.457,1,"RUSC2"
0.493369192407638,0.53044667783833,0.259,0.136,1,"ZNF449"
0.493823484896877,0.536816176109396,0.481,0.457,1,"UBE2Q2P3"
0.493939476772024,-0.678798355696355,0.407,0.519,1,"MEX3C"
0.494523441783826,-0.528336915410367,0.296,0.358,1,"GIMAP8"
0.494767554406038,0.528917335809449,0.37,0.321,1,"CCDC148"
0.495611385146605,-0.894282506185337,0.185,0.284,1,"AGPAT2"
0.495805085756464,0.536910199688798,0.667,0.481,1,"CD9"
0.495903310319101,0.543622797992015,0.704,0.519,1,"MMP2"
0.495999248827754,-0.614641251012257,0.333,0.358,1,"SH3GLB2"
0.496049124243691,0.896174644602332,0.296,0.259,1,"SVOP"
0.496180592808879,0.668136730849523,0.556,0.543,1,"C3orf70"
0.497134625675641,0.535856797857947,0.815,0.728,1,"MCC"
0.497645318925256,0.903329652778797,0.407,0.284,1,"KIAA1841"
0.498482836251106,-0.656721697949947,0.481,0.568,1,"DHRS4-AS1"
0.498490812293897,0.809376016155985,0.333,0.198,1,"RND1"
0.498857477616018,-0.531725220664258,0.704,0.728,1,"AUTS2"
0.49889867846776,-0.531341112509776,0.444,0.543,1,"SATB1"
0.499357575964963,0.751329564327086,0.296,0.21,1,"TMEM194A"
0.499438103782401,0.705125228621992,0.407,0.259,1,"TNFAIP6"
0.49987155965174,0.667682292111024,0.259,0.21,1,"FAM69B"
0.50048623663902,0.916767373384776,0.407,0.222,1,"LOC256880"
0.500538899561011,0.695005294448788,0.667,0.617,1,"ZNF818P"
0.500802161942289,0.791131549985098,0.296,0.235,1,"ENG"
0.500898484532547,-0.69466476961497,0.185,0.259,1,"RNLS"
0.500975192027118,0.686129908845795,0.444,0.37,1,"TEX10"
0.501125564644472,-0.696862558969196,0.519,0.556,1,"INSIG2"
0.50123992802981,0.734264380363482,0.556,0.457,1,"ZNF696"
0.501511269981259,0.880210964313472,0.333,0.235,1,"WDR4"
0.50159245745866,-0.665687545194178,0.259,0.333,1,"TMEM256"
0.501733258939947,0.598493377815412,0.593,0.531,1,"ZZEF1"
0.502839897446249,-0.631508227560158,0.37,0.407,1,"CUL7"
0.503729144900061,0.968699747625587,0.333,0.185,1,"ARHGAP6"
0.50450636290178,0.760589109495218,0.444,0.222,1,"HEBP2"
0.505058253305027,-0.501690028140817,0.444,0.469,1,"NUDT15"
0.505173173693236,0.522857889698155,0.556,0.358,1,"NOA1"
0.505325161374518,0.509228104422937,0.593,0.481,1,"SLC25A38"
0.50581187326951,-0.995248673429632,0.185,0.284,1,"FOXJ2"
0.506447712381242,-0.536660004450054,0.222,0.259,1,"C10orf32-AS3MT"
0.506517002315429,-0.670731943291691,0.222,0.296,1,"DBNDD2"
0.506818148101813,-0.546486270576106,0.741,0.765,1,"MLLT6"
0.507157304315719,0.50411812673682,0.37,0.235,1,"PHF13"
0.507729631927762,0.506634336989977,0.296,0.173,1,"ORAOV1"
0.508469345943784,0.796903416317958,0.296,0.185,1,"PCYT2"
0.50888037064312,0.644889083428604,0.556,0.383,1,"TUBD1"
0.509828999990221,-0.762443920331547,0.481,0.543,1,"LIN52"
0.511008792817841,-0.773588868382436,0.407,0.395,1,"PRELID2"
0.511732456656655,-0.574814314206025,0.519,0.543,1,"ATP5S"
0.512242579616957,1.21802776549016,0.259,0.148,1,"ANKRD32"
0.512328289988289,0.562299546639668,0.333,0.185,1,"P2RX7"
0.512421688269321,0.686805526278127,0.593,0.383,1,"ABTB1"
0.512742904861214,-0.791075539213464,0.222,0.284,1,"TMED10P1"
0.512873213637414,0.548238147130616,0.444,0.346,1,"DNMBP-AS1"
0.512968524573662,0.734468652061548,0.519,0.432,1,"FZD4"
0.513782213012334,0.54278056715384,0.741,0.556,1,"THBS3"
0.514105315050067,0.801275557786952,0.296,0.185,1,"TSPAN33"
0.514196897914461,0.979821197050897,0.259,0.198,1,"CYP2R1"
0.514355366472384,-1.74970294253421,0.333,0.247,1,"MESTIT1"
0.514568771217923,-0.520872001720967,0.37,0.457,1,"PCOLCE"
0.514669020408454,0.58404090576647,0.519,0.444,1,"NUP153"
0.514855839392887,0.561392244976199,0.407,0.309,1,"SQRDL"
0.515641873583264,-0.822021092977878,0.185,0.272,1,"ZFP1"
0.515810357138491,0.535321258236712,0.667,0.519,1,"AMMECR1L"
0.516011151701834,0.591230706305618,0.519,0.333,1,"DOCK5"
0.51627329833963,1.06289681984297,0.259,0.247,1,"TMEM106A"
0.516427735612682,0.750838732752378,0.481,0.296,1,"AGPS"
0.516522117148291,0.672425676167436,0.593,0.407,1,"MRPS30"
0.518099413849239,0.534397670192962,0.296,0.272,1,"LOC730183"
0.518350929726562,-0.873831808812443,0.481,0.494,1,"FAM118A"
0.518374236715511,-0.564464253713961,0.333,0.333,1,"INE1"
0.5195324376062,-0.502821895558442,0.296,0.346,1,"VWA3A"
0.519734764586958,-0.602570177973291,0.444,0.494,1,"PRKAR2B"
0.519907034495374,0.716777574015066,0.407,0.333,1,"USP28"
0.520738791593038,0.58643351324689,0.778,0.593,1,"SPRYD7"
0.521664130037175,0.503249937018493,0.407,0.272,1,"ADIPOR2"
0.521682886865115,0.781671007704894,0.37,0.284,1,"PLEKHM2"
0.522818417955143,-1.11758020482562,0.37,0.395,1,"SEC22A"
0.52309129083664,0.52043367497116,0.259,0.198,1,"ZNF879"
0.523719208707836,0.689023620354492,0.556,0.407,1,"C2CD5"
0.523799412400891,-0.566113794615851,0.481,0.494,1,"MAP2K5"
0.524099404380601,-0.757468476977787,0.704,0.753,1,"IMPAD1"
0.524236836120428,0.696905998140213,0.481,0.432,1,"LOC100130899"
0.525995261912214,0.794869893037126,0.333,0.198,1,"FAM108A1"
0.526002244322112,-0.836248441983184,0.185,0.259,1,"RNMTL1"
0.52632360554524,0.798941836545026,0.593,0.457,1,"LOC440970"
0.526572169402187,0.603695244474012,0.481,0.346,1,"TFCP2"
0.527145855401476,1.03591865088318,0.481,0.309,1,"PATE4"
0.527604098926237,-0.897598015067519,0.222,0.272,1,"HLCS"
0.528064649841308,-0.675426874333114,0.259,0.358,1,"ERCC8"
0.529255414909723,0.615191925323915,0.37,0.198,1,"PABPC1L"
0.529466200559736,0.527470705723117,0.704,0.519,1,"SFSWAP"
0.529839499942994,0.525886926646369,0.481,0.42,1,"IFT122"
0.530217072116393,0.50616169215526,0.259,0.148,1,"SEPT5-GP1BB"
0.530541809025397,0.553897762652654,0.296,0.259,1,"FAM179A"
0.53062572898114,-0.526944352172893,0.185,0.272,1,"NSUN3"
0.530653758244639,0.731208870416167,0.63,0.395,1,"ZBTB8OS"
0.53123889605204,1.34163067057743,0.519,0.37,1,"MFSD4"
0.531689684002168,-0.612436106048865,0.222,0.272,1,"PHF5A"
0.53182469455662,0.915731795665759,0.481,0.284,1,"MPHOSPH9"
0.53219982133495,1.26943433830742,0.259,0.123,1,"ZFP37"
0.533046757533511,0.51315509375602,0.704,0.556,1,"DNAJC24"
0.534661909838784,-1.15222938157282,0.185,0.284,1,"BCL2"
0.535596952928754,0.836348243899337,0.296,0.16,1,"SPHKAP"
0.535831115946077,0.99931960199742,0.444,0.259,1,"EHD1"
0.537475988778635,0.614687907088134,0.593,0.444,1,"MVB12A"
0.538319324576644,1.58314498019538,0.259,0.136,1,"TDGF1"
0.538628226664076,-0.522975556220849,0.444,0.407,1,"WWC2"
0.538688652597156,-0.520957577393929,0.444,0.457,1,"CLIP4"
0.539104608419039,-0.941510371197019,0.296,0.383,1,"ZC2HC1A"
0.539356727450668,1.08119469099761,0.519,0.296,1,"GUCD1"
0.539400642670773,0.513074747344202,0.519,0.346,1,"TFDP1"
0.539565904465048,-0.690936286386992,0.37,0.407,1,"FGD1"
0.539899796901746,0.50174809067797,0.704,0.543,1,"CRYZ"
0.540234973154927,0.623643266016334,0.407,0.259,1,"AKAP7"
0.5409084552274,0.792311235164693,0.63,0.556,1,"LOC257396"
0.541332615094159,0.572029119992491,0.37,0.247,1,"RDH13"
0.541545305392713,0.595167250755027,0.37,0.235,1,"RRP36"
0.543342255293332,0.677863189039732,0.556,0.395,1,"DDX39A"
0.543556543210909,1.24092843830194,0.259,0.123,1,"BORA"
0.543912220714959,0.897920560681425,0.296,0.185,1,"HRH1"
0.544431196280826,0.933072162490703,0.37,0.235,1,"CAND2"
0.544658381617342,-0.557028284659993,0.296,0.296,1,"ELL"
0.545811107170317,0.740850205020479,0.778,0.667,1,"CCDC113"
0.545962141953406,0.618714691110464,0.333,0.247,1,"TMTC4"
0.546129516869235,0.590561370008255,0.37,0.333,1,"ZNF107"
0.5465540297711,-0.819373873545884,0.296,0.222,1,"AGO4"
0.547841750843284,-0.928411906807046,0.148,0.259,1,"SPATA2L"
0.548070499005286,-0.564844369264212,0.667,0.704,1,"NUBPL"
0.548536877118247,-0.557824502637352,0.333,0.321,1,"RRP8"
0.548734607831163,0.717250489135156,0.481,0.321,1,"KAT2A"
0.548770836312313,0.697094989262208,0.259,0.148,1,"NCK2"
0.549547387041702,0.84827094142942,0.296,0.21,1,"OMA1"
0.551807984298941,0.786734912751248,0.333,0.284,1,"NFKB1"
0.552268753681854,0.589871539492411,0.407,0.321,1,"CAPS"
0.552561342797931,0.564890191974061,0.815,0.642,1,"PKNOX1"
0.552603688311367,-1.60227203396948,0.259,0.173,1,"ANTXR2"
0.553166888501976,0.633947735358608,0.519,0.346,1,"DNM2"
0.553566926435429,1.27416488938326,0.333,0.185,1,"PCDHB13"
0.553944934495763,0.578824779507093,0.778,0.679,1,"THSD7A"
0.554689618266298,0.623113876858637,0.333,0.222,1,"NELFB"
0.554925108464897,0.690519840077758,0.444,0.358,1,"CASK"
0.556274900052324,0.50752558179943,0.37,0.222,1,"DUSP15"
0.556316593857436,0.547802509543396,0.667,0.481,1,"STRADA"
0.556693590025485,0.544000067655193,0.852,0.667,1,"ZNF785"
0.557013402609032,-0.638478609917972,0.444,0.519,1,"INE2"
0.557868096839764,0.62927767621445,0.407,0.296,1,"MYH7"
0.558217863735777,0.620968937853127,0.481,0.284,1,"LOC157273"
0.559186361650053,0.816913501290983,0.407,0.235,1,"CENPO"
0.560436694013911,0.703332990959733,0.481,0.346,1,"NAGA"
0.561172794730131,0.651159473836326,0.333,0.222,1,"PLAGL1"
0.561234960884674,1.24755479191015,0.296,0.173,1,"MVK"
0.561557841254621,0.702779756965431,0.444,0.284,1,"E2F3"
0.561818457714138,0.504185734994977,0.741,0.556,1,"FAM210B"
0.561947211903852,-1.07850806478056,0.37,0.383,1,"LPGAT1"
0.562653528601722,0.848901357173444,0.481,0.284,1,"SLC16A14"
0.563249592262733,0.774171158339427,0.296,0.185,1,"TPH1"
0.563553536576415,0.681994100374652,0.481,0.333,1,"MAML3"
0.564580093411507,0.99983968236781,0.296,0.173,1,"LOC100506668"
0.564997950986944,0.747569337357253,0.259,0.123,1,"IGIP"
0.565523286089957,0.6231269648608,0.481,0.358,1,"DCLRE1C"
0.566461361648368,0.552301284303652,0.444,0.259,1,"MAP6"
0.567234308461482,-0.521671373505231,0.481,0.543,1,"LMF2"
0.567428133634322,0.951918672926333,0.296,0.148,1,"GPR137B"
0.567903372225355,0.928000537561251,0.444,0.259,1,"HNRNPUL2"
0.568158326064013,1.18032705822049,0.519,0.37,1,"FLT1"
0.570459956661519,-0.6954176460543,0.37,0.432,1,"GPR125"
0.570984606949941,0.903016460724336,0.481,0.309,1,"SHROOM4"
0.571818000789812,-0.682393302458667,0.593,0.444,1,"ZNF765"
0.572749104401965,0.552299896513226,0.333,0.346,1,"CASP10"
0.573031481526263,0.545861863030429,0.63,0.469,1,"SYBU"
0.573611223040242,0.546370373250237,0.926,0.877,1,"FXN"
0.573638612959739,0.695115487019895,0.37,0.21,1,"ZDHHC8P1"
0.574907898387623,-0.878895526418672,0.222,0.272,1,"FBXL2"
0.575144272907687,0.585654223369575,0.444,0.296,1,"RYBP"
0.575488287355533,-0.606139443803619,0.296,0.309,1,"PRKD1"
0.575553440967782,-0.527849757412571,0.222,0.272,1,"ZNF385D"
0.576641339089547,0.506107277951275,0.444,0.346,1,"KBTBD4"
0.577605086786652,0.816109638554933,0.259,0.148,1,"LOC100506451"
0.577642956064017,0.710306162081779,0.296,0.185,1,"SERP2"
0.577761288185445,0.5024279880339,0.481,0.358,1,"DNAJC13"
0.578284778346222,-0.537310385748209,0.37,0.358,1,"GMDS"
0.578733061802393,-0.85493196234964,0.296,0.346,1,"A2ML1"
0.579959073880809,0.699314730902948,0.37,0.321,1,"LOC100506085"
0.580645351948802,0.649195610998242,0.481,0.333,1,"HELZ2"
0.581584337048029,0.540553595202691,0.481,0.395,1,"TAGLN"
0.58213336328078,0.501781674966877,0.407,0.321,1,"MED30"
0.584621649509662,-0.750400351040223,0.296,0.333,1,"PPIP5K1"
0.584981146547286,-0.552439660658157,0.852,0.84,1,"FCF1"
0.585025423401047,-0.644594433155518,0.259,0.309,1,"ACSF3"
0.585032124605291,1.72585669545247,0.296,0.284,1,"IRAK3"
0.585357454742556,-0.680981577838839,0.296,0.395,1,"RNPEPL1"
0.587020379596786,-0.514683054761151,0.481,0.494,1,"MORC3"
0.58719160921315,0.835829045059812,0.259,0.148,1,"PDE9A"
0.587269004305726,0.570932795488721,0.481,0.42,1,"ARSG"
0.587772537575258,-0.520354100300433,0.259,0.358,1,"LOC338758"
0.587934947739428,0.644797527791006,0.593,0.42,1,"MTA2"
0.588615637262107,0.851488314450063,0.407,0.284,1,"BHLHB9"
0.589822811466193,0.599434248293248,0.333,0.21,1,"RPP40"
0.590039986281263,-0.534983279030519,0.296,0.309,1,"FEN1"
0.591443983653266,-0.519784106464835,0.37,0.321,1,"NEURL4"
0.591762519191243,0.638373935470394,0.259,0.16,1,"LDLRAD4"
0.591849093972386,0.506225543184514,0.815,0.667,1,"ZCCHC11"
0.592312621186495,0.656588837320456,0.37,0.296,1,"EXOSC9"
0.592319391166941,0.929894015306052,0.259,0.123,1,"LTC4S"
0.592342695114258,0.586978178501568,0.63,0.457,1,"VPS16"
0.592554508521393,-0.672828583766541,0.444,0.469,1,"FGF2"
0.594743413950582,-0.785041745396118,0.407,0.432,1,"ELMO1"
0.595779975915371,-0.764405445828776,0.37,0.42,1,"RBM15B"
0.5961149056032,0.58680057599188,0.593,0.432,1,"FBXW8"
0.596136509270359,0.534724963546639,0.556,0.42,1,"KIAA0247"
0.596843576713543,-0.530276388692687,0.556,0.617,1,"TMCO3"
0.597510836215155,-1.0311680063875,0.148,0.259,1,"HLA-F"
0.598128130870112,0.970049298929607,0.259,0.185,1,"KANK3"
0.598734541988786,-0.516900955893528,0.519,0.605,1,"ATP2C1"
0.598924039290958,0.514093994526008,0.37,0.235,1,"C2orf47"
0.599172676264238,-0.56200770698841,0.333,0.395,1,"TTC3P1"
0.600274967731974,0.59649029944258,0.481,0.346,1,"FAM8A1"
0.60064411826435,0.682073189598404,0.259,0.185,1,"PC"
0.60073836666905,-0.918753620008812,0.259,0.259,1,"RTN4IP1"
0.601658582073905,0.55173497673958,0.593,0.407,1,"PMS2P1"
0.6016591308962,0.706241138741576,0.444,0.284,1,"PAPL"
0.60190330062593,0.679063983504604,0.296,0.222,1,"CD97"
0.603097936682482,0.510756023619923,0.481,0.321,1,"PHYH"
0.603918799139663,-0.607263685049892,0.259,0.259,1,"LRIG3"
0.603939788143429,-0.521787757707719,0.704,0.716,1,"NABP2"
0.604888829693119,0.564687986725618,0.259,0.21,1,"CKS2"
0.605304870991312,0.630876085612122,0.481,0.37,1,"NOMO1"
0.606421838031996,0.89103053090073,0.333,0.21,1,"TTLL12"
0.609274521028239,1.09743368808897,0.333,0.185,1,"COL16A1"
0.60946727162545,1.38876104173361,0.333,0.185,1,"ECT2L"
0.609865459132191,0.657356691989167,0.593,0.42,1,"TAOK2"
0.610159269315155,0.689592890768945,0.296,0.185,1,"GLRX5"
0.610187642076459,0.600012558325607,0.407,0.272,1,"GSPT2"
0.610989015144114,0.65647762764292,0.37,0.247,1,"ADAM19"
0.612977612005954,0.770578655663505,0.407,0.235,1,"FAM161B"
0.614106735332446,0.53662022434763,0.259,0.222,1,"KIF3C"
0.615570248267955,0.507109076439551,0.259,0.284,1,"TCAM1P"
0.615833779316652,-2.52491979626589,0.222,0.272,1,"FHDC1"
0.616366904989734,-0.543405224124693,0.444,0.519,1,"G2E3"
0.617564819744181,0.542624051458815,0.593,0.457,1,"TSFM"
0.618852810949944,0.788002765876488,0.259,0.235,1,"SLC30A4"
0.619231807288803,0.7351599271916,0.37,0.235,1,"C12orf45"
0.619996625624099,0.525317818041908,0.37,0.321,1,"C15orf41"
0.621604163983887,-0.671596355644853,0.185,0.272,1,"FAM185A"
0.62272612811011,-0.579667141722914,0.852,0.79,1,"RNF207"
0.622890522769597,-0.989084116802584,0.37,0.358,1,"LOC648987"
0.624677546671093,-0.521484212746358,0.63,0.679,1,"MRO"
0.625137412865682,0.506900121295994,0.593,0.432,1,"POFUT2"
0.626043552925579,0.562013627192289,0.37,0.296,1,"ENHO"
0.627916894122137,0.50067662739831,0.333,0.21,1,"LOC100133920"
0.629355428165438,0.58924238917012,0.259,0.272,1,"STX11"
0.632727229563408,0.56875051327846,0.519,0.383,1,"MIIP"
0.63296924745717,-0.505421308347362,0.481,0.531,1,"GGT8P"
0.633262749185889,1.03790269415399,0.556,0.42,1,"MACC1"
0.634064794486287,-0.838197499831357,0.296,0.383,1,"BRF2"
0.635510241793141,0.699153156543925,0.444,0.309,1,"LOC282997"
0.637019079246301,0.666775996051755,0.296,0.185,1,"ATP5EP2"
0.637366455739529,0.588109657110865,0.333,0.185,1,"FRMD6"
0.637799699785458,0.732211053800984,0.556,0.358,1,"ZNF764"
0.638987920944087,-0.810067230604207,0.481,0.469,1,"ZNF197"
0.640065195529267,0.554165914310281,0.481,0.333,1,"PWWP2A"
0.640286994842633,-0.688332838269493,0.296,0.42,1,"PEX11B"
0.642229891458561,0.710520541979332,0.481,0.358,1,"NEK8"
0.642486775124558,1.01231817000212,0.296,0.136,1,"LOC644936"
0.642817282588233,0.527311446991898,0.704,0.556,1,"LOC652276"
0.642876856994167,1.14370512179958,0.296,0.148,1,"HPCAL1"
0.643675585670248,0.50283743284073,0.593,0.469,1,"INTS1"
0.644498295131554,0.829012700849829,0.37,0.222,1,"BRMS1"
0.644519175081947,0.588551962931433,0.296,0.173,1,"TMEM65"
0.644587857245928,0.76746297837614,0.259,0.148,1,"ZNF583"
0.644705641277351,0.678128679546725,0.481,0.321,1,"RAPGEF1"
0.645684711312825,0.801824934707006,0.259,0.198,1,"TIMELESS"
0.646000793176234,0.820204242730418,0.556,0.383,1,"TNFSF15"
0.646742756039845,1.11275757277734,0.37,0.247,1,"QRFPR"
0.646898746880015,-0.707896526560931,0.185,0.259,1,"C3orf18"
0.64849974812931,0.540930882518671,0.593,0.42,1,"SWI5"
0.649480895781156,0.725414459370008,0.481,0.358,1,"KIAA0930"
0.64970369970189,-1.16306864380367,0.259,0.272,1,"ZNF204P"
0.650898507200623,1.01085529753884,0.407,0.247,1,"PKI55"
0.651599084061973,0.941807475136294,0.296,0.198,1,"TMEM55B"
0.652074373104457,0.606550401029736,0.556,0.42,1,"MRPL48"
0.652154193530416,0.520600245778514,0.778,0.679,1,"ZNF260"
0.652554019182246,0.544266606685581,0.667,0.593,1,"SPRED3"
0.653136969241854,0.799680484097693,0.556,0.383,1,"SRM"
0.653195144871239,-0.892078874274543,0.63,0.593,1,"RAB3IP"
0.654204525474448,-0.626222548767864,0.704,0.642,1,"PIK3C2B"
0.654428607189049,-0.571035616100365,0.481,0.481,1,"ZNF254"
0.654645404785341,0.588258904315722,0.37,0.222,1,"GNG3"
0.654995429615988,0.56463569453264,0.37,0.235,1,"KLHL29"
0.657101642046486,-1.13601275813104,0.222,0.296,1,"SLC9B2"
0.65721551627306,-0.706533730280318,0.333,0.383,1,"LYSMD3"
0.658285653180614,0.771374545880275,0.333,0.259,1,"PPP3CC"
0.658352624131424,-0.782144586512863,0.259,0.284,1,"DDX28"
0.658727398996241,0.542438438768787,0.333,0.222,1,"PMS2P4"
0.659086367961676,-0.510453447199733,0.481,0.469,1,"CEP44"
0.659758681460908,1.02165238998229,0.407,0.247,1,"RNF144A-AS1"
0.660201075967875,0.519530491425537,0.37,0.247,1,"FOXJ1"
0.66044540698152,0.583633017704633,0.37,0.247,1,"MCM9"
0.662027530619735,-0.632012468798236,0.593,0.568,1,"ARNTL2"
0.662225193025956,0.895502543293335,0.259,0.148,1,"MAPKAPK5"
0.663126891669024,0.610715156651808,0.333,0.21,1,"C19orf25"
0.663362223607728,-0.749115489002932,0.296,0.21,1,"CGREF1"
0.663501175154724,0.58914540030312,0.926,0.84,1,"HAUS3"
0.663764272959679,0.585517641303108,0.37,0.321,1,"FREM1"
0.663971299986357,0.561612615824836,0.667,0.481,1,"ZDHHC6"
0.66489627641572,0.914381542102159,0.333,0.222,1,"AUNIP"
0.665742638956693,0.73355475111355,0.741,0.691,1,"CLSPN"
0.666201167938772,0.549030563531263,0.407,0.284,1,"C10orf2"
0.666658302119119,-0.603558432033047,0.519,0.556,1,"SETMAR"
0.667057615303591,0.932218652010211,0.259,0.16,1,"MTFR1"
0.668830511980284,1.16320539214914,0.37,0.235,1,"LAMP3"
0.669213319499549,0.514928253232034,0.519,0.407,1,"BOLA2"
0.669213319499549,0.514928253232034,0.519,0.407,1,"BOLA2B"
0.669938896932009,0.530912405764602,0.296,0.173,1,"ZNF746"
0.671052211213532,1.06816831086448,0.407,0.259,1,"CHST5"
0.671836520997238,-0.637631415373922,0.259,0.272,1,"ZNF71"
0.672173827669306,-1.15045279740611,0.444,0.432,1,"ZNF70"
0.672840798229053,0.515419175751787,0.556,0.457,1,"LOC100216479"
0.672958947550011,-0.548479371237408,0.259,0.333,1,"GTPBP6"
0.673224479305031,0.653997134706736,0.296,0.247,1,"TBC1D25"
0.674165245319669,0.514815952771305,0.37,0.272,1,"HIST2H2BE"
0.674445054195452,0.518432786607827,0.407,0.309,1,"GLIS3"
0.675807250058332,0.741997016511877,0.37,0.247,1,"ZSWIM5"
0.676932947401979,0.686626678485372,0.259,0.185,1,"PIM2"
0.677175958579074,0.551030795471899,0.259,0.148,1,"ITPKC"
0.678882245090975,0.702459551487747,0.296,0.21,1,"AGPAT4-IT1"
0.679473312803344,-0.719219664935949,0.37,0.444,1,"LOC388692"
0.680375512220695,-0.566191825997066,0.407,0.383,1,"UVSSA"
0.681794431583258,-0.582426482111668,0.296,0.309,1,"CCDC171"
0.682054829635409,0.760704266290639,0.593,0.383,1,"MVB12B"
0.682658509353866,-0.788885138554209,0.444,0.481,1,"CD24"
0.683540944838513,1.59504770373021,0.296,0.198,1,"IPCEF1"
0.683624537002612,-0.597254457341924,0.296,0.346,1,"KIAA1731"
0.684021803440698,0.712770596594656,0.667,0.469,1,"TRIP13"
0.686559022658416,0.761378821897424,0.37,0.235,1,"EEPD1"
0.68832235943339,-0.510865490770297,0.37,0.346,1,"IQCE"
0.688947158395982,0.773256806930091,0.333,0.235,1,"WWC3"
0.689427877850195,0.800827354434283,0.741,0.617,1,"RAD1"
0.689905500165588,0.512484651940772,0.407,0.346,1,"KIAA1147"
0.690493631224254,-0.639300713875845,0.444,0.481,1,"LOC729444"
0.690728875520314,-0.659982717334271,0.407,0.37,1,"LOC441155"
0.691232543381643,0.620438068330137,0.519,0.395,1,"SSH1"
0.691379337668394,0.583266819524746,0.519,0.383,1,"FBXO17"
0.692180330794552,0.731511980061333,0.259,0.21,1,"RABIF"
0.692704388464962,1.32167643431849,0.37,0.235,1,"ZNF93"
0.692717982964751,0.749203016774733,0.444,0.284,1,"NEDD4"
0.693013255473278,-0.686477428482774,0.519,0.469,1,"LOC401321"
0.693490262548633,0.684289929299818,0.333,0.222,1,"LCMT2"
0.693852153426627,0.556926818538212,0.481,0.346,1,"CDK5RAP1"
0.6940560153132,1.22907569011968,0.259,0.16,1,"MMRN2"
0.694246503307917,0.685345358785417,0.481,0.309,1,"TMEM201"
0.694784240760078,0.614321043670419,0.259,0.222,1,"ATAD5"
0.694944561284427,0.822625526049212,0.37,0.296,1,"FILIP1L"
0.695013086752643,0.632207787698199,0.481,0.333,1,"PPP1R12C"
0.695645463155818,-0.53661119609039,0.333,0.395,1,"KIAA1551"
0.695917739482241,0.527976934509071,0.593,0.42,1,"MNF1"
0.696180571992079,0.780886969718289,0.481,0.395,1,"INTS8"
0.696857969014142,-0.514175060428817,0.222,0.259,1,"NUDT12"
0.69738504273124,0.503110060473893,0.519,0.383,1,"C8orf42"
0.699241422433193,0.695508922112116,0.333,0.259,1,"NSDHL"
0.700374577688663,0.566481483397935,0.519,0.358,1,"MRPL46"
0.709159864377207,0.572252368221539,0.481,0.346,1,"NAT14"
0.709975349149456,0.563331784897847,0.296,0.173,1,"PLCB3"
0.710036096306256,0.557108239798778,0.37,0.333,1,"ABCA11P"
0.710806158077253,-0.903043300877764,0.259,0.321,1,"DNAAF2"
0.7114922790178,0.520136531333673,0.296,0.21,1,"CDT1"
0.711679016818048,0.517206607301501,0.519,0.383,1,"PACS1"
0.712959909622333,0.641666076473809,0.704,0.58,1,"CDK14"
0.713607268392223,0.893763058461487,0.296,0.185,1,"FLJ33630"
0.714939197289212,-0.530852895817649,0.333,0.37,1,"SOWAHC"
0.717060562330096,-0.59678622305477,0.407,0.457,1,"RBMX2"
0.717746954628483,1.16095352117768,0.333,0.185,1,"SULT1A3"
0.717746954628483,1.16095352117768,0.333,0.185,1,"SULT1A4"
0.718261766914463,0.67598127146569,0.778,0.691,1,"LDLR"
0.718540819643949,-0.571772701176055,0.37,0.469,1,"HIPK3"
0.720230183285612,-0.902027250418164,0.259,0.272,1,"ENPP6"
0.721466156831495,-0.517241862056472,0.333,0.259,1,"ADH4"
0.722188711386025,0.543970336008649,0.259,0.235,1,"DKFZP686I15217"
0.722434987268656,0.530742563136903,0.296,0.284,1,"LOC440600"
0.72264162850882,-0.720186123108754,0.37,0.358,1,"CYP2U1"
0.722817046997669,0.705097528597968,0.593,0.395,1,"SOD2"
0.723635615295824,0.728100536057371,0.37,0.247,1,"SERAC1"
0.723702940566167,1.07375710689446,0.481,0.309,1,"KIAA0101"
0.724569597749905,-0.633705683622246,0.556,0.444,1,"METTL20"
0.724650017526775,0.689097755303981,0.37,0.259,1,"C17orf77"
0.725160457377004,0.653840753936227,0.37,0.222,1,"CAMKMT"
0.725243540343623,-0.86356923181663,0.407,0.395,1,"OPRK1"
0.725321347164877,0.731455250784353,0.259,0.198,1,"ZNF599"
0.727678011532443,-0.56465270026429,0.889,0.877,1,"METTL8"
0.729749767792446,0.709111902647093,0.333,0.185,1,"ZNF432"
0.731834790946793,-0.666772610115609,0.296,0.309,1,"ANKRD42"
0.733760363771407,0.624217818140786,0.259,0.185,1,"KATNAL2"
0.735129374474371,0.729194802905368,0.481,0.309,1,"CPA4"
0.735621281393795,0.566421617720091,0.296,0.222,1,"TP53TG1"
0.736114717015325,0.603996214875024,0.481,0.333,1,"POLG"
0.73738688447699,0.780878851720631,0.259,0.198,1,"SSH3"
0.740245618191627,0.508500422851865,0.593,0.481,1,"NLGN2"
0.740636183579378,1.50578777900317,0.296,0.185,1,"TMEM184A"
0.741371795328846,-0.714611815752301,0.222,0.259,1,"GLDC"
0.742375920814691,-0.53938371322969,0.481,0.432,1,"TRIM35"
0.742533357078205,0.505232324473132,0.481,0.37,1,"LINC00565"
0.744539837040641,0.505682694086302,0.407,0.321,1,"AP1AR"
0.746687953923726,-0.502325688811251,0.926,0.852,1,"ELK4"
0.747152165971136,0.887012142762531,0.296,0.16,1,"LGSN"
0.749477320204324,-0.733818666026965,0.222,0.272,1,"ERMP1"
0.749771638900269,-0.509199909615019,0.593,0.593,1,"FBN1"
0.751080348669964,-0.566565848833411,0.296,0.284,1,"GEN1"
0.75150092034682,0.823231942795586,0.296,0.16,1,"SLC25A14"
0.752082989101453,0.588529616332738,0.37,0.259,1,"RILPL1"
0.752798600603499,-0.740731234723917,0.296,0.333,1,"PGBD1"
0.754192810468312,0.706362082829956,0.333,0.259,1,"ZNF266"
0.754696280629571,-0.502385099257419,0.333,0.395,1,"CACNB1"
0.755656952044692,-0.992224315167459,0.259,0.247,1,"AKAP17A"
0.756197080792019,0.506961271038721,0.815,0.654,1,"APBB2"
0.756529531975177,0.57137899261336,0.593,0.543,1,"TUBA3FP"
0.75664649275807,0.624812797001151,0.296,0.198,1,"DNAL4"
0.757295509222014,-0.535699351760084,0.333,0.358,1,"MED12L"
0.758717802453989,0.562852633108764,0.444,0.333,1,"LOC100288748"
0.759925588083746,0.865113236357348,0.407,0.284,1,"POLR1B"
0.760475781127925,0.954754555739539,0.296,0.16,1,"THNSL1"
0.760760936873428,-0.512378616270238,0.407,0.383,1,"STRN"
0.761549399209921,0.666753395295418,0.259,0.21,1,"LOC728342"
0.761702786313176,0.508580275239916,0.259,0.222,1,"PROSAPIP1"
0.762594989786509,-0.591256029986688,0.259,0.333,1,"HINFP"
0.7626847577838,-0.630817326514959,0.519,0.444,1,"NIP7"
0.766003373453205,0.671102749282232,0.593,0.469,1,"GSR"
0.767059583680136,0.947700079936247,0.444,0.321,1,"LOC100289495"
0.767766294203364,1.18644180546993,0.37,0.272,1,"FAM101B"
0.767789401761021,0.515558279862291,0.815,0.679,1,"DNAJC27-AS1"
0.767806029114855,0.663853511981317,0.63,0.531,1,"FADS1"
0.768901342661088,0.515435805013937,0.444,0.296,1,"HMGB3P1"
0.769320885558974,-1.07009239910819,0.259,0.247,1,"USP32P1"
0.770818351318611,0.51947953001347,0.556,0.444,1,"HDAC7"
0.772219723145477,-0.520482633310307,0.593,0.519,1,"APOBEC3F"
0.773752187330493,0.583112626393902,0.444,0.296,1,"FAM50B"
0.775139866187106,0.562678104095719,0.333,0.222,1,"PRIM2"
0.777450439856793,0.543958670678194,0.259,0.21,1,"POLE4"
0.777846656212552,0.588445673146204,0.444,0.37,1,"CHDH"
0.785905535880839,0.525308058976164,0.296,0.259,1,"OSBPL7"
0.787244543059003,0.531635793455657,0.481,0.346,1,"EPHX1"
0.787942548247842,0.683672389774052,0.519,0.358,1,"THAP7"
0.788706347390248,0.775330555752326,0.333,0.222,1,"ZNF205-AS1"
0.789037683832228,-0.815356556440128,0.556,0.494,1,"LONRF2"
0.792199295269406,0.567538034513345,0.407,0.309,1,"SARM1"
0.794431005766123,-0.638088093317098,0.259,0.235,1,"FXR2"
0.794502718109323,0.683583255016757,0.296,0.235,1,"VPS9D1"
0.79452373901081,0.910831420876627,0.259,0.185,1,"DBF4"
0.795506279925779,0.64783012407288,0.519,0.358,1,"MLX"
0.799756189476634,0.531704882137311,0.37,0.296,1,"LOC728392"
0.800386286986521,0.505253012390233,0.407,0.321,1,"BRPF3"
0.801726463986132,-0.570988488221407,0.778,0.728,1,"SLC7A11"
0.804349052027029,0.541324061387328,0.444,0.309,1,"NPFF"
0.805874286458623,0.553902836050046,0.37,0.346,1,"ARHGAP11A"
0.80842081846238,0.577618970381995,0.296,0.222,1,"ZNF688"
0.809051655604997,1.24237936938117,0.259,0.148,1,"WBSCR16"
0.810037211238251,0.526280157737517,0.444,0.309,1,"SLC25A53"
0.810241689262276,-0.673792186497956,0.222,0.259,1,"PHF1"
0.810778146066663,0.841634398661733,0.481,0.309,1,"ARL11"
0.810870000407871,-0.966860495552161,0.222,0.296,1,"MAP10"
0.810931309482028,0.527885437487052,0.259,0.21,1,"FGF14-IT1"
0.812454270958489,-0.622246978241223,0.185,0.259,1,"ALKBH1"
0.813743183608936,-0.74819957114914,0.222,0.259,1,"ZNF268"
0.813943342746767,0.541143663923992,0.556,0.42,1,"TARBP1"
0.814168218628018,0.576856012008842,0.593,0.481,1,"ZNF234"
0.814832069306489,0.554986698258288,0.296,0.272,1,"TES"
0.815678267706865,-1.43886577858568,0.296,0.346,1,"SCN2B"
0.816382194409882,0.521922847691376,0.667,0.531,1,"NAA40"
0.817475892110708,-0.558048811880779,0.407,0.407,1,"DZANK1"
0.817877070584031,-1.20571636596232,0.222,0.259,1,"TRIB1"
0.818387576213993,-0.638601049685,0.296,0.247,1,"LOC494141"
0.818996613789194,0.524688913841761,0.741,0.605,1,"ZNF708"
0.819451435575412,1.03369400016079,0.259,0.173,1,"LOC158435"
0.822173572184687,0.513579767088746,0.37,0.284,1,"NCAPD3"
0.82303821468408,0.82744938514226,0.259,0.16,1,"ZNF516"
0.823308853493144,0.572387780549957,0.333,0.247,1,"KCTD17"
0.825246792147643,-0.668612672411658,0.296,0.284,1,"BEND3P3"
0.826111534725909,0.792941982070296,0.259,0.259,1,"COL6A4P2"
0.828925103689358,-0.599078940352141,0.407,0.321,1,"HRH4"
0.830207719139019,0.754735154795993,0.407,0.272,1,"TBCC"
0.83083850940045,0.87738864733223,0.296,0.185,1,"FLJ22184"
0.83169167754284,-0.52785200991557,0.852,0.753,1,"TMEM56"
0.832374567979858,0.505804018464836,0.444,0.321,1,"IFRD2"
0.833577059661126,-1.12221615312137,0.407,0.37,1,"CDCP1"
0.835792659680573,0.555961396011269,0.444,0.444,1,"FLG2"
0.837377519284523,0.503478418183588,0.333,0.222,1,"YBEY"
0.837492388774795,0.53823540047671,0.296,0.247,1,"UBP1"
0.838812153686523,0.512500431173325,0.556,0.432,1,"ASL"
0.839223936171472,-0.744031541794324,0.296,0.321,1,"ZNF425"
0.841265263195586,-0.516356661631769,0.259,0.284,1,"GTF2IRD2"
0.841845604563175,0.682417445280943,0.259,0.16,1,"RPL21P44"
0.842317170450123,0.515314693090149,0.37,0.259,1,"BCL2L2"
0.842358700174627,0.514662353164801,0.63,0.494,1,"CEP135"
0.844428670162832,-0.831820860739542,0.296,0.272,1,"RFWD2"
0.847778888867252,0.559256857606703,0.444,0.333,1,"FAM106A"
0.848089554759325,-0.502011573147549,0.37,0.395,1,"G3BP2"
0.850861238195492,0.740966102421427,0.259,0.185,1,"C16orf52"
0.852359913582623,1.0114799326856,0.259,0.173,1,"AGMO"
0.856069696664219,-0.776714746765744,0.259,0.235,1,"POTEM"
0.856690381998322,0.842895441820065,0.296,0.21,1,"AQP7P1"
0.858010549033648,0.705634171420916,0.296,0.21,1,"RAB15"
0.859574589214508,0.585442653435099,0.444,0.346,1,"EIF5AL1"
0.860212355724528,0.623416625360214,0.296,0.21,1,"ENDOG"
0.861106935104037,0.802997156213546,0.333,0.247,1,"GSDMC"
0.862145288201409,-0.516217804165731,0.333,0.333,1,"PPIL2"
0.867100576780779,0.557616741050446,0.37,0.284,1,"RASA2"
0.867278012000976,-0.506391887887125,0.259,0.272,1,"LOC286190"
0.868243593442076,0.525557489680347,0.407,0.321,1,"SLC37A4"
0.869658087656134,0.523358158094136,0.37,0.247,1,"POU2F3"
0.871041107878818,0.600263522384488,0.333,0.259,1,"TNFRSF12A"
0.872442740759906,0.598747783631965,0.556,0.432,1,"NRDE2"
0.873160286059406,0.867547327856526,0.296,0.185,1,"CCDC109B"
0.876800539367199,0.526645334832007,0.444,0.296,1,"ZBTB7A"
0.876831021781911,0.529695786091795,0.519,0.432,1,"CERK"
0.881052615463536,1.00196689874613,0.593,0.506,1,"RRM2"
0.882552954400768,0.793322171553629,0.519,0.407,1,"IKZF3"
0.887654027847103,0.547251430284068,0.259,0.173,1,"PGAP2"
0.890926975086544,0.538173662491848,0.296,0.247,1,"TMTC1"
0.894504582595636,0.546718752854615,0.296,0.222,1,"TADA2A"
0.894548258896383,0.868398328261409,0.593,0.444,1,"LMOD3"
0.89594970976456,0.552664183838258,0.481,0.37,1,"LINC00629"
0.89645031670086,-0.626212232319272,0.259,0.222,1,"C9orf174"
0.898516200499011,0.695961225978767,0.259,0.222,1,"OTX2-AS1"
0.90146332679753,0.63117113656677,0.407,0.333,1,"SCN3B"
0.903381160702107,0.766718751405316,0.259,0.173,1,"SUSD5"
0.910586617962302,-0.560700519816998,0.519,0.543,1,"B9D1"
0.911197698810901,0.600247655692259,0.259,0.21,1,"SHANK2-AS1"
0.919866575409441,0.527612640074471,0.296,0.198,1,"C6orf226"
0.920102229122397,-0.816991911664714,0.519,0.469,1,"ZNF876P"
0.920180810390311,1.36023456275304,0.37,0.247,1,"HJURP"
0.921960300872616,0.725363572159505,0.407,0.272,1,"KIRREL"
0.928462261178221,-0.75706411584922,0.37,0.358,1,"CDK19"
0.930253288481847,0.955357512170886,0.296,0.222,1,"LOC100130000"
0.930586679148432,-0.726633749251048,0.259,0.247,1,"CFHR3"
0.934756031592367,0.635702224027397,0.704,0.556,1,"PXN"
0.938639031487966,0.597319191515194,0.407,0.272,1,"C19orf40"
0.941464378525104,-0.700568612872932,0.259,0.333,1,"ZW10"
0.944186835738239,1.17913722897438,0.333,0.222,1,"SMIM5"
0.948731961056102,0.653839327424918,0.37,0.284,1,"PTPN21"
0.949750244993744,0.612246253084168,0.333,0.259,1,"FANCC"
0.949926865469948,0.853812760257428,0.444,0.321,1,"CALN1"
0.950258344139296,-0.51560392787363,0.296,0.296,1,"XKR5"
0.950715771541574,0.500282802613572,0.259,0.21,1,"CHTF18"
0.956025035004243,0.579448026878894,0.296,0.259,1,"MYO3B"
0.95612552955587,0.621881083832777,0.333,0.247,1,"NBPF11"
0.962279690095706,0.73563296746233,0.333,0.284,1,"TFAMP1"
0.965521057082509,0.639846546835824,0.63,0.543,1,"RAB11FIP1"
0.965783353604672,0.514445265541974,0.259,0.21,1,"MSX1"
0.975378320509378,-0.744925866404775,0.481,0.444,1,"NAP1L6"
0.975690501225584,0.560237687298605,0.444,0.333,1,"NPFFR2"
0.979870311226334,0.603969373895227,0.259,0.198,1,"C11orf63"
0.984510795663123,0.508846722976506,0.481,0.395,1,"PLGLB1"
0.985519588028546,0.778136226872963,0.259,0.173,1,"ARHGAP39"
0.989301163715477,0.511101901483338,0.259,0.185,1,"FLJ40852"
0.997861462287381,0.51865854007822,0.481,0.395,1,"FAM83B"
