"ID","Description","GeneRatio","BgRatio","pvalue","p.adjust","qvalue","geneID","Count"
"GO:0019884","antigen processing and presentation of exogenous antigen","16/334","49/18870",1.28039758667982e-16,5.18945141881332e-13,3.95979801017402e-13,"FCGR2B/CD1E/HLA-DRB1/HLA-DQA1/CD1C/HLA-DRA/HLA-DQB1/HLA-DPB1/CD1D/HLA-DPA1/HLA-DRB5/HLA-DMA/HLA-DMB/CTSS/IFI30/HLA-DQA2",16
"GO:0002504","antigen processing and presentation of peptide or polysaccharide antigen via MHC class II","14/334","37/18870",9.5538619351531e-16,1.63147324819348e-12,1.24489160808562e-12,"FCGR2B/HLA-DRB1/HLA-DQA1/HLA-DRA/HLA-DQB1/HLA-DPB1/HLA-DPA1/THBS1/HLA-DRB5/HLA-DMA/HLA-DMB/CTSS/IFI30/HLA-DQA2",14
"GO:0019882","antigen processing and presentation","21/334","116/18870",1.20760418075017e-15,1.63147324819348e-12,1.24489160808562e-12,"FCGR2B/CD1E/HLA-DRB1/HLA-DQA1/CD1C/HLA-DRA/HLA-DQB1/HLA-DPB1/CD1D/HLA-DPA1/THBS1/HLA-DRB5/CTSH/FGL2/HLA-DMA/HLA-DMB/CTSS/IFI30/LILRB2/HLA-DQA2/WAS",21
"GO:0019886","antigen processing and presentation of exogenous peptide antigen via MHC class II","13/334","31/18870",2.05416528354853e-15,2.08138297355555e-12,1.58819410606989e-12,"FCGR2B/HLA-DRB1/HLA-DQA1/HLA-DRA/HLA-DQB1/HLA-DPB1/HLA-DPA1/HLA-DRB5/HLA-DMA/HLA-DMB/CTSS/IFI30/HLA-DQA2",13
"GO:0007159","leukocyte cell-cell adhesion","36/334","419/18870",4.45245321425134e-15,3.10839226453561e-12,2.37185099359944e-12,"FCGR2B/HLA-DRB1/HLA-DQA1/ANXA1/HLA-DRA/HLA-DQB1/HLA-DPB1/CD1D/CEBPB/CD86/HLA-DPA1/HLA-DRB5/ALOX5/MSN/CD44/FGL2/ADAM8/KLF4/HLA-DMA/IL18/NR4A3/TNFSF13B/IL7R/HLA-DMB/IL2RG/CD4/IL1B/MAP3K8/OLR1/PRNP/RARA/ROCK1/LILRB2/HLA-DQA2/HAVCR2/ITGA5",36
"GO:0022407","regulation of cell-cell adhesion","39/334","493/18870",4.6016169719254e-15,3.10839226453561e-12,2.37185099359944e-12,"FCGR2B/HLA-DRB1/HLA-DQA1/ANXA1/HLA-DRA/HLA-DQB1/HLA-DPB1/CD1D/CEBPB/CD86/HLA-DPA1/HLA-DRB5/ALOX5/CD44/FGL2/ADAM8/KLF4/HLA-DMA/IL18/CD9/NR4A3/TNFSF13B/IL7R/HLA-DMB/VEGFA/IL2RG/CD4/SPINT2/IL1B/MAP3K8/PRNP/RARA/PLAUR/FXYD5/MYADM/LILRB2/HLA-DQA2/HAVCR2/EMILIN2",39
"GO:0045785","positive regulation of cell adhesion","38/334","482/18870",1.18229963019948e-14,6.84551485885499e-12,5.22345310304673e-12,"S100A10/HLA-DRB1/HLA-DQA1/ANXA1/HLA-DRA/HLA-DQB1/HLA-DPB1/CD1D/CD86/HLA-DPA1/LIMS1/HLA-DRB5/ALOX5/CD44/ADAM8/HLA-DMA/IL18/NR4A3/TNFSF13B/IL7R/HLA-DMB/VEGFA/IL2RG/CD4/IL1B/MAP3K8/RAC1/RARA/BRAF/CIB1/PLAUR/ROCK1/MYADM/LILRB2/HLA-DQA2/HAVCR2/EMILIN2/ITGA5",38
"GO:0002495","antigen processing and presentation of peptide antigen via MHC class II","13/334","35/18870",1.37962380208878e-14,6.9895190873323e-12,5.333335171759e-12,"FCGR2B/HLA-DRB1/HLA-DQA1/HLA-DRA/HLA-DQB1/HLA-DPB1/HLA-DPA1/HLA-DRB5/HLA-DMA/HLA-DMB/CTSS/IFI30/HLA-DQA2",13
"GO:0002399","MHC class II protein complex assembly","10/334","16/18870",1.92407577167322e-14,7.79827910259157e-12,5.95045749176413e-12,"HLA-DRB1/HLA-DQA1/HLA-DRA/HLA-DQB1/HLA-DPB1/HLA-DPA1/HLA-DRB5/HLA-DMA/HLA-DMB/HLA-DQA2",10
"GO:0002503","peptide antigen assembly with MHC class II protein complex","10/334","16/18870",1.92407577167322e-14,7.79827910259157e-12,5.95045749176413e-12,"HLA-DRB1/HLA-DQA1/HLA-DRA/HLA-DQB1/HLA-DPB1/HLA-DPA1/HLA-DRB5/HLA-DMA/HLA-DMB/HLA-DQA2",10
"GO:0050867","positive regulation of cell activation","34/334","396/18870",2.74722596939645e-14,1.01222789581489e-11,7.72377980678159e-12,"HLA-DRB1/HLA-DQA1/ANXA1/HLA-DRA/HLA-DQB1/HLA-DPB1/TYROBP/CD1D/CD86/HLA-DPA1/THBS1/HLA-DRB5/GPR183/ADAM8/HLA-DMA/IL18/NR4A3/TNFSF13B/IL7R/LILRA2/HLA-DMB/IL2RG/CD4/SH3KBP1/IL1B/BCL2/PLEK/MAP3K8/CLEC7A/RARA/LILRB2/HLA-DQA2/HAVCR2/NECTIN2",34
"GO:0002478","antigen processing and presentation of exogenous peptide antigen","13/334","40/18870",1.03845489183614e-13,3.50738139717656e-11,2.67629865983735e-11,"FCGR2B/HLA-DRB1/HLA-DQA1/HLA-DRA/HLA-DQB1/HLA-DPB1/HLA-DPA1/HLA-DRB5/HLA-DMA/HLA-DMB/CTSS/IFI30/HLA-DQA2",13
"GO:0002696","positive regulation of leukocyte activation","32/334","380/18870",2.80214758570202e-13,8.73623397296176e-11,6.66616162493322e-11,"HLA-DRB1/HLA-DQA1/ANXA1/HLA-DRA/HLA-DQB1/HLA-DPB1/TYROBP/CD1D/CD86/HLA-DPA1/THBS1/HLA-DRB5/GPR183/ADAM8/HLA-DMA/IL18/NR4A3/TNFSF13B/IL7R/HLA-DMB/IL2RG/CD4/SH3KBP1/IL1B/BCL2/MAP3K8/CLEC7A/RARA/LILRB2/HLA-DQA2/HAVCR2/NECTIN2",32
"GO:1903037","regulation of leukocyte cell-cell adhesion","32/334","382/18870",3.23454133001535e-13,9.36399715039445e-11,7.14517475758279e-11,"FCGR2B/HLA-DRB1/HLA-DQA1/ANXA1/HLA-DRA/HLA-DQB1/HLA-DPB1/CD1D/CEBPB/CD86/HLA-DPA1/HLA-DRB5/ALOX5/CD44/FGL2/ADAM8/KLF4/HLA-DMA/IL18/NR4A3/TNFSF13B/IL7R/HLA-DMB/IL2RG/CD4/IL1B/MAP3K8/PRNP/RARA/LILRB2/HLA-DQA2/HAVCR2",32
"GO:0002396","MHC protein complex assembly","10/334","20/18870",4.16840367865536e-13,1.05590875684938e-10,8.05708553150621e-11,"HLA-DRB1/HLA-DQA1/HLA-DRA/HLA-DQB1/HLA-DPB1/HLA-DPA1/HLA-DRB5/HLA-DMA/HLA-DMB/HLA-DQA2",10
"GO:0002501","peptide antigen assembly with MHC protein complex","10/334","20/18870",4.16840367865536e-13,1.05590875684938e-10,8.05708553150621e-11,"HLA-DRB1/HLA-DQA1/HLA-DRA/HLA-DQB1/HLA-DPB1/HLA-DPA1/HLA-DRB5/HLA-DMA/HLA-DMB/HLA-DQA2",10
"GO:1903039","positive regulation of leukocyte cell-cell adhesion","27/334","275/18870",5.95284474580855e-13,1.41922822086836e-10,1.08293856737991e-10,"HLA-DRB1/HLA-DQA1/ANXA1/HLA-DRA/HLA-DQB1/HLA-DPB1/CD1D/CD86/HLA-DPA1/HLA-DRB5/ALOX5/CD44/ADAM8/HLA-DMA/IL18/NR4A3/TNFSF13B/IL7R/HLA-DMB/IL2RG/CD4/IL1B/MAP3K8/RARA/LILRB2/HLA-DQA2/HAVCR2",27
"GO:0022409","positive regulation of cell-cell adhesion","29/334","322/18870",7.20152120294772e-13,1.62154252419706e-10,1.2373139938164e-10,"HLA-DRB1/HLA-DQA1/ANXA1/HLA-DRA/HLA-DQB1/HLA-DPB1/CD1D/CD86/HLA-DPA1/HLA-DRB5/ALOX5/CD44/ADAM8/HLA-DMA/IL18/NR4A3/TNFSF13B/IL7R/HLA-DMB/IL2RG/CD4/IL1B/MAP3K8/RARA/PLAUR/LILRB2/HLA-DQA2/HAVCR2/EMILIN2",29
"GO:0042060","wound healing","33/334","423/18870",9.84202107911208e-13,2.09945849650743e-10,1.60198658894356e-10,"JAML/S100A10/ANXA1/EREG/GNAQ/HIF1A/THBS1/PLSCR1/TIMP1/VCL/ALOX5/ANXA2/CD44/AHNAK/SERPINA1/CD9/VEGFA/GGCX/CLIC1/PLEK/CLEC7A/CHMP1B/HBEGF/NFE2L2/PABPC4/JMJD1C/ELK3/PLAUR/CD109/WAS/EMILIN2/PRCP/ITGA5",33
"GO:0051251","positive regulation of lymphocyte activation","29/334","330/18870",1.33448083822743e-12,2.70432541866788e-10,2.06352879090115e-10,"HLA-DRB1/HLA-DQA1/ANXA1/HLA-DRA/HLA-DQB1/HLA-DPB1/TYROBP/CD1D/CD86/HLA-DPA1/HLA-DRB5/GPR183/ADAM8/HLA-DMA/IL18/TNFSF13B/IL7R/HLA-DMB/IL2RG/CD4/SH3KBP1/IL1B/BCL2/MAP3K8/CLEC7A/RARA/LILRB2/HLA-DQA2/HAVCR2",29
"GO:0050863","regulation of T cell activation","31/334","381/18870",1.66542268287075e-12,3.21426577794055e-10,2.45263751492444e-10,"FCGR2B/HLA-DRB1/HLA-DQA1/ANXA1/HLA-DRA/HLA-DQB1/HLA-DPB1/CD1D/CEBPB/CD86/HLA-DPA1/HLA-DRB5/FGL2/ADAM8/HLA-DMA/IL18/TNFSF13B/IL7R/HLA-DMB/IL2RG/CD4/IL1B/PRELID1/MAP3K8/PRNP/RARA/BRAF/LILRB2/HLA-DQA2/HAVCR2/TNFRSF1B",31
"GO:0070663","regulation of leukocyte proliferation","25/334","267/18870",1.25759126015211e-11,2.31682608063478e-09,1.76784838388847e-09,"FCGR2B/HLA-DRB1/ANXA1/HLA-DPB1/TYROBP/CD1D/CEBPB/CD86/HLA-DPA1/MNDA/LST1/CSF2RA/GPR183/IL18/TNFSF13B/HLA-DMB/AHR/IL1B/BCL2/RASSF5/GSTP1/PRNP/LILRB2/HAVCR2/TNFRSF1B",25
"GO:0050870","positive regulation of T cell activation","24/334","251/18870",2.10465154486608e-11,3.70876204840966e-09,2.82996166536226e-09,"HLA-DRB1/HLA-DQA1/ANXA1/HLA-DRA/HLA-DQB1/HLA-DPB1/CD1D/CD86/HLA-DPA1/HLA-DRB5/ADAM8/HLA-DMA/IL18/TNFSF13B/IL7R/HLA-DMB/IL2RG/CD4/IL1B/MAP3K8/RARA/LILRB2/HLA-DQA2/HAVCR2",24
"GO:0070661","leukocyte proliferation","28/334","350/18870",3.1153444098779e-11,5.2610378721813e-09,4.01442187553564e-09,"FCGR2B/HLA-DRB1/ANXA1/HLA-DPB1/TYROBP/CD1D/CEBPB/CD86/HLA-DPA1/MNDA/LST1/CSF2RA/GPR183/MSN/IL18/TNFSF13B/IL7R/HLA-DMB/AHR/GAPT/IL1B/BCL2/RASSF5/GSTP1/PRNP/LILRB2/HAVCR2/TNFRSF1B",28
"GO:0050670","regulation of lymphocyte proliferation","23/334","238/18870",4.49622727580548e-11,7.20239738264746e-09,5.49577142603094e-09,"FCGR2B/HLA-DRB1/ANXA1/HLA-DPB1/TYROBP/CD1D/CEBPB/CD86/HLA-DPA1/MNDA/LST1/GPR183/IL18/TNFSF13B/HLA-DMB/AHR/IL1B/BCL2/RASSF5/PRNP/LILRB2/HAVCR2/TNFRSF1B",23
"GO:0046651","lymphocyte proliferation","26/334","307/18870",4.62033880949504e-11,7.20239738264746e-09,5.49577142603094e-09,"FCGR2B/HLA-DRB1/ANXA1/HLA-DPB1/TYROBP/CD1D/CEBPB/CD86/HLA-DPA1/MNDA/LST1/GPR183/MSN/IL18/TNFSF13B/IL7R/HLA-DMB/AHR/GAPT/IL1B/BCL2/RASSF5/PRNP/LILRB2/HAVCR2/TNFRSF1B",26
"GO:0032944","regulation of mononuclear cell proliferation","23/334","242/18870",6.30483264897328e-11,9.46425434306989e-09,7.2216757593308e-09,"FCGR2B/HLA-DRB1/ANXA1/HLA-DPB1/TYROBP/CD1D/CEBPB/CD86/HLA-DPA1/MNDA/LST1/GPR183/IL18/TNFSF13B/HLA-DMB/AHR/IL1B/BCL2/RASSF5/PRNP/LILRB2/HAVCR2/TNFRSF1B",23
"GO:0071216","cellular response to biotic stimulus","24/334","265/18870",6.58464020615265e-11,9.53126669840597e-09,7.27280937055507e-09,"FCGR2B/VIM/IRAK3/MRC1/CD86/CXCL8/TLR2/LILRA2/LITAF/AHR/CARD16/IL1B/CXCL2/CLEC7A/CXCL3/HMGB2/GSTP1/MAP2K3/RARA/LILRB2/HAVCR2/CASP1/APAF1/TNFRSF1B",24
"GO:0002697","regulation of immune effector process","29/334","389/18870",7.48835909868135e-11,1.0284339018756e-08,7.84743933333469e-09,"FCGR2B/CD1E/HLA-DRB1/ANXA1/CD1C/HLA-DRA/IRAK3/TYROBP/CD1D/CD86/FGL2/PRAM1/IL18/NR4A3/IL7R/HLA-DMB/LITAF/AHR/IL27RA/IL1B/CLEC7A/CFP/RARA/SLAMF8/ADGRE2/HAVCR2/TNFRSF1B/NECTIN2/WAS",29
"GO:0032943","mononuclear cell proliferation","26/334","314/18870",7.61239009530424e-11,1.0284339018756e-08,7.84743933333469e-09,"FCGR2B/HLA-DRB1/ANXA1/HLA-DPB1/TYROBP/CD1D/CEBPB/CD86/HLA-DPA1/MNDA/LST1/GPR183/MSN/IL18/TNFSF13B/IL7R/HLA-DMB/AHR/GAPT/IL1B/BCL2/RASSF5/PRNP/LILRB2/HAVCR2/TNFRSF1B",26
"GO:0048002","antigen processing and presentation of peptide antigen","13/334","71/18870",3.06224550393499e-10,3.89469384237537e-08,2.97183645873722e-08,"FCGR2B/HLA-DRB1/HLA-DQA1/HLA-DRA/HLA-DQB1/HLA-DPB1/HLA-DPA1/HLA-DRB5/HLA-DMA/HLA-DMB/CTSS/IFI30/HLA-DQA2",13
"GO:0071219","cellular response to molecule of bacterial origin","22/334","239/18870",3.07501117582068e-10,3.89469384237537e-08,2.97183645873722e-08,"FCGR2B/VIM/IRAK3/MRC1/CD86/CXCL8/TLR2/LILRA2/LITAF/AHR/CARD16/IL1B/CXCL2/CXCL3/HMGB2/GSTP1/MAP2K3/RARA/LILRB2/HAVCR2/CASP1/TNFRSF1B",22
"GO:0001819","positive regulation of cytokine production","31/334","499/18870",1.47932450569204e-09,1.81687946108177e-07,1.38636535812543e-07,"ANXA1/EREG/CLEC5A/IRAK3/HLA-DPB1/TYROBP/CEBPB/CD86/HLA-DPA1/HIF1A/THBS1/ADAM8/TLR2/IL18/NR4A3/LILRA2/IL27RA/GAPDH/CD4/ATP6AP2/IL1B/CLEC7A/HMGB2/IFNGR1/HSPA1A/RARA/LILRB2/HAVCR2/CASP1/CD58/PTGER4",31
"GO:0002822","regulation of adaptive immune response based on somatic recombination of immune receptors built from immunoglobulin superfamily domains","19/334","193/18870",1.66652455709253e-09,1.98659530291059e-07,1.51586660951636e-07,"FCGR2B/CD1E/HLA-DRB1/ANXA1/CD1C/HLA-DRA/CD1D/IL18/TNFSF13B/IL7R/AHR/IL27RA/CD4/IL1B/CLEC7A/HAVCR2/TNFRSF1B/NECTIN2/WAS",19
"GO:0071222","cellular response to lipopolysaccharide","20/334","226/18870",3.97794052310008e-09,4.60645512574989e-07,3.51494413740392e-07,"VIM/IRAK3/MRC1/CD86/CXCL8/TLR2/LILRA2/LITAF/CARD16/IL1B/CXCL2/CXCL3/HMGB2/GSTP1/MAP2K3/RARA/LILRB2/HAVCR2/CASP1/TNFRSF1B",20
"GO:0002366","leukocyte activation involved in immune response","23/334","301/18870",4.60280381803502e-09,5.18198996513776e-07,3.9541045664874e-07,"FCER1A/FCGR2B/HLA-DRB1/ANXA1/CD1C/HLA-DRA/TYROBP/CD86/GPR183/FGL2/PRAM1/IL18/NR4A3/LILRA2/HLA-DMB/IL27RA/GAPT/DOCK10/RARA/ADGRE2/HAVCR2/RNF168/PTGER4",23
"GO:0002819","regulation of adaptive immune response","19/334","208/18870",5.81704339623032e-09,6.31100965404387e-07,4.815600234675e-07,"FCGR2B/CD1E/HLA-DRB1/ANXA1/CD1C/HLA-DRA/CD1D/IL18/TNFSF13B/IL7R/AHR/IL27RA/CD4/IL1B/CLEC7A/HAVCR2/TNFRSF1B/NECTIN2/WAS",19
"GO:0002263","cell activation involved in immune response","23/334","305/18870",5.917058150843e-09,6.31100965404387e-07,4.815600234675e-07,"FCER1A/FCGR2B/HLA-DRB1/ANXA1/CD1C/HLA-DRA/TYROBP/CD86/GPR183/FGL2/PRAM1/IL18/NR4A3/LILRA2/HLA-DMB/IL27RA/GAPT/DOCK10/RARA/ADGRE2/HAVCR2/RNF168/PTGER4",23
"GO:0002764","immune response-regulating signaling pathway","30/334","500/18870",6.15765607120053e-09,6.39922565553224e-07,4.88291323540814e-07,"FCER1A/FCGR2B/HLA-DRB1/FPR1/HLA-DQB1/IRAK3/HLA-DPB1/TYROBP/MNDA/PLSCR1/CTSH/FPR3/PRAM1/TLR2/PRKCH/NR4A3/LILRA2/CTSS/RPS6KA3/BCL2/CLEC7A/HSPA1A/PRNP/BRAF/RTN4/LILRB2/HAVCR2/CASP1/FYB1/NECTIN2",30
"GO:0002237","response to molecule of bacterial origin","25/334","369/18870",1.11241790555232e-08,1.12715744280089e-06,8.60074685924402e-07,"FCGR2B/VIM/IRAK3/MRC1/CEBPB/CD86/CXCL8/TLR2/LILRA2/LITAF/AHR/CARD16/RPS6KA3/IL1B/CXCL2/CXCL3/HMGB2/GSTP1/MAP2K3/RARA/LILRB2/HAVCR2/CASP1/TNFRSF1B/PTGER4",25
"GO:0002709","regulation of T cell mediated immunity","13/334","99/18870",2.08953339495015e-08,2.06558020725194e-06,1.57613584450925e-06,"FCGR2B/CD1E/HLA-DRB1/CD1C/HLA-DRA/CD1D/IL18/IL7R/AHR/IL1B/TNFRSF1B/NECTIN2/WAS",13
"GO:2001233","regulation of apoptotic signaling pathway","25/334","398/18870",4.93065951894222e-08,4.75808643577925e-06,3.63064603174242e-06,"FCGR2B/HIF1A/THBS1/CTSH/CD44/PEA15/SNAI1/SKIL/IER3/CTSS/FZD1/TNFSF12/IL1B/BCL2/PRELID1/HMGB2/GCLC/NFE2L2/HSPA1A/GSTP1/GNAI2/PTPN1/ENO1/PLAUR/APAF1",25
"GO:0032496","response to lipopolysaccharide","23/334","348/18870",6.8717623856422e-08,6.47703556953671e-06,4.94228589694413e-06,"VIM/IRAK3/MRC1/CEBPB/CD86/CXCL8/TLR2/LILRA2/LITAF/CARD16/RPS6KA3/IL1B/CXCL2/CXCL3/HMGB2/GSTP1/MAP2K3/RARA/LILRB2/HAVCR2/CASP1/TNFRSF1B/PTGER4",23
"GO:0002456","T cell mediated immunity","14/334","129/18870",7.04460508583702e-08,6.48904191202215e-06,4.95144730674382e-06,"FCGR2B/CD1E/HLA-DRB1/CD1C/HLA-DRA/CD1D/CTSH/IL18/IL7R/AHR/IL1B/TNFRSF1B/NECTIN2/WAS",14
"GO:2001234","negative regulation of apoptotic signaling pathway","19/334","243/18870",7.22940624267513e-08,6.5112852225694e-06,4.96842000958585e-06,"HIF1A/THBS1/CD44/PEA15/SNAI1/IER3/FZD1/IL1B/BCL2/PRELID1/HMGB2/GCLC/NFE2L2/HSPA1A/GSTP1/GNAI2/PTPN1/ENO1/PLAUR",19
"GO:0001667","ameboidal-type cell migration","28/334","497/18870",7.63682495337039e-08,6.72870685565439e-06,5.1343230464536e-06,"ANXA1/HIF1A/THBS1/SEMA6B/TIMP1/CTSH/KLF4/SNAI1/GLIPR2/VEGFA/TNFSF12/RCC2/RAC1/SRGAP2/ARF6/HBEGF/NFE2L2/LGALS8/MAP2K3/PFN1/ZFAND5/BRAF/CIB1/ZEB2/ROCK1/RTN4/AGO2/PRCP",28
"GO:0006935","chemotaxis","27/334","468/18870",8.14974316500972e-08,7.0278529888903e-06,5.36258576008926e-06,"S100A4/JAML/ANXA1/FPR1/THBS1/SEMA6B/ALOX5/GPR183/CXCL8/FPR3/CXCL16/ADAM8/VEGFA/RALA/TREM1/IL1B/CXCL2/RAC1/CXCL3/HMGB2/CKLF/HBEGF/SLAMF8/ADGRE2/PLAUR/AKIRIN1/TYMP",27
"GO:0042330","taxis","27/334","470/18870",8.88557615841821e-08,7.50275836876438e-06,5.72496113013875e-06,"S100A4/JAML/ANXA1/FPR1/THBS1/SEMA6B/ALOX5/GPR183/CXCL8/FPR3/CXCL16/ADAM8/VEGFA/RALA/TREM1/IL1B/CXCL2/RAC1/CXCL3/HMGB2/CKLF/HBEGF/SLAMF8/ADGRE2/PLAUR/AKIRIN1/TYMP",27
"GO:0002757","immune response-activating signaling pathway","27/334","473/18870",1.01059337857919e-07,8.3590509456764e-06,6.37835305320225e-06,"FCGR2B/HLA-DRB1/FPR1/HLA-DQB1/IRAK3/HLA-DPB1/TYROBP/MNDA/PLSCR1/FPR3/PRAM1/TLR2/PRKCH/NR4A3/LILRA2/CTSS/RPS6KA3/BCL2/CLEC7A/HSPA1A/PRNP/BRAF/RTN4/HAVCR2/CASP1/FYB1/NECTIN2",27
"GO:0002703","regulation of leukocyte mediated immunity","19/334","249/18870",1.06270853879201e-07,8.61431541544804e-06,6.57313197257037e-06,"FCGR2B/CD1E/HLA-DRB1/CD1C/HLA-DRA/TYROBP/CD1D/PRAM1/IL18/IL7R/AHR/IL27RA/IL1B/CLEC7A/ADGRE2/HAVCR2/TNFRSF1B/NECTIN2/WAS",19
"GO:1903706","regulation of hemopoiesis","25/334","417/18870",1.20951423498528e-07,9.46446814262833e-06,7.2218388985526e-06,"FCGR2B/HLA-DRB1/ANXA1/HLA-DRA/TYROBP/CEBPB/CD86/HIF1A/LILRB3/HCLS1/FGL2/ADAM8/IL18/IL7R/IL2RG/CD4/PRELID1/HMGB2/HSPA1A/RARA/SLAMF8/BRAF/CIB1/LILRB2/CTNNBIP1",25
"GO:0097530","granulocyte migration","15/334","156/18870",1.21429149621681e-07,9.46446814262833e-06,7.2218388985526e-06,"JAML/ANXA1/THBS1/CXCL8/ADAM8/TREM1/IL1B/CXCL2/RAC1/CXCL3/CKLF/SLAMF8/ADGRE2/AKIRIN1/PTGER4",15
"GO:0070664","negative regulation of leukocyte proliferation","12/334","96/18870",1.28155081519834e-07,9.80023670565826e-06,7.47804626624176e-06,"FCGR2B/HLA-DRB1/TYROBP/CEBPB/CD86/MNDA/LST1/RASSF5/GSTP1/PRNP/LILRB2/HAVCR2",12
"GO:0043086","negative regulation of catalytic activity","27/334","480/18870",1.35848433240222e-07,1.01961796281967e-05,7.78016952943026e-06,"PKIB/ANXA1/CST7/IRAK3/GNAQ/PICALM/THBS1/CST3/TIMP1/SLC8A1/CD44/KLF4/CSTA/SERPINA1/VEGFA/GAPDH/CARD16/RPS6KA3/IL1B/RCC2/GSTP1/GNAI2/PTPN1/PLAUR/ROCK1/LATS2/HIPK3",27
"GO:1903131","mononuclear cell differentiation","27/334","481/18870",1.41641700144857e-07,1.04377056488565e-05,7.96446535934143e-06,"FCGR2B/HLA-DRB1/ANXA1/HLA-DRA/CD1D/CEBPB/CD86/GPR183/FGL2/ADAM8/RBPJ/IL18/TNFSF13B/IL7R/VEGFA/IL2RG/CD4/IL1B/BCL2/PRELID1/DOCK10/RARA/SLAMF8/BRAF/LILRB2/CTNNBIP1/PTGER4",27
"GO:0010466","negative regulation of peptidase activity","14/334","137/18870",1.50531205572481e-07,1.08946960033083e-05,8.31317071375846e-06,"CST7/PICALM/THBS1/CST3/TIMP1/CD44/KLF4/CSTA/SERPINA1/VEGFA/GAPDH/CARD16/RPS6KA3/PLAUR",14
"GO:0052547","regulation of peptidase activity","21/334","312/18870",1.90821649289966e-07,1.35684235889865e-05,1.03533519042275e-05,"CST7/PICALM/THBS1/CST3/TIMP1/CTSH/CD44/KLF4/CSTA/SERPINA1/VEGFA/CTSS/GAPDH/CARD16/RPS6KA3/PRELID1/CLEC7A/PLAUR/DAPK1/CASP1/APAF1",21
"GO:0034341","response to type II interferon","14/334","143/18870",2.56892087762929e-07,1.77797176646106e-05,1.35667693842445e-05,"IFITM3/VIM/IFITM2/MRC1/HLA-DPA1/CXCL16/TLR2/GAPDH/IFNGR1/KYNU/DAPK1/CASP1/CD58/WAS",14
"GO:0002768","immune response-regulating cell surface receptor signaling pathway","22/334","346/18870",2.60119027034861e-07,1.77797176646106e-05,1.35667693842445e-05,"FCER1A/FCGR2B/HLA-DRB1/FPR1/HLA-DQB1/HLA-DPB1/TYROBP/MNDA/PLSCR1/FPR3/PRAM1/TLR2/PRKCH/NR4A3/LILRA2/BCL2/CLEC7A/PRNP/BRAF/LILRB2/FYB1/NECTIN2",22
"GO:0002285","lymphocyte activation involved in immune response","17/334","213/18870",2.65284901746224e-07,1.77797176646106e-05,1.35667693842445e-05,"FCGR2B/HLA-DRB1/ANXA1/CD1C/HLA-DRA/CD86/GPR183/FGL2/IL18/HLA-DMB/IL27RA/GAPT/DOCK10/RARA/HAVCR2/RNF168/PTGER4",17
"GO:0070613","regulation of protein processing","10/334","67/18870",2.675950598424e-07,1.77797176646106e-05,1.35667693842445e-05,"S100A10/CST7/IL1R2/THBS1/ANXA2/ADAM8/CARD16/PRNP/ENO1/PLAUR",10
"GO:0002286","T cell activation involved in immune response","13/334","123/18870",2.8345578233251e-07,1.85297788031236e-05,1.41391016722057e-05,"FCGR2B/HLA-DRB1/ANXA1/CD1C/HLA-DRA/CD86/GPR183/FGL2/IL18/HLA-DMB/RARA/HAVCR2/PTGER4",13
"GO:0030595","leukocyte chemotaxis","18/334","240/18870",2.98496060415167e-07,1.92032465533758e-05,1.46529895655766e-05,"JAML/ANXA1/THBS1/ALOX5/GPR183/CXCL8/CXCL16/ADAM8/VEGFA/TREM1/IL1B/CXCL2/RAC1/CXCL3/CKLF/SLAMF8/ADGRE2/AKIRIN1",18
"GO:1902105","regulation of leukocyte differentiation","21/334","321/18870",3.06155099721117e-07,1.93882284245263e-05,1.47941395227079e-05,"FCGR2B/HLA-DRB1/ANXA1/HLA-DRA/TYROBP/CEBPB/CD86/LILRB3/HCLS1/FGL2/ADAM8/IL18/IL7R/IL2RG/CD4/PRELID1/RARA/SLAMF8/BRAF/LILRB2/CTNNBIP1",21
"GO:0002274","myeloid leukocyte activation","18/334","241/18870",3.17471843841118e-07,1.9795590509047e-05,1.51049761490722e-05,"FCER1A/FCGR2B/ANXA1/CST7/TYROBP/THBS1/PLSCR1/CXCL8/PRAM1/TLR2/RBPJ/IL18/NR4A3/LILRA2/IFNGR1/ADGRE2/HAVCR2/NECTIN2",18
"GO:0002460","adaptive immune response based on somatic recombination of immune receptors built from immunoglobulin superfamily domains","23/334","380/18870",3.31767895676053e-07,2.03735648662886e-05,1.55459980461921e-05,"FCER1A/FCGR2B/CD1E/HLA-DRB1/ANXA1/CD1C/HLA-DRA/CD1D/CTSH/IL18/TNFSF13B/IL7R/AHR/IL27RA/CD4/GAPT/IL1B/CLEC7A/HAVCR2/RNF168/TNFRSF1B/NECTIN2/WAS",23
"GO:0051346","negative regulation of hydrolase activity","17/334","218/18870",3.69003654713667e-07,2.23219673515596e-05,1.70327217211116e-05,"ANXA1/CST7/PICALM/THBS1/CST3/TIMP1/CD44/KLF4/CSTA/SERPINA1/VEGFA/GAPDH/CARD16/RPS6KA3/RCC2/PLAUR/ROCK1",17
"GO:0002526","acute inflammatory response","12/334","107/18870",4.27375792117054e-07,2.5298635002001e-05,1.93040605752409e-05,"FCER1A/FCGR2B/CEBPB/PLSCR1/ADAM8/SERPINA1/ALOX5AP/IL1B/CD163/GSTP1/CTNNBIP1/PRCP",12
"GO:0050672","negative regulation of lymphocyte proliferation","11/334","88/18870",4.30694748368633e-07,2.5298635002001e-05,1.93040605752409e-05,"FCGR2B/HLA-DRB1/TYROBP/CEBPB/CD86/MNDA/LST1/RASSF5/PRNP/LILRB2/HAVCR2",11
"GO:0010951","negative regulation of endopeptidase activity","13/334","128/18870",4.51388041395725e-07,2.61353675968125e-05,1.9942527302566e-05,"CST7/PICALM/THBS1/CST3/TIMP1/CD44/KLF4/SERPINA1/VEGFA/GAPDH/CARD16/RPS6KA3/PLAUR",13
"GO:1903317","regulation of protein maturation","10/334","71/18870",4.67991130448723e-07,2.67150429818123e-05,2.03848471646901e-05,"S100A10/CST7/IL1R2/THBS1/ANXA2/ADAM8/CARD16/PRNP/ENO1/PLAUR",10
"GO:0031349","positive regulation of defense response","26/334","480/18870",4.81751609786383e-07,2.68587180868097e-05,2.04944780965489e-05,"LGALS2/EREG/IRAK3/TYROBP/CD1D/CEBPB/MNDA/PLSCR1/ADAM8/TLR2/IL18/LILRA2/ALOX5AP/CTSS/RPS6KA3/IL1B/CLEC7A/HMGB2/CASP4/HSPA1A/RTN4/HAVCR2/CASP1/NECTIN2/EMILIN2/PTGER4",26
"GO:0032945","negative regulation of mononuclear cell proliferation","11/334","89/18870",4.83761761741206e-07,2.68587180868097e-05,2.04944780965489e-05,"FCGR2B/HLA-DRB1/TYROBP/CEBPB/CD86/MNDA/LST1/RASSF5/PRNP/LILRB2/HAVCR2",11
"GO:0050900","leukocyte migration","23/334","396/18870",6.81722744426343e-07,3.73381389616212e-05,2.84907741553996e-05,"JAML/ANXA1/THBS1/ALOX5/GPR183/CXCL8/MSN/CXCL16/ADAM8/CD9/VEGFA/TREM1/IL27RA/IL1B/CXCL2/RAC1/CXCL3/CKLF/SLAMF8/ADGRE2/ROCK1/AKIRIN1/PTGER4",23
"GO:0030098","lymphocyte differentiation","24/334","429/18870",7.59825518573494e-07,4.10609710237116e-05,3.13314719097393e-05,"FCGR2B/HLA-DRB1/ANXA1/HLA-DRA/CD1D/CD86/GPR183/FGL2/ADAM8/RBPJ/IL18/TNFSF13B/IL7R/IL2RG/CD4/IL1B/BCL2/PRELID1/DOCK10/RARA/SLAMF8/BRAF/LILRB2/PTGER4",24
"GO:0030099","myeloid cell differentiation","24/334","430/18870",7.91947743372371e-07,4.2233739524845e-05,3.22263500003882e-05,"HLA-DRB1/CLEC5A/TYROBP/CEBPB/HIF1A/LILRB3/GPR183/ANXA2/TET2/HCLS1/TLR2/RBPJ/VEGFA/CD4/OSCAR/HMGB2/HSPA1A/GLO1/PABPC4/RARA/SNX10/CIB1/CD109/CTNNBIP1",24
"GO:0042129","regulation of T cell proliferation","15/334","182/18870",8.97387844123501e-07,4.7235232886137e-05,3.60427270818161e-05,"HLA-DRB1/ANXA1/HLA-DPB1/CD1D/CEBPB/CD86/HLA-DPA1/IL18/TNFSF13B/HLA-DMB/IL1B/PRNP/LILRB2/HAVCR2/TNFRSF1B",15
"GO:0002443","leukocyte mediated immunity","25/334","466/18870",9.59470275173635e-07,4.98555516061377e-05,3.80421547700424e-05,"FCER1A/FCGR2B/CD1E/HLA-DRB1/CD1C/HLA-DRA/TYROBP/CD1D/CTSH/PRAM1/IL18/NR4A3/IL7R/AHR/TREM1/IL27RA/GAPT/IL1B/CLEC7A/ADGRE2/HAVCR2/RNF168/TNFRSF1B/NECTIN2/WAS",25
"GO:0001913","T cell mediated cytotoxicity","9/334","60/18870",1.02329310868501e-06,5.24988223987387e-05,4.00590959802341e-05,"FCGR2B/CD1E/HLA-DRB1/CD1C/HLA-DRA/CD1D/CTSH/IL7R/NECTIN2",9
"GO:0002573","myeloid leukocyte differentiation","17/334","235/18870",1.05706817696373e-06,5.28925595214073e-05,4.0359536113313e-05,"HLA-DRB1/TYROBP/CEBPB/LILRB3/GPR183/ANXA2/HCLS1/TLR2/RBPJ/VEGFA/CD4/OSCAR/GLO1/RARA/SNX10/CD109/CTNNBIP1",17
"GO:0045861","negative regulation of proteolysis","17/334","235/18870",1.05706817696373e-06,5.28925595214073e-05,4.0359536113313e-05,"CST7/PICALM/IL1R2/THBS1/CST3/TIMP1/CD44/KLF4/CSTA/SERPINA1/VEGFA/GAPDH/CARD16/RPS6KA3/PRNP/PLAUR/ROCK1",17
"GO:0002429","immune response-activating cell surface receptor signaling pathway","20/334","318/18870",1.08970716296193e-06,5.38607698961547e-05,4.10983266339171e-05,"FCGR2B/HLA-DRB1/FPR1/HLA-DQB1/HLA-DPB1/TYROBP/MNDA/PLSCR1/FPR3/PRAM1/TLR2/PRKCH/NR4A3/LILRA2/BCL2/CLEC7A/PRNP/BRAF/FYB1/NECTIN2",20
"GO:0034113","heterotypic cell-cell adhesion","9/334","61/18870",1.18190103333001e-06,5.73486153544173e-05,4.37597184441097e-05,"CD1D/CD44/KLF4/ITGAX/IL1B/MYADM/LILRB2/CD58/ITGA5",9
"GO:0006909","phagocytosis","17/334","237/18870",1.18857233895165e-06,5.73486153544173e-05,4.37597184441097e-05,"FCGR2B/ANXA1/TYROBP/CEACAM4/THBS1/RAB31/PLSCR1/TLR2/IL2RG/IL1B/CLEC7A/RAC1/CFP/NCF2/CDC42SE1/RARA/CD302",17
"GO:0001909","leukocyte mediated cytotoxicity","13/334","140/18870",1.26502688017221e-06,6.03194581804466e-05,4.60266126804452e-05,"FCGR2B/CD1E/HLA-DRB1/CD1C/HLA-DRA/TYROBP/CD1D/CTSH/IL18/IL7R/TREM1/HAVCR2/NECTIN2",13
"GO:0042098","T cell proliferation","16/334","213/18870",1.34039729888894e-06,6.30217105543503e-05,4.80885596396902e-05,"HLA-DRB1/ANXA1/HLA-DPB1/CD1D/CEBPB/CD86/HLA-DPA1/MSN/IL18/TNFSF13B/HLA-DMB/IL1B/PRNP/LILRB2/HAVCR2/TNFRSF1B",16
"GO:0002706","regulation of lymphocyte mediated immunity","15/334","188/18870",1.35279763588169e-06,6.30217105543503e-05,4.80885596396902e-05,"FCGR2B/CD1E/HLA-DRB1/CD1C/HLA-DRA/CD1D/IL18/IL7R/AHR/IL27RA/IL1B/HAVCR2/TNFRSF1B/NECTIN2/WAS",15
"GO:0010720","positive regulation of cell development","24/334","444/18870",1.3941919975931e-06,6.42120473436912e-05,4.89968431690014e-05,"HLA-DRB1/ANXA1/HLA-DRA/TYROBP/CD86/HIF1A/HCLS1/ADAM8/TLR2/IL18/PRKCH/IL7R/SKIL/VEGFA/IL2RG/CD4/IL1B/BCL2/CLEC7A/RARA/BRAF/LILRB2/TNFRSF1B/CTNNBIP1",24
"GO:0060326","cell chemotaxis","20/334","325/18870",1.52612447261203e-06,6.9498679634793e-05,5.30307948022963e-05,"JAML/ANXA1/THBS1/ALOX5/GPR183/CXCL8/CXCL16/ADAM8/VEGFA/TREM1/IL1B/CXCL2/RAC1/CXCL3/HMGB2/CKLF/HBEGF/SLAMF8/ADGRE2/AKIRIN1",20
"GO:0070665","positive regulation of leukocyte proliferation","14/334","166/18870",1.57950689082929e-06,7.05706855671548e-05,5.38487862652228e-05,"ANXA1/HLA-DPB1/CD1D/CD86/HLA-DPA1/CSF2RA/GPR183/IL18/TNFSF13B/HLA-DMB/IL1B/BCL2/LILRB2/HAVCR2",14
"GO:0097529","myeloid leukocyte migration","17/334","242/18870",1.58448862240589e-06,7.05706855671548e-05,5.38487862652228e-05,"JAML/ANXA1/THBS1/CXCL8/ADAM8/CD9/VEGFA/TREM1/IL1B/CXCL2/RAC1/CXCL3/CKLF/SLAMF8/ADGRE2/AKIRIN1/PTGER4",17
"GO:0043372","positive regulation of CD4-positive, alpha-beta T cell differentiation","7/334","34/18870",1.82314211541628e-06,8.03173368889367e-05,6.12859443374488e-05,"HLA-DRB1/ANXA1/HLA-DRA/CD86/IL18/IL2RG/RARA",7
"GO:0016485","protein processing","17/334","245/18870",1.87577021559825e-06,8.11594203469098e-05,6.19284940276133e-05,"S100A10/CST7/IL1R2/THBS1/CTSH/SRGN/ANXA2/ADAM8/CTSS/ATP6AP2/SEC11A/CARD16/CASP4/PRNP/ENO1/PLAUR/CASP1",17
"GO:0050671","positive regulation of lymphocyte proliferation","13/334","145/18870",1.88230582595843e-06,8.11594203469098e-05,6.19284940276133e-05,"ANXA1/HLA-DPB1/CD1D/CD86/HLA-DPA1/GPR183/IL18/TNFSF13B/HLA-DMB/IL1B/BCL2/LILRB2/HAVCR2",13
"GO:0150115","cell-substrate junction organization","11/334","102/18870",1.92360689504046e-06,8.20671446905158e-05,6.2621130832453e-05,"S100A10/LIMS1/THBS1/VCL/VEGFA/BCL2/RCC2/RAC1/ARF6/ROCK1/ITGA5",11
"GO:2000117","negative regulation of cysteine-type endopeptidase activity","9/334","65/18870",2.04745224859925e-06,8.64408746205495e-05,6.59584945875503e-05,"CST7/THBS1/CST3/CD44/KLF4/VEGFA/CARD16/RPS6KA3/PLAUR",9
"GO:0002824","positive regulation of adaptive immune response based on somatic recombination of immune receptors built from immunoglobulin superfamily domains","12/334","124/18870",2.09918936188677e-06,8.77114895229596e-05,6.69280341315609e-05,"CD1E/HLA-DRB1/CD1C/HLA-DRA/CD1D/IL18/TNFSF13B/IL27RA/CD4/IL1B/CLEC7A/NECTIN2",12
"GO:0036230","granulocyte activation","8/334","49/18870",2.12369782362245e-06,8.7830074276957e-05,6.70185199334346e-05,"FCER1A/FCGR2B/ANXA1/TYROBP/CXCL8/PRAM1/IL18/LILRA2",8
"GO:0045088","regulation of innate immune response","23/334","425/18870",2.27714151615039e-06,9.22925456495754e-05,7.04235976257879e-05,"FCGR2B/EREG/IRAK3/TYROBP/CD1D/MNDA/PLSCR1/ADAM8/TLR2/SAMHD1/LILRA2/CTSS/RPS6KA3/CLEC7A/HMGB2/NFE2L2/HSPA1A/SLAMF8/PTPN1/RTN4/HAVCR2/CASP1/NECTIN2",23
"GO:0050727","regulation of inflammatory response","23/334","425/18870",2.27714151615039e-06,9.22925456495754e-05,7.04235976257879e-05,"FCGR2B/HLA-DRB1/ANXA1/LGALS2/CST7/CEBPB/ALOX5/ADAM8/KLF4/TLR2/IL18/IER3/ALOX5AP/AHR/CARD16/IL1B/METRNL/CASP4/GSTP1/SLAMF8/CASP1/TNFRSF1B/PTGER4",23
"GO:0032946","positive regulation of mononuclear cell proliferation","13/334","148/18870",2.36973442800481e-06,9.50943924426087e-05,7.25615398590737e-05,"ANXA1/HLA-DPB1/CD1D/CD86/HLA-DPA1/GPR183/IL18/TNFSF13B/HLA-DMB/IL1B/BCL2/LILRB2/HAVCR2",13
"GO:0001906","cell killing","16/334","223/18870",2.44521308331849e-06,9.62179478319402e-05,7.34188660070488e-05,"LYZ/FCGR2B/CD1E/HLA-DRB1/CD1C/HLA-DRA/TYROBP/CD1D/CTSH/IL18/IL7R/TREM1/GAPDH/CLEC7A/HAVCR2/NECTIN2",16
"GO:0050866","negative regulation of cell activation","16/334","223/18870",2.44521308331849e-06,9.62179478319402e-05,7.34188660070488e-05,"FCGR2B/HLA-DRB1/ANXA1/CST7/TYROBP/CEBPB/CD86/MNDA/LST1/FGL2/CD9/GCLC/RASSF5/PRNP/LILRB2/HAVCR2",16
"GO:0001914","regulation of T cell mediated cytotoxicity","8/334","50/18870",2.48962294841193e-06,9.70234789414764e-05,7.40335245185652e-05,"FCGR2B/CD1E/HLA-DRB1/CD1C/HLA-DRA/CD1D/IL7R/NECTIN2",8
"GO:0042102","positive regulation of T cell proliferation","11/334","105/18870",2.5662816543633e-06,9.81682833672556e-05,7.49070646910014e-05,"ANXA1/HLA-DPB1/CD1D/CD86/HLA-DPA1/IL18/TNFSF13B/HLA-DMB/IL1B/LILRB2/HAVCR2",11
"GO:0030217","T cell differentiation","19/334","307/18870",2.57147733908173e-06,9.81682833672556e-05,7.49070646910014e-05,"HLA-DRB1/ANXA1/HLA-DRA/CD1D/CD86/GPR183/FGL2/ADAM8/IL18/IL7R/IL2RG/CD4/IL1B/BCL2/PRELID1/RARA/BRAF/LILRB2/PTGER4",19
"GO:0007596","blood coagulation","16/334","224/18870",2.59166205780813e-06,9.81682833672556e-05,7.49070646910014e-05,"GNAQ/THBS1/PLSCR1/VCL/ANXA2/SERPINA1/CD9/GGCX/CLIC1/PLEK/NFE2L2/PABPC4/JMJD1C/PLAUR/WAS/EMILIN2",16
"GO:0150116","regulation of cell-substrate junction organization","9/334","68/18870",3.01277615117803e-06,0.000113062793895598,8.62722839391915e-05,"S100A10/LIMS1/THBS1/VCL/VEGFA/RCC2/RAC1/ARF6/ROCK1",9
"GO:0010634","positive regulation of epithelial cell migration","14/334","176/18870",3.15871861880853e-06,0.000117452170293862,8.96215866929933e-05,"ANXA1/HIF1A/THBS1/CTSH/GLIPR2/VEGFA/RAC1/ARF6/HBEGF/NFE2L2/MAP2K3/PFN1/CIB1/RTN4",14
"GO:0010631","epithelial cell migration","21/334","372/18870",3.28502699364657e-06,0.000121038312774996,9.23579838022357e-05,"ANXA1/HIF1A/THBS1/CTSH/KLF4/SNAI1/GLIPR2/VEGFA/TNFSF12/RAC1/ARF6/HBEGF/NFE2L2/LGALS8/MAP2K3/PFN1/CIB1/ZEB2/ROCK1/RTN4/PRCP",21
"GO:0050817","coagulation","16/334","229/18870",3.44897756001599e-06,0.000123952462156356,9.45816182464904e-05,"GNAQ/THBS1/PLSCR1/VCL/ANXA2/SERPINA1/CD9/GGCX/CLIC1/PLEK/NFE2L2/PABPC4/JMJD1C/PLAUR/WAS/EMILIN2",16
"GO:0002821","positive regulation of adaptive immune response","12/334","130/18870",3.45586682054484e-06,0.000123952462156356,9.45816182464904e-05,"CD1E/HLA-DRB1/CD1C/HLA-DRA/CD1D/IL18/TNFSF13B/IL27RA/CD4/IL1B/CLEC7A/NECTIN2",12
"GO:0071621","granulocyte chemotaxis","12/334","130/18870",3.45586682054484e-06,0.000123952462156356,9.45816182464904e-05,"JAML/ANXA1/THBS1/CXCL8/TREM1/IL1B/CXCL2/RAC1/CXCL3/CKLF/ADGRE2/AKIRIN1",12
"GO:0090132","epithelium migration","21/334","375/18870",3.72361372493894e-06,0.000132384266905066,0.000101015485908316,"ANXA1/HIF1A/THBS1/CTSH/KLF4/SNAI1/GLIPR2/VEGFA/TNFSF12/RAC1/ARF6/HBEGF/NFE2L2/LGALS8/MAP2K3/PFN1/CIB1/ZEB2/ROCK1/RTN4/PRCP",21
"GO:0007599","hemostasis","16/334","231/18870",3.85775760103867e-06,0.000135960796147911,0.000103744547659969,"GNAQ/THBS1/PLSCR1/VCL/ANXA2/SERPINA1/CD9/GGCX/CLIC1/PLEK/NFE2L2/PABPC4/JMJD1C/PLAUR/WAS/EMILIN2",16
"GO:0022408","negative regulation of cell-cell adhesion","15/334","205/18870",3.97055272864433e-06,0.00013872974318272,0.000105857385814492,"FCGR2B/HLA-DRB1/ANXA1/CEBPB/CD86/FGL2/KLF4/CD9/VEGFA/SPINT2/PRNP/FXYD5/MYADM/LILRB2/HAVCR2",15
"GO:0052548","regulation of endopeptidase activity","18/334","288/18870",4.12345377692213e-06,0.000142840668015944,0.000108994216793497,"CST7/PICALM/THBS1/CST3/TIMP1/CD44/KLF4/SERPINA1/VEGFA/GAPDH/CARD16/RPS6KA3/PRELID1/CLEC7A/PLAUR/DAPK1/CASP1/APAF1",18
"GO:0002468","dendritic cell antigen processing and presentation","5/334","15/18870",4.37649672971677e-06,0.00015032153597917,0.000114702474504084,"FCGR2B/HLA-DRB1/HLA-DRA/THBS1/FGL2",5
"GO:0031341","regulation of cell killing","11/334","111/18870",4.43611117930173e-06,0.000151088727812688,0.000115287878326302,"FCGR2B/CD1E/HLA-DRB1/CD1C/HLA-DRA/TYROBP/CD1D/IL7R/CLEC7A/HAVCR2/NECTIN2",11
"GO:0097193","intrinsic apoptotic signaling pathway","19/334","319/18870",4.49464124948223e-06,0.000151806508201262,0.000115835578868235,"FCGR2B/CEBPB/HIF1A/CD44/SNAI1/SKIL/IER3/FZD1/BCL2/CASP4/NFE2L2/HSPA1A/TMEM109/PTPN1/ENO1/PLAUR/APAF1/TNFRSF1B/TP53BP2",19
"GO:0090130","tissue migration","21/334","380/18870",4.5741437952001e-06,0.000153214915718562,0.000116910260724645,"ANXA1/HIF1A/THBS1/CTSH/KLF4/SNAI1/GLIPR2/VEGFA/TNFSF12/RAC1/ARF6/HBEGF/NFE2L2/LGALS8/MAP2K3/PFN1/CIB1/ZEB2/ROCK1/RTN4/PRCP",21
"GO:0030100","regulation of endocytosis","18/334","291/18870",4.76355939250797e-06,0.000158251690310121,0.00012075355906116,"FCGR2B/PICALM/RAB31/PLSCR1/ANXA2/PPT1/TLR2/VEGFA/IL2RG/RALA/IL1B/CLEC7A/RAC1/CFP/ZFYVE16/ARF6/PTPN1/ROCK1",18
"GO:0032102","negative regulation of response to external stimulus","24/334","481/18870",5.52799850717592e-06,0.000180376032657896,0.000137635483514199,"FCGR2B/HLA-DRB1/CST7/IRAK3/THBS1/SEMA6B/ALOX5/ANXA2/FGL2/KLF4/CD9/SAMHD1/LILRA2/IER3/AHR/CARD16/METRNL/GSTP1/SLAMF8/PLAUR/CD109/HAVCR2/TNFRSF1B/PTGER4",24
"GO:0045766","positive regulation of angiogenesis","14/334","185/18870",5.65204938256915e-06,0.000180376032657896,0.000137635483514199,"HIF1A/THBS1/CTSH/CXCL8/KLF4/ITGAX/VEGFA/TNFSF12/IL1B/NFE2L2/PKM/AGO2/EMILIN2/ITGA5",14
"GO:1902107","positive regulation of leukocyte differentiation","14/334","185/18870",5.65204938256915e-06,0.000180376032657896,0.000137635483514199,"HLA-DRB1/ANXA1/HLA-DRA/TYROBP/CD86/HCLS1/ADAM8/IL18/IL7R/IL2RG/CD4/RARA/LILRB2/CTNNBIP1",14
"GO:1903708","positive regulation of hemopoiesis","14/334","185/18870",5.65204938256915e-06,0.000180376032657896,0.000137635483514199,"HLA-DRB1/ANXA1/HLA-DRA/TYROBP/CD86/HCLS1/ADAM8/IL18/IL7R/IL2RG/CD4/RARA/LILRB2/CTNNBIP1",14
"GO:1904018","positive regulation of vasculature development","14/334","185/18870",5.65204938256915e-06,0.000180376032657896,0.000137635483514199,"HIF1A/THBS1/CTSH/CXCL8/KLF4/ITGAX/VEGFA/TNFSF12/IL1B/NFE2L2/PKM/AGO2/EMILIN2/ITGA5",14
"GO:0043367","CD4-positive, alpha-beta T cell differentiation","10/334","93/18870",5.80586919149008e-06,0.000183837404946166,0.000140276675037811,"HLA-DRB1/ANXA1/HLA-DRA/CD86/GPR183/IL18/IL2RG/RARA/BRAF/PTGER4",10
"GO:0002699","positive regulation of immune effector process","17/334","270/18870",6.92750486673137e-06,0.000217652536626839,0.000166079227241589,"CD1E/HLA-DRB1/ANXA1/CD1C/HLA-DRA/TYROBP/CD1D/CD86/IL18/NR4A3/HLA-DMB/IL1B/CLEC7A/CFP/RARA/ADGRE2/NECTIN2",17
"GO:0007044","cell-substrate junction assembly","10/334","95/18870",7.03819126152646e-06,0.000219429147561283,0.000167434865800524,"S100A10/LIMS1/THBS1/VCL/VEGFA/BCL2/RCC2/RAC1/ROCK1/ITGA5",10
"GO:0042742","defense response to bacterium","19/334","330/18870",7.31323866237116e-06,0.000226263788538857,0.00017265002161548,"LYZ/CEBPB/PLAC8/TLR2/RBPJ/IL18/IL7R/TREM1/IL27RA/CD4/IL1B/RNASE6/CFP/HMGB2/CASP4/SLAMF8/HAVCR2/CASP1/EMILIN2",19
"GO:0001910","regulation of leukocyte mediated cytotoxicity","10/334","96/18870",7.7349107938817e-06,0.000237496920057595,0.000181221434708329,"FCGR2B/CD1E/HLA-DRB1/CD1C/HLA-DRA/TYROBP/CD1D/IL7R/HAVCR2/NECTIN2",10
"GO:0042119","neutrophil activation","7/334","42/18870",8.09690768944232e-06,0.000246742608009848,0.000188276333926249,"FCGR2B/ANXA1/TYROBP/CXCL8/PRAM1/IL18/LILRA2",7
"GO:0042113","B cell activation","17/334","278/18870",1.01692198937074e-05,0.000306414622763867,0.000233808916508951,"FCGR2B/TYROBP/CD86/MNDA/GPR183/RBPJ/TNFSF13B/IL7R/IL2RG/AHR/IL27RA/SH3KBP1/GAPT/BCL2/DOCK10/SLAMF8/RNF168",17
"GO:0051250","negative regulation of lymphocyte activation","13/334","169/18870",1.02222422836783e-05,0.000306414622763867,0.000233808916508951,"FCGR2B/HLA-DRB1/ANXA1/TYROBP/CEBPB/CD86/MNDA/LST1/FGL2/RASSF5/PRNP/LILRB2/HAVCR2",13
"GO:0002833","positive regulation of response to biotic stimulus","20/334","369/18870",1.02818624959008e-05,0.000306414622763867,0.000233808916508951,"HLA-DRB1/EREG/IRAK3/TYROBP/CD1D/MNDA/PLSCR1/ADAM8/TLR2/LILRA2/CTSS/RPS6KA3/CLEC7A/HMGB2/HSPA1A/RTN4/HAVCR2/CASP1/NECTIN2/EMILIN2",20
"GO:2000516","positive regulation of CD4-positive, alpha-beta T cell activation","7/334","44/18870",1.11573126698665e-05,0.000330077286503423,0.000251864653277509,"HLA-DRB1/ANXA1/HLA-DRA/CD86/IL18/IL2RG/RARA",7
"GO:0010755","regulation of plasminogen activation","5/334","18/18870",1.19524734100115e-05,0.000348513487271775,0.000265932350462808,"S100A10/THBS1/ANXA2/ENO1/PLAUR",5
"GO:0036003","positive regulation of transcription from RNA polymerase II promoter in response to stress","5/334","18/18870",1.19524734100115e-05,0.000348513487271775,0.000265932350462808,"CEBPB/HIF1A/RBPJ/VEGFA/NFE2L2",5
"GO:2000377","regulation of reactive oxygen species metabolic process","12/334","147/18870",1.22932225564497e-05,0.000355888793009218,0.000271560059179317,"TYROBP/HIF1A/THBS1/ALOX5/IER3/BCL2/CLEC7A/RAC1/NFE2L2/GSTP1/GNAI2/PRCP",12
"GO:0046632","alpha-beta T cell differentiation","11/334","124/18870",1.29268474473073e-05,0.000371578104283239,0.000283531749161545,"HLA-DRB1/ANXA1/HLA-DRA/CD86/GPR183/IL18/IL2RG/BCL2/RARA/BRAF/PTGER4",11
"GO:1903034","regulation of response to wounding","13/334","173/18870",1.31530152036818e-05,0.000375416694510722,0.000286460775896347,"ANXA1/THBS1/ALOX5/ANXA2/KLF4/CD9/CLEC7A/HBEGF/NFE2L2/BRAF/PLAUR/CD109/EMILIN2",13
"GO:0051893","regulation of focal adhesion assembly","8/334","63/18870",1.47082693586318e-05,0.000413976497989825,0.000315883738126172,"S100A10/LIMS1/THBS1/VCL/VEGFA/RCC2/RAC1/ROCK1",8
"GO:0090109","regulation of cell-substrate junction assembly","8/334","63/18870",1.47082693586318e-05,0.000413976497989825,0.000315883738126172,"S100A10/LIMS1/THBS1/VCL/VEGFA/RCC2/RAC1/ROCK1",8
"GO:0150117","positive regulation of cell-substrate junction organization","6/334","31/18870",1.48982858029768e-05,0.000416432774892863,0.000317757994113582,"S100A10/LIMS1/VEGFA/RAC1/ARF6/ROCK1",6
"GO:0002695","negative regulation of leukocyte activation","14/334","202/18870",1.54344466808169e-05,0.000428464468475007,0.000326938748004616,"FCGR2B/HLA-DRB1/ANXA1/CST7/TYROBP/CEBPB/CD86/MNDA/LST1/FGL2/RASSF5/PRNP/LILRB2/HAVCR2",14
"GO:0006959","humoral immune response","16/334","258/18870",1.55717081690655e-05,0.000429334239518521,0.000327602424638127,"LYZ/FCGR2B/HLA-DRB1/HLA-DQB1/ALOX5/GPR183/CXCL8/RBPJ/TREM1/GAPDH/IL1B/BCL2/CXCL2/RNASE6/CFP/CXCL3",16
"GO:0002292","T cell differentiation involved in immune response","9/334","84/18870",1.75634883136254e-05,0.000480978500912998,0.000367009449967507,"HLA-DRB1/ANXA1/HLA-DRA/CD86/GPR183/FGL2/IL18/RARA/PTGER4",9
"GO:0061418","regulation of transcription from RNA polymerase II promoter in response to hypoxia","4/334","10/18870",1.86104240016838e-05,0.0005062285132807,0.000386276409162465,"HIF1A/RBPJ/VEGFA/NFE2L2",4
"GO:0048041","focal adhesion assembly","9/334","85/18870",1.93416490554213e-05,0.000522611357477484,0.00039877729771809,"S100A10/LIMS1/THBS1/VCL/VEGFA/BCL2/RCC2/RAC1/ROCK1",9
"GO:0050864","regulation of B cell activation","11/334","130/18870",2.02203695460534e-05,0.000542736144173208,0.000414133466199406,"FCGR2B/TYROBP/MNDA/GPR183/TNFSF13B/IL2RG/AHR/IL27RA/SH3KBP1/BCL2/SLAMF8",11
"GO:0002577","regulation of antigen processing and presentation","5/334","20/18870",2.10074176843929e-05,0.000560151736018714,0.000427422390282177,"FCGR2B/THBS1/FGL2/LILRB2/WAS",5
"GO:0045580","regulation of T cell differentiation","13/334","181/18870",2.13020679334967e-05,0.000564295956434392,0.00043058462737264,"HLA-DRB1/ANXA1/HLA-DRA/CD86/FGL2/ADAM8/IL18/IL7R/IL2RG/PRELID1/RARA/BRAF/LILRB2",13
"GO:0001776","leukocyte homeostasis","10/334","109/18870",2.38703702001715e-05,0.000628224742995422,0.000479365329105289,"ANXA1/LGALS2/HIF1A/GPR183/TNFSF13B/IL7R/SKIL/GAPT/BCL2/DOCK10",10
"GO:0061041","regulation of wound healing","11/334","133/18870",2.50461519604399e-05,0.000654916476746212,0.000499732390219168,"ANXA1/THBS1/ALOX5/ANXA2/CD9/CLEC7A/HBEGF/NFE2L2/PLAUR/CD109/EMILIN2",11
"GO:0001782","B cell homeostasis","6/334","34/18870",2.60234081703866e-05,0.00067610816227293,0.000515902653202402,"HIF1A/TNFSF13B/IL7R/GAPT/BCL2/DOCK10",6
"GO:0045619","regulation of lymphocyte differentiation","14/334","212/18870",2.64910516190322e-05,0.000683874090521895,0.000521828425455693,"HLA-DRB1/ANXA1/HLA-DRA/CD86/FGL2/ADAM8/IL18/IL7R/IL2RG/PRELID1/RARA/SLAMF8/BRAF/LILRB2",14
"GO:1901888","regulation of cell junction assembly","14/334","213/18870",2.790907122166e-05,0.000715920668742961,0.000546281487336689,"S100A10/LIMS1/THBS1/VCL/SNAI1/TLR2/PRKCH/VEGFA/FZD1/IL1B/RCC2/RAC1/ARF6/ROCK1",14
"GO:0002711","positive regulation of T cell mediated immunity","8/334","69/18870",2.89631676109908e-05,0.000738287536649973,0.000563348470315067,"CD1E/HLA-DRB1/CD1C/HLA-DRA/CD1D/IL18/IL1B/NECTIN2",8
"GO:0050878","regulation of body fluid levels","19/334","365/18870",2.9875839273966e-05,0.000756792353608651,0.000577468524913895,"GNAQ/HIF1A/THBS1/PLSCR1/VCL/ANXA2/SERPINA1/CD9/VEGFA/GGCX/CLIC1/PLEK/NFE2L2/PABPC4/GNAI2/JMJD1C/PLAUR/WAS/EMILIN2",19
"GO:0044000","movement in host","13/334","188/18870",3.17636780507955e-05,0.000799616069191764,0.000610145054679549,"IFITM3/HLA-DRB1/CLEC5A/IFITM2/MRC1/CD86/PLSCR1/CXCL8/CD4/CHMP1B/HSPA1A/NECTIN2/ITGA5",13
"GO:0002449","lymphocyte mediated immunity","19/334","368/18870",3.34013144622917e-05,0.000835651404417706,0.000637641727681696,"FCER1A/FCGR2B/CD1E/HLA-DRB1/CD1C/HLA-DRA/CD1D/CTSH/IL18/IL7R/AHR/IL27RA/GAPT/IL1B/HAVCR2/RNF168/TNFRSF1B/NECTIN2/WAS",19
"GO:0043154","negative regulation of cysteine-type endopeptidase activity involved in apoptotic process","7/334","52/18870",3.450547933141e-05,0.000849474635006813,0.000648189509434212,"THBS1/CD44/KLF4/VEGFA/CARD16/RPS6KA3/PLAUR",7
"GO:0046638","positive regulation of alpha-beta T cell differentiation","7/334","52/18870",3.450547933141e-05,0.000849474635006813,0.000648189509434212,"HLA-DRB1/ANXA1/HLA-DRA/CD86/IL18/IL2RG/RARA",7
"GO:0044409","entry into host","12/334","163/18870",3.45826091231493e-05,0.000849474635006813,0.000648189509434212,"IFITM3/HLA-DRB1/CLEC5A/IFITM2/MRC1/CD86/PLSCR1/CXCL8/CD4/HSPA1A/NECTIN2/ITGA5",12
"GO:2001243","negative regulation of intrinsic apoptotic signaling pathway","10/334","114/18870",3.52497611033412e-05,0.000860646275613506,0.00065671400203942,"HIF1A/CD44/SNAI1/FZD1/BCL2/NFE2L2/HSPA1A/PTPN1/ENO1/PLAUR",10
"GO:0071706","tumor necrosis factor superfamily cytokine production","13/334","191/18870",3.7471422251451e-05,0.000903998061816255,0.000689793474779217,"IRAK3/TYROBP/CD86/THBS1/ADAM8/TLR2/LILRA2/IL27RA/CLEC7A/IFNGR1/GSTP1/RARA/HAVCR2",13
"GO:1903555","regulation of tumor necrosis factor superfamily cytokine production","13/334","191/18870",3.7471422251451e-05,0.000903998061816255,0.000689793474779217,"IRAK3/TYROBP/CD86/THBS1/ADAM8/TLR2/LILRA2/IL27RA/CLEC7A/IFNGR1/GSTP1/RARA/HAVCR2",13
"GO:0045582","positive regulation of T cell differentiation","10/334","116/18870",4.09535513858071e-05,0.000982158247140096,0.000749433409975093,"HLA-DRB1/ANXA1/HLA-DRA/CD86/ADAM8/IL18/IL7R/IL2RG/RARA/LILRB2",10
"GO:0045628","regulation of T-helper 2 cell differentiation","4/334","12/18870",4.26526552336735e-05,0.00101688948036517,0.000775934991185961,"ANXA1/CD86/IL18/RARA",4
"GO:0045089","positive regulation of innate immune response","18/334","343/18870",4.35025336166387e-05,0.00102599744187806,0.000782884798586557,"EREG/IRAK3/TYROBP/CD1D/MNDA/PLSCR1/ADAM8/TLR2/LILRA2/CTSS/RPS6KA3/CLEC7A/HMGB2/HSPA1A/RTN4/HAVCR2/CASP1/NECTIN2",18
"GO:0002834","regulation of response to tumor cell","5/334","23/18870",4.36461503262639e-05,0.00102599744187806,0.000782884798586557,"HLA-DRB1/AHR/DAPK1/HAVCR2/NECTIN2",5
"GO:0042093","T-helper cell differentiation","8/334","73/18870",4.37941173069097e-05,0.00102599744187806,0.000782884798586557,"HLA-DRB1/ANXA1/HLA-DRA/CD86/GPR183/IL18/RARA/PTGER4",8
"GO:0007162","negative regulation of cell adhesion","17/334","312/18870",4.44433463396032e-05,0.00103522346387593,0.000789924691746849,"FCGR2B/HLA-DRB1/ANXA1/CEBPB/CD86/THBS1/FGL2/KLF4/CD9/VEGFA/SPINT2/RCC2/PRNP/FXYD5/MYADM/LILRB2/HAVCR2",17
"GO:2000116","regulation of cysteine-type endopeptidase activity","13/334","195/18870",4.64617186547586e-05,0.00107605340404421,0.000821079876136426,"CST7/THBS1/CST3/CD44/KLF4/VEGFA/CARD16/RPS6KA3/CLEC7A/PLAUR/DAPK1/CASP1/APAF1",13
"GO:0050830","defense response to Gram-positive bacterium","10/334","118/18870",4.742747639774e-05,0.00109217932863659,0.000833384722826317,"LYZ/TLR2/IL18/IL7R/IL27RA/IL1B/RNASE6/HMGB2/CASP4/HAVCR2",10
"GO:0032609","type II interferon production","10/334","119/18870",5.09789414733376e-05,0.00115428854632088,0.000880777007048902,"HLA-DRB1/HLA-DPB1/HLA-DPA1/IL18/IL27RA/IL1B/CLEC7A/PRNP/RARA/HAVCR2",10
"GO:0032649","regulation of type II interferon production","10/334","119/18870",5.09789414733376e-05,0.00115428854632088,0.000880777007048902,"HLA-DRB1/HLA-DPB1/HLA-DPA1/IL18/IL27RA/IL1B/CLEC7A/PRNP/RARA/HAVCR2",10
"GO:0035710","CD4-positive, alpha-beta T cell activation","10/334","119/18870",5.09789414733376e-05,0.00115428854632088,0.000880777007048902,"HLA-DRB1/ANXA1/HLA-DRA/CD86/GPR183/IL18/IL2RG/RARA/BRAF/PTGER4",10
"GO:0002294","CD4-positive, alpha-beta T cell differentiation involved in immune response","8/334","75/18870",5.33076187987367e-05,0.00120030988328489,0.000915893473863675,"HLA-DRB1/ANXA1/HLA-DRA/CD86/GPR183/IL18/RARA/PTGER4",8
"GO:0051043","regulation of membrane protein ectodomain proteolysis","5/334","24/18870",5.43363310412266e-05,0.0012167135343099,0.000928410239017875,"TIMP1/ADAM8/IL1B/ROCK1/TNFRSF1B",5
"GO:0071346","cellular response to type II interferon","10/334","120/18870",5.47545940624436e-05,0.00121934269085211,0.000930416410384379,"VIM/MRC1/HLA-DPA1/TLR2/GAPDH/IFNGR1/DAPK1/CASP1/CD58/WAS",10
"GO:0043370","regulation of CD4-positive, alpha-beta T cell differentiation","7/334","56/18870",5.63027254617246e-05,0.00124696691965229,0.000951495009528599,"HLA-DRB1/ANXA1/HLA-DRA/CD86/IL18/IL2RG/RARA",7
"GO:0043620","regulation of DNA-templated transcription in response to stress","6/334","39/18870",5.86019891158681e-05,0.00127168772196129,0.000970358156303262,"CEBPB/HIF1A/RBPJ/VEGFA/RPS6KA3/NFE2L2",6
"GO:0002287","alpha-beta T cell activation involved in immune response","8/334","76/18870",5.86739708874318e-05,0.00127168772196129,0.000970358156303262,"HLA-DRB1/ANXA1/HLA-DRA/CD86/GPR183/IL18/RARA/PTGER4",8
"GO:0002293","alpha-beta T cell differentiation involved in immune response","8/334","76/18870",5.86739708874318e-05,0.00127168772196129,0.000970358156303262,"HLA-DRB1/ANXA1/HLA-DRA/CD86/GPR183/IL18/RARA/PTGER4",8
"GO:0031343","positive regulation of cell killing","8/334","76/18870",5.86739708874318e-05,0.00127168772196129,0.000970358156303262,"CD1E/HLA-DRB1/CD1C/HLA-DRA/TYROBP/CD1D/CLEC7A/NECTIN2",8
"GO:0070486","leukocyte aggregation","4/334","13/18870",6.07510857492559e-05,0.00130970292841348,0.000999365565124937,"MSN/CD44/NR4A3/IL1B",4
"GO:0002260","lymphocyte homeostasis","8/334","77/18870",6.44822076114753e-05,0.00138278511877942,0.00105513074888619,"LGALS2/HIF1A/TNFSF13B/IL7R/SKIL/GAPT/BCL2/DOCK10",8
"GO:0001916","positive regulation of T cell mediated cytotoxicity","6/334","40/18870",6.79256572328779e-05,0.00144281968189899,0.00110093997309835,"CD1E/HLA-DRB1/CD1C/HLA-DRA/CD1D/NECTIN2",6
"GO:2000146","negative regulation of cell motility","19/334","388/18870",6.79937229811761e-05,0.00144281968189899,0.00110093997309835,"SRGAP1/THBS1/TIMP1/VCL/SAP30/KLF4/OSBPL8/IL27RA/SPINT2/BCL2/RAC1/SRGAP2/NFE2L2/SLAMF8/BRAF/ZEB2/WAS/EMILIN2/PTGER4",19
"GO:0040013","negative regulation of locomotion","20/334","423/18870",7.12528351197132e-05,0.0015041028163552,0.00114770191656643,"SRGAP1/THBS1/SEMA6B/TIMP1/VCL/SAP30/KLF4/OSBPL8/IL27RA/SPINT2/BCL2/RAC1/SRGAP2/NFE2L2/SLAMF8/BRAF/ZEB2/WAS/EMILIN2/PTGER4",20
"GO:0001952","regulation of cell-matrix adhesion","10/334","125/18870",7.74104020009061e-05,0.00162111041114008,0.001236984271022,"S100A10/LIMS1/THBS1/VCL/VEGFA/BCL2/RCC2/RAC1/CIB1/ROCK1",10
"GO:0072593","reactive oxygen species metabolic process","14/334","234/18870",7.7699522185486e-05,0.00162111041114008,0.001236984271022,"TYROBP/HIF1A/THBS1/ALOX5/IER3/BCL2/CLEC7A/SH3PXD2B/RAC1/NFE2L2/GSTP1/GNAI2/NCF2/PRCP",14
"GO:0010632","regulation of epithelial cell migration","16/334","295/18870",7.83908182674803e-05,0.00162111041114008,0.001236984271022,"ANXA1/HIF1A/THBS1/CTSH/KLF4/GLIPR2/VEGFA/RAC1/ARF6/HBEGF/NFE2L2/MAP2K3/PFN1/CIB1/RTN4/PRCP",16
"GO:0042554","superoxide anion generation","6/334","41/18870",7.83956675508158e-05,0.00162111041114008,0.001236984271022,"TYROBP/CLEC7A/SH3PXD2B/GSTP1/GNAI2/NCF2",6
"GO:0051894","positive regulation of focal adhesion assembly","5/334","26/18870",8.16837246561387e-05,0.00168052860929609,0.00128232317948029,"S100A10/LIMS1/VEGFA/RAC1/ROCK1",5
"GO:0032908","regulation of transforming growth factor beta1 production","4/334","14/18870",8.38673030060226e-05,0.00171673827819904,0.00130995287736148,"TYROBP/THBS1/ADAM8/ATP6AP2",4
"GO:0042092","type 2 immune response","6/334","42/18870",9.01121275277114e-05,0.00182612226434907,0.00139341805619166,"FCER1A/ANXA1/CD86/IL18/IL27RA/RARA",6
"GO:1900026","positive regulation of substrate adhesion-dependent cell spreading","6/334","42/18870",9.01121275277114e-05,0.00182612226434907,0.00139341805619166,"S100A10/LIMS1/RAC1/BRAF/CIB1/MYADM",6
"GO:0042100","B cell proliferation","9/334","104/18870",9.62222137390539e-05,0.00194024195166361,0.00148049680002797,"FCGR2B/TYROBP/MNDA/GPR183/TNFSF13B/IL7R/AHR/GAPT/BCL2",9
"GO:1900024","regulation of substrate adhesion-dependent cell spreading","7/334","61/18870",9.82041685773642e-05,0.00197040344180226,0.00150351145013182,"S100A10/LIMS1/RCC2/RAC1/BRAF/CIB1/MYADM",7
"GO:0031639","plasminogen activation","5/334","27/18870",9.88032123833978e-05,0.00197265724034439,0.00150523120550906,"S100A10/THBS1/ANXA2/ENO1/PLAUR",5
"GO:1990266","neutrophil migration","10/334","129/18870",0.000100853567875887,0.0020003811429089,0.00152638586047148,"JAML/CXCL8/ADAM8/TREM1/IL1B/CXCL2/RAC1/CXCL3/CKLF/SLAMF8",10
"GO:0150076","neuroinflammatory response","8/334","82/18870",0.000101178912977134,0.0020003811429089,0.00152638586047148,"CST7/TYROBP/TLR2/IL18/IL1B/IFNGR1/ZEB2/TNFRSF1B",8
"GO:0045622","regulation of T-helper cell differentiation","6/334","43/18870",0.000103180199522337,0.00202374706931958,0.00154421517255858,"HLA-DRB1/ANXA1/HLA-DRA/CD86/IL18/RARA",6
"GO:0032602","chemokine production","9/334","105/18870",0.000103631391803668,0.00202374706931958,0.00154421517255858,"HIF1A/KLF4/TLR2/IL18/TREM1/IL1B/CLEC7A/GSTP1/HAVCR2",9
"GO:0051701","biological process involved in interaction with host","13/334","211/18870",0.000103858719570311,0.00202374706931958,0.00154421517255858,"IFITM3/HLA-DRB1/CLEC5A/IFITM2/MRC1/CD86/PLSCR1/CXCL8/CD4/CHMP1B/HSPA1A/NECTIN2/ITGA5",13
"GO:0060759","regulation of response to cytokine stimulus","12/334","183/18870",0.000106072907955536,0.00205700237293679,0.00156959054934962,"IRAK3/HIF1A/IL1R2/KLF4/TLR2/SAMHD1/CARD16/CASP4/HSPA1A/GSTP1/PTPN1/CASP1",12
"GO:0045621","positive regulation of lymphocyte differentiation","10/334","130/18870",0.00010757300107004,0.00206895875335801,0.00157871383572035,"HLA-DRB1/ANXA1/HLA-DRA/CD86/ADAM8/IL18/IL7R/IL2RG/RARA/LILRB2",10
"GO:0046718","viral entry into host cell","11/334","156/18870",0.000107710411290042,0.00206895875335801,0.00157871383572035,"IFITM3/HLA-DRB1/CLEC5A/IFITM2/MRC1/CD86/PLSCR1/CD4/HSPA1A/NECTIN2/ITGA5",11
"GO:0030316","osteoclast differentiation","9/334","106/18870",0.000111512729657759,0.00213189194954196,0.00162673485468965,"TYROBP/CEBPB/LILRB3/GPR183/ANXA2/OSCAR/GLO1/SNX10/CD109",9
"GO:0043410","positive regulation of MAPK cascade","21/334","474/18870",0.000118033725144655,0.00224596567141449,0.00171377852470964,"FCGR2B/HLA-DRB1/THBS1/GPR183/CD44/ADAM8/DOK2/GLIPR2/VEGFA/CD4/IL1B/TAOK3/AKAP13/MAP2K3/GNAI2/PTPN1/BRAF/CIB1/ROCK1/DVL3/HAVCR2",21
"GO:0032623","interleukin-2 production","7/334","63/18870",0.000120835242668654,0.00227788483040026,0.00173813435965976,"ANXA1/CD86/CD4/IL1B/CLEC7A/PRNP/HAVCR2",7
"GO:0032663","regulation of interleukin-2 production","7/334","63/18870",0.000120835242668654,0.00227788483040026,0.00173813435965976,"ANXA1/CD86/CD4/IL1B/CLEC7A/PRNP/HAVCR2",7
"GO:0002347","response to tumor cell","6/334","45/18870",0.00013381726397738,0.00251093227268667,0.00191596063141102,"HLA-DRB1/KLF4/AHR/DAPK1/HAVCR2/NECTIN2",6
"GO:0001503","ossification","20/334","444/18870",0.000137219024092596,0.00256289725643912,0.00195561238313871,"AREG/CLEC5A/CEBPB/HIF1A/CEBPD/ALOX5/SRGN/SLC8A1/SNAI1/RBPJ/FZD1/CLIC1/BCL2/SNX10/PDLIM7/TOB1/TENT5A/ID3/CTNNBIP1/PTGER4",20
"GO:0030888","regulation of B cell proliferation","7/334","65/18870",0.00014752739530531,0.00269484243205321,0.00205629282152852,"FCGR2B/TYROBP/MNDA/GPR183/TNFSF13B/AHR/BCL2",7
"GO:0070059","intrinsic apoptotic signaling pathway in response to endoplasmic reticulum stress","7/334","65/18870",0.00014752739530531,0.00269484243205321,0.00205629282152852,"FCGR2B/CEBPB/BCL2/CASP4/HSPA1A/PTPN1/APAF1",7
"GO:0030038","contractile actin filament bundle assembly","9/334","110/18870",0.000148243334444678,0.00269484243205321,0.00205629282152852,"S100A10/PHACTR1/RAC1/PFN1/BRAF/ZEB2/ROCK1/WAS/PTGER4",9
"GO:0043149","stress fiber assembly","9/334","110/18870",0.000148243334444678,0.00269484243205321,0.00205629282152852,"S100A10/PHACTR1/RAC1/PFN1/BRAF/ZEB2/ROCK1/WAS/PTGER4",9
"GO:1903557","positive regulation of tumor necrosis factor superfamily cytokine production","9/334","110/18870",0.000148243334444678,0.00269484243205321,0.00205629282152852,"TYROBP/CD86/THBS1/ADAM8/TLR2/LILRA2/CLEC7A/IFNGR1/HAVCR2",9
"GO:0032930","positive regulation of superoxide anion generation","4/334","16/18870",0.000148272850320223,0.00269484243205321,0.00205629282152852,"TYROBP/CLEC7A/GSTP1/GNAI2",4
"GO:2001242","regulation of intrinsic apoptotic signaling pathway","12/334","190/18870",0.000151191100307479,0.00273561397118845,0.00208740344315495,"FCGR2B/HIF1A/CD44/SNAI1/SKIL/FZD1/BCL2/NFE2L2/HSPA1A/PTPN1/ENO1/PLAUR",12
"GO:0010810","regulation of cell-substrate adhesion","13/334","220/18870",0.000157579822929399,0.00283843497634352,0.00216586075564488,"S100A10/LIMS1/THBS1/VCL/VEGFA/BCL2/RCC2/RAC1/BRAF/CIB1/ROCK1/MYADM/ITGA5",13
"GO:0051347","positive regulation of transferase activity","19/334","414/18870",0.000158423463601512,0.00283843497634352,0.00216586075564488,"HLA-DRB1/PKIB/EREG/CD86/THBS1/ADAM8/KLF4/IL18/OSBPL8/VEGFA/CD4/IL1B/NAF1/TAOK3/PRNP/MAP2K3/PTPN1/CIB1/DVL3",19
"GO:0043281","regulation of cysteine-type endopeptidase activity involved in apoptotic process","11/334","163/18870",0.000158974769215391,0.00283843497634352,0.00216586075564488,"THBS1/CD44/KLF4/VEGFA/CARD16/RPS6KA3/CLEC7A/PLAUR/DAPK1/CASP1/APAF1",11
"GO:0045860","positive regulation of protein kinase activity","15/334","282/18870",0.000161669824528647,0.00287389385445003,0.00219291756447444,"EREG/CD86/THBS1/ADAM8/IL18/OSBPL8/VEGFA/CD4/IL1B/TAOK3/PRNP/MAP2K3/PTPN1/CIB1/DVL3",15
"GO:0010955","negative regulation of protein processing","5/334","30/18870",0.000166981439477779,0.00294250336610191,0.00224526988185682,"CST7/IL1R2/THBS1/CARD16/PRNP",5
"GO:1903318","negative regulation of protein maturation","5/334","30/18870",0.000166981439477779,0.00294250336610191,0.00224526988185682,"CST7/IL1R2/THBS1/CARD16/PRNP",5
"GO:0045862","positive regulation of proteolysis","17/334","350/18870",0.000179824299809831,0.00314726702316858,0.00240151428157681,"S100A10/PICALM/CTSH/ANXA2/ADAM8/CTSS/IL1B/PRELID1/CLEC7A/GCLC/NFE2L2/HSPA1A/ENO1/DAPK1/CASP1/APAF1/TNFRSF1B",17
"GO:0006096","glycolytic process","8/334","89/18870",0.00018015444100052,0.00314726702316858,0.00240151428157681,"HIF1A/FBP1/LDHA/PGAM1/IER3/GAPDH/PKM/ENO1",8
"GO:0008544","epidermis development","18/334","385/18870",0.00018728683271552,0.00325602647233721,0.00248450290901521,"HLA-DRB1/ANXA1/EREG/KLF4/YBX1/CSTA/SNAI1/RBPJ/IL18/PRKCH/BCL2/MAFF/PALLD/ROCK1/CD109/LATS2/WAS/MAFG",18
"GO:0032905","transforming growth factor beta1 production","4/334","17/18870",0.000191200172814275,0.00325602647233721,0.00248450290901521,"TYROBP/THBS1/ADAM8/ATP6AP2",4
"GO:0097067","cellular response to thyroid hormone stimulus","4/334","17/18870",0.000191200172814275,0.00325602647233721,0.00248450290901521,"CTSH/CTSS/GCLC/KLF9",4
"GO:1901522","positive regulation of transcription from RNA polymerase II promoter involved in cellular response to chemical stimulus","4/334","17/18870",0.000191200172814275,0.00325602647233721,0.00248450290901521,"HIF1A/RBPJ/VEGFA/NFE2L2",4
"GO:1901550","regulation of endothelial cell development","4/334","17/18870",0.000191200172814275,0.00325602647233721,0.00248450290901521,"VCL/VEGFA/IL1B/ROCK1",4
"GO:1903140","regulation of establishment of endothelial barrier","4/334","17/18870",0.000191200172814275,0.00325602647233721,0.00248450290901521,"VCL/VEGFA/IL1B/ROCK1",4
"GO:0042088","T-helper 1 type immune response","6/334","48/18870",0.000192832077940159,0.00325645171621444,0.00248482739029907,"HLA-DRB1/ANXA1/IL18/IL27RA/IL1B/HAVCR2",6
"GO:1902003","regulation of amyloid-beta formation","6/334","48/18870",0.000192832077940159,0.00325645171621444,0.00248482739029907,"PICALM/RTN1/IFNGR1/PRNP/ROCK1/RTN4",6
"GO:0002825","regulation of T-helper 1 type immune response","5/334","31/18870",0.000196228199799857,0.00328641691648272,0.00250769226190508,"ANXA1/IL18/IL27RA/IL1B/HAVCR2",5
"GO:0090322","regulation of superoxide metabolic process","5/334","31/18870",0.000196228199799857,0.00328641691648272,0.00250769226190508,"TYROBP/CLEC7A/NFE2L2/GSTP1/GNAI2",5
"GO:0031348","negative regulation of defense response","16/334","321/18870",0.000207311793728841,0.0034577559670082,0.00263843209865859,"FCGR2B/HLA-DRB1/CST7/IRAK3/ALOX5/FGL2/KLF4/SAMHD1/IER3/AHR/METRNL/GSTP1/SLAMF8/HAVCR2/TNFRSF1B/PTGER4",16
"GO:0044403","biological process involved in symbiotic interaction","16/334","322/18870",0.000214715768571064,0.00355375918313538,0.00271168711417189,"IFITM3/HLA-DRB1/CLEC5A/IFITM2/MRC1/CD86/PLSCR1/CXCL8/SAP30/TREM1/GAPDH/CD4/CHMP1B/HSPA1A/NECTIN2/ITGA5",16
"GO:0001912","positive regulation of leukocyte mediated cytotoxicity","7/334","69/18870",0.000215239096892192,0.00355375918313538,0.00271168711417189,"CD1E/HLA-DRB1/CD1C/HLA-DRA/TYROBP/CD1D/NECTIN2",7
"GO:0061028","establishment of endothelial barrier","6/334","49/18870",0.000216503750022278,0.00355375918313538,0.00271168711417189,"VCL/MSN/VEGFA/IL1B/ROCK1/MYADM",6
"GO:0006898","receptor-mediated endocytosis","14/334","258/18870",0.000216575010667268,0.00355375918313538,0.00271168711417189,"FCGR2B/MRC1/PICALM/RAB31/CXCL8/ANXA2/CXCL16/PPT1/CD9/VEGFA/RALA/RAC1/ARF6/PDLIM7",14
"GO:0043405","regulation of MAP kinase activity","10/334","142/18870",0.000222613868735013,0.003638121007996,0.00277605919500623,"IRAK3/THBS1/ADAM8/VEGFA/IL1B/TAOK3/GSTP1/PTPN1/HIPK3/DVL3",10
"GO:0034612","response to tumor necrosis factor","14/334","259/18870",0.000225362830963162,0.00366825523652086,0.00279905304320342,"LIMS1/THBS1/CXCL8/CXCL16/TNFSF13B/CARD16/CASP4/NFE2L2/HSPA1A/GSTP1/CIB1/CASP1/TNFRSF1B/CD58",14
"GO:0019883","antigen processing and presentation of endogenous antigen","5/334","32/18870",0.000229221386786685,0.00368664397081918,0.00281308452121671,"CD1E/HLA-DRB1/CD1C/HLA-DRA/CD1D",5
"GO:1901889","negative regulation of cell junction assembly","5/334","32/18870",0.000229221386786685,0.00368664397081918,0.00281308452121671,"THBS1/TLR2/IL1B/RCC2/ROCK1",5
"GO:1902992","negative regulation of amyloid precursor protein catabolic process","5/334","32/18870",0.000229221386786685,0.00368664397081918,0.00281308452121671,"PICALM/RTN1/PRNP/ROCK1/RTN4",5
"GO:0097191","extrinsic apoptotic signaling pathway","13/334","229/18870",0.000233668013834418,0.00374330616628813,0.00285632046867285,"THBS1/PEA15/SKIL/TNFSF12/IL1B/BCL2/HMGB2/GCLC/HSPA1A/GSTP1/CIB1/DAPK1/TNFRSF1B",13
"GO:0009299","mRNA transcription","6/334","50/18870",0.000242405971620633,0.00385295347578978,0.00293998657573217,"S100A10/EREG/ANXA2/RARA/TAF10/HIPK3",6
"GO:0030730","sequestering of triglyceride","4/334","18/18870",0.000242413801215493,0.00385295347578978,0.00293998657573217,"PLIN2/OSBPL8/IL1B/ABHD5",4
"GO:0006090","pyruvate metabolic process","9/334","118/18870",0.000252341547467294,0.00399507926517555,0.00304843530616328,"HIF1A/FBP1/LDHA/PGAM1/NR4A3/IER3/GAPDH/PKM/ENO1",9
"GO:0043618","regulation of transcription from RNA polymerase II promoter in response to stress","5/334","33/18870",0.000266269353537126,0.00419218702721891,0.0031988378942094,"CEBPB/HIF1A/RBPJ/VEGFA/NFE2L2",5
"GO:0050728","negative regulation of inflammatory response","12/334","202/18870",0.000266860166055386,0.00419218702721891,0.0031988378942094,"FCGR2B/HLA-DRB1/CST7/ALOX5/KLF4/IER3/AHR/METRNL/GSTP1/SLAMF8/TNFRSF1B/PTGER4",12
"GO:0006801","superoxide metabolic process","7/334","72/18870",0.000280892859280249,0.00437868753331866,0.00334114664196507,"TYROBP/CLEC7A/SH3PXD2B/NFE2L2/GSTP1/GNAI2/NCF2",7
"GO:0046635","positive regulation of alpha-beta T cell activation","7/334","72/18870",0.000280892859280249,0.00437868753331866,0.00334114664196507,"HLA-DRB1/ANXA1/HLA-DRA/CD86/IL18/IL2RG/RARA",7
"GO:0032928","regulation of superoxide anion generation","4/334","19/18870",0.000302794375706095,0.00465744280053863,0.0035538501559553,"TYROBP/CLEC7A/GSTP1/GNAI2",4
"GO:0045064","T-helper 2 cell differentiation","4/334","19/18870",0.000302794375706095,0.00465744280053863,0.0035538501559553,"ANXA1/CD86/IL18/RARA",4
"GO:0098543","detection of other organism","4/334","19/18870",0.000302794375706095,0.00465744280053863,0.0035538501559553,"HLA-DRB1/CD1D/TLR2/CLEC7A",4
"GO:0016050","vesicle organization","17/334","366/18870",0.000303371551774537,0.00465744280053863,0.0035538501559553,"S100A10/ANXA1/INSIG1/PICALM/SRGN/ANXA2/AP1S2/ATP6AP2/BCL2/ZFYVE16/CHMP1B/HOOK3/STX6/STX11/SNX10/ZEB2/NECTIN2",17
"GO:0050851","antigen receptor-mediated signaling pathway","12/334","205/18870",0.000305387169431211,0.00467068127205866,0.00356395173875319,"FCGR2B/HLA-DRB1/HLA-DQB1/HLA-DPB1/MNDA/PRAM1/PRKCH/BCL2/PRNP/BRAF/FYB1/NECTIN2",12
"GO:0002828","regulation of type 2 immune response","5/334","34/18870",0.00030769106825553,0.00467068127205866,0.00356395173875319,"ANXA1/CD86/IL18/IL27RA/RARA",5
"GO:0032743","positive regulation of interleukin-2 production","5/334","34/18870",0.00030769106825553,0.00467068127205866,0.00356395173875319,"ANXA1/CD86/CD4/IL1B/CLEC7A",5
"GO:0032635","interleukin-6 production","11/334","177/18870",0.000325216512715706,0.00489802159338788,0.00373742320603934,"EREG/IRAK3/TYROBP/CEBPB/TLR2/LILRA2/IL27RA/IL1B/CLEC7A/LILRB2/HAVCR2",11
"GO:0032675","regulation of interleukin-6 production","11/334","177/18870",0.000325216512715706,0.00489802159338788,0.00373742320603934,"EREG/IRAK3/TYROBP/CEBPB/TLR2/LILRA2/IL27RA/IL1B/CLEC7A/LILRB2/HAVCR2",11
"GO:0014020","primary neural tube formation","8/334","97/18870",0.000326293074318955,0.00489802159338788,0.00373742320603934,"HIF1A/RALA/FZD1/SPINT2/RARA/PFN1/DVL3/APAF1",8
"GO:0046637","regulation of alpha-beta T cell differentiation","7/334","74/18870",0.000332961847156642,0.00497106041923271,0.00379315530061052,"HLA-DRB1/ANXA1/HLA-DRA/CD86/IL18/IL2RG/RARA",7
"GO:0071674","mononuclear cell migration","12/334","207/18870",0.000333611752783444,0.00497106041923271,0.00379315530061052,"JAML/ANXA1/THBS1/ALOX5/GPR183/MSN/CXCL16/ADAM8/IL27RA/CKLF/SLAMF8/AKIRIN1",12
"GO:0071356","cellular response to tumor necrosis factor","13/334","238/18870",0.000339260232600031,0.005036709607062,0.00384324875025599,"LIMS1/THBS1/CXCL8/TNFSF13B/CARD16/CASP4/NFE2L2/HSPA1A/GSTP1/CIB1/CASP1/TNFRSF1B/CD58",13
"GO:0010811","positive regulation of cell-substrate adhesion","9/334","123/18870",0.000343896135949996,0.00508690160220925,0.00388154762743407,"S100A10/LIMS1/VEGFA/RAC1/BRAF/CIB1/ROCK1/MYADM/ITGA5",9
"GO:0051092","positive regulation of NF-kappaB transcription factor activity","10/334","150/18870",0.000346239411490711,0.00510293939917037,0.00389378522855391,"IRAK3/ADAM8/TLR2/IL18/PRKCH/CARD16/IL1B/CLEC7A/HSPA1A/CIB1",10
"GO:0007160","cell-matrix adhesion","13/334","239/18870",0.000353176008630248,0.00515832771210959,0.00393604914311114,"S100A10/LIMS1/THBS1/VCL/CD44/ITGAX/VEGFA/BCL2/RCC2/RAC1/CIB1/ROCK1/ITGA5",13
"GO:0032633","interleukin-4 production","5/334","35/18870",0.000353815717731672,0.00515832771210959,0.00393604914311114,"HLA-DRB1/CEBPB/CD86/RARA/HAVCR2",5
"GO:0032673","regulation of interleukin-4 production","5/334","35/18870",0.000353815717731672,0.00515832771210959,0.00393604914311114,"HLA-DRB1/CEBPB/CD86/RARA/HAVCR2",5
"GO:0051090","regulation of DNA-binding transcription factor activity","18/334","406/18870",0.000356142317851193,0.0051633476639055,0.00393987960485523,"IRAK3/HCLS1/ADAM8/KLF4/TLR2/SGK1/IL18/PRKCH/FZD1/CARD16/IL1B/CLEC7A/HSPA1A/PRNP/CIB1/HAVCR2/ID3/CTNNBIP1",18
"GO:0033674","positive regulation of kinase activity","16/334","337/18870",0.000356707956055647,0.0051633476639055,0.00393987960485523,"HLA-DRB1/EREG/CD86/THBS1/ADAM8/IL18/OSBPL8/VEGFA/CD4/IL1B/TAOK3/PRNP/MAP2K3/PTPN1/CIB1/DVL3",16
"GO:0045806","negative regulation of endocytosis","7/334","75/18870",0.00036174978242878,0.0052176934810813,0.00398134804561062,"FCGR2B/PICALM/PLSCR1/ANXA2/TLR2/RAC1/ARF6",7
"GO:0002705","positive regulation of leukocyte mediated immunity","10/334","151/18870",0.00036509306073307,0.00524724175585508,0.00400389478325404,"CD1E/HLA-DRB1/CD1C/HLA-DRA/TYROBP/CD1D/IL18/IL1B/CLEC7A/NECTIN2",10
"GO:0010761","fibroblast migration","6/334","54/18870",0.000371312763272754,0.00531777607612888,0.00405771582107253,"THBS1/RCC2/RAC1/ZFAND5/BRAF/ZEB2",6
"GO:2001237","negative regulation of extrinsic apoptotic signaling pathway","8/334","99/18870",0.000374927498801546,0.00535063786141784,0.00408279092468103,"THBS1/PEA15/IL1B/BCL2/HMGB2/GCLC/HSPA1A/GSTP1",8
"GO:0030336","negative regulation of cell migration","17/334","373/18870",0.000377265314137717,0.00536510988842164,0.00409383376892563,"SRGAP1/THBS1/TIMP1/VCL/SAP30/KLF4/OSBPL8/IL27RA/BCL2/RAC1/SRGAP2/NFE2L2/SLAMF8/BRAF/ZEB2/EMILIN2/PTGER4",17
"GO:0050729","positive regulation of inflammatory response","10/334","152/18870",0.000384794646058287,0.0054340512211646,0.00414643928156702,"LGALS2/CEBPB/ADAM8/TLR2/IL18/ALOX5AP/IL1B/CASP4/CASP1/PTGER4",10
"GO:1903038","negative regulation of leukocyte cell-cell adhesion","10/334","152/18870",0.000384794646058287,0.0054340512211646,0.00414643928156702,"FCGR2B/HLA-DRB1/ANXA1/CEBPB/CD86/FGL2/KLF4/PRNP/LILRB2/HAVCR2",10
"GO:0043536","positive regulation of blood vessel endothelial cell migration","7/334","76/18870",0.000392496603889496,0.00551862992227766,0.00421097684928688,"ANXA1/HIF1A/THBS1/VEGFA/NFE2L2/MAP2K3/CIB1",7
"GO:0046631","alpha-beta T cell activation","11/334","181/18870",0.000393507043557425,0.00551862992227766,0.00421097684928688,"HLA-DRB1/ANXA1/HLA-DRA/CD86/GPR183/IL18/IL2RG/BCL2/RARA/BRAF/PTGER4",11
"GO:0034446","substrate adhesion-dependent cell spreading","8/334","100/18870",0.000401367821573141,0.00557104034532856,0.00425096849236441,"S100A10/LIMS1/RCC2/RAC1/SRGAP2/BRAF/CIB1/MYADM",8
"GO:0050764","regulation of phagocytosis","8/334","100/18870",0.000401367821573141,0.00557104034532856,0.00425096849236441,"FCGR2B/RAB31/PLSCR1/TLR2/IL2RG/IL1B/CLEC7A/CFP",8
"GO:0071901","negative regulation of protein serine/threonine kinase activity","8/334","100/18870",0.000401367821573141,0.00557104034532856,0.00425096849236441,"PKIB/IRAK3/SLC8A1/IL1B/GSTP1/PTPN1/LATS2/HIPK3",8
"GO:0034329","cell junction assembly","19/334","446/18870",0.000403431488914124,0.00558057278009879,0.00425824219302927,"S100A10/LIMS1/THBS1/VCL/SNAI1/TLR2/CD9/PRKCH/VEGFA/FZD1/IL1B/BCL2/RCC2/RAC1/EPB41L3/SRGAP2/ARF6/ROCK1/ITGA5",19
"GO:1902991","regulation of amyloid precursor protein catabolic process","6/334","55/18870",0.000410655256779729,0.00566117603989198,0.00431974631012834,"PICALM/RTN1/IFNGR1/PRNP/ROCK1/RTN4",6
"GO:0032729","positive regulation of type II interferon production","7/334","77/18870",0.000425298043517299,0.00582342219721491,0.00444354783731801,"HLA-DPB1/HLA-DPA1/IL18/IL27RA/IL1B/CLEC7A/HAVCR2",7
"GO:1903036","positive regulation of response to wounding","7/334","77/18870",0.000425298043517299,0.00582342219721491,0.00444354783731801,"ANXA1/THBS1/CLEC7A/HBEGF/NFE2L2/BRAF/EMILIN2",7
"GO:0045637","regulation of myeloid cell differentiation","12/334","213/18870",0.000431902939460557,0.00589394819405265,0.0044973625239593,"HLA-DRB1/TYROBP/CEBPB/HIF1A/LILRB3/HCLS1/CD4/HMGB2/HSPA1A/RARA/CIB1/CTNNBIP1",12
"GO:0002064","epithelial cell development","12/334","214/18870",0.000450451922228198,0.00608188295649028,0.0046407656774497,"VIM/HIF1A/VCL/MSN/RILPL2/VEGFA/SPINT2/IL1B/RARA/PALLD/ROCK1/MYADM",12
"GO:0001954","positive regulation of cell-matrix adhesion","6/334","56/18870",0.000453177560537889,0.00608188295649028,0.0046407656774497,"S100A10/LIMS1/VEGFA/RAC1/CIB1/ROCK1",6
"GO:0031529","ruffle organization","6/334","56/18870",0.000453177560537889,0.00608188295649028,0.0046407656774497,"PLEK/RCC2/RAC1/ARF6/SNX10/PFN1",6
"GO:0034205","amyloid-beta formation","6/334","56/18870",0.000453177560537889,0.00608188295649028,0.0046407656774497,"PICALM/RTN1/IFNGR1/PRNP/ROCK1/RTN4",6
"GO:0052372","modulation by symbiont of entry into host","6/334","56/18870",0.000453177560537889,0.00608188295649028,0.0046407656774497,"IFITM3/HLA-DRB1/IFITM2/CXCL8/CD4/NECTIN2",6
"GO:2000514","regulation of CD4-positive, alpha-beta T cell activation","7/334","78/18870",0.000460252455356932,0.00614849085007841,0.00469159066514223,"HLA-DRB1/ANXA1/HLA-DRA/CD86/IL18/IL2RG/RARA",7
"GO:0051402","neuron apoptotic process","14/334","278/18870",0.0004611747393101,0.00614849085007841,0.00469159066514223,"FCGR2B/CEBPB/HIF1A/ADAM8/PPT1/IL27RA/GAPDH/FZD1/BCL2/GCLC/PRNP/BRAF/ROCK1/APAF1",14
"GO:0001818","negative regulation of cytokine production","17/334","381/18870",0.000480332364991193,0.00638290844363706,0.00487046242741717,"FCGR2B/HLA-DRB1/ANXA1/IRAK3/TYROBP/IL1R2/THBS1/SRGN/KLF4/IL27RA/CARD16/RAC1/GSTP1/PRNP/RARA/HAVCR2/PTGER4",17
"GO:0032677","regulation of interleukin-8 production","8/334","103/18870",0.000489919152560799,0.00646789031051764,0.00493530762977413,"ANXA1/KLF4/TLR2/LILRA2/IL1B/CLEC7A/HSPA1A/CD58",8
"GO:0045639","positive regulation of myeloid cell differentiation","8/334","103/18870",0.000489919152560799,0.00646789031051764,0.00493530762977413,"HLA-DRB1/TYROBP/HIF1A/HCLS1/CD4/HMGB2/HSPA1A/CTNNBIP1",8
"GO:0032640","tumor necrosis factor production","11/334","186/18870",0.000495432387215984,0.00649834131193004,0.00495854319073602,"IRAK3/TYROBP/THBS1/TLR2/LILRA2/IL27RA/CLEC7A/IFNGR1/GSTP1/RARA/HAVCR2",11
"GO:0032680","regulation of tumor necrosis factor production","11/334","186/18870",0.000495432387215984,0.00649834131193004,0.00495854319073602,"IRAK3/TYROBP/THBS1/TLR2/LILRA2/IL27RA/CLEC7A/IFNGR1/GSTP1/RARA/HAVCR2",11
"GO:0061900","glial cell activation","6/334","57/18870",0.000499054712103482,0.00652473789727553,0.00497868503959263,"CST7/TYROBP/TLR2/IL1B/IFNGR1/ZEB2",6
"GO:0032612","interleukin-1 production","9/334","130/18870",0.000516647651329604,0.00667653563229808,0.00509451392410865,"ANXA1/TYROBP/IL1R2/LILRA2/CARD16/CLEC7A/GSTP1/HAVCR2/CASP1",9
"GO:0032652","regulation of interleukin-1 production","9/334","130/18870",0.000516647651329604,0.00667653563229808,0.00509451392410865,"ANXA1/TYROBP/IL1R2/LILRA2/CARD16/CLEC7A/GSTP1/HAVCR2/CASP1",9
"GO:2001236","regulation of extrinsic apoptotic signaling pathway","10/334","158/18870",0.000522513142739543,0.00667653563229808,0.00509451392410865,"THBS1/PEA15/SKIL/TNFSF12/IL1B/BCL2/HMGB2/GCLC/HSPA1A/GSTP1",10
"GO:0001841","neural tube formation","8/334","104/18870",0.000522727230795944,0.00667653563229808,0.00509451392410865,"HIF1A/RALA/FZD1/SPINT2/RARA/PFN1/DVL3/APAF1",8
"GO:0032637","interleukin-8 production","8/334","104/18870",0.000522727230795944,0.00667653563229808,0.00509451392410865,"ANXA1/KLF4/TLR2/LILRA2/IL1B/CLEC7A/HSPA1A/CD58",8
"GO:0032642","regulation of chemokine production","8/334","104/18870",0.000522727230795944,0.00667653563229808,0.00509451392410865,"HIF1A/KLF4/TLR2/IL18/IL1B/CLEC7A/GSTP1/HAVCR2",8
"GO:0045765","regulation of angiogenesis","16/334","349/18870",0.000522741205463475,0.00667653563229808,0.00509451392410865,"HIF1A/THBS1/ALOX5/CTSH/CXCL8/KLF4/ITGAX/VEGFA/TNFSF12/IL1B/NFE2L2/PKM/ROCK1/AGO2/EMILIN2/ITGA5",16
"GO:0002335","mature B cell differentiation","5/334","38/18870",0.000523843654347591,0.00667653563229808,0.00509451392410865,"FCGR2B/GPR183/IL2RG/DOCK10/SLAMF8",5
"GO:0002837","regulation of immune response to tumor cell","4/334","22/18870",0.000548004369399139,0.00694081784117097,0.00529617380689036,"HLA-DRB1/AHR/HAVCR2/NECTIN2",4
"GO:0045624","positive regulation of T-helper cell differentiation","4/334","22/18870",0.000548004369399139,0.00694081784117097,0.00529617380689036,"ANXA1/CD86/IL18/RARA",4
"GO:0110020","regulation of actomyosin structure organization","8/334","105/18870",0.000557291836073657,0.0070364604722945,0.00536915367891263,"S100A10/RAC1/AKAP13/PFN1/BRAF/ROCK1/WAS/PTGER4",8
"GO:0034655","nucleobase-containing compound catabolic process","20/334","496/18870",0.000573931204163816,0.00722404711327934,0.0055122911991935,"VIM/YBX1/SAMHD1/DPYD/NAF1/RNASE6/HSPA1A/PABPC4/PDE4A/ROCK1/AGO2/UPP1/MGAT1/XIST/TOB1/APAF1/TNFRSF1B/TENT5A/ETF1/TYMP",20
"GO:0071900","regulation of protein serine/threonine kinase activity","14/334","285/18870",0.000589845070423787,0.00740136863909477,0.00564759594885151,"PKIB/IRAK3/THBS1/SLC8A1/ADAM8/VEGFA/IL1B/TAOK3/GSTP1/PTPN1/CIB1/LATS2/HIPK3/DVL3",14
"GO:0010762","regulation of fibroblast migration","5/334","39/18870",0.000592261546293431,0.0074087532318743,0.00565323074402241,"THBS1/RCC2/RAC1/BRAF/ZEB2",5
"GO:0002291","T cell activation via T cell receptor contact with antigen bound to MHC molecule on antigen presenting cell","3/334","10/18870",0.000601313006906566,0.00741115918570096,0.00565506660111143,"FGL2/HLA-DMB/HAVCR2",3
"GO:0002361","CD4-positive, CD25-positive, alpha-beta regulatory T cell differentiation","3/334","10/18870",0.000601313006906566,0.00741115918570096,0.00565506660111143,"HLA-DRB1/HLA-DRA/IL2RG",3
"GO:0045657","positive regulation of monocyte differentiation","3/334","10/18870",0.000601313006906566,0.00741115918570096,0.00565506660111143,"HLA-DRB1/CD4/CTNNBIP1",3
"GO:0031638","zymogen activation","6/334","59/18870",0.000601596686922185,0.00741115918570096,0.00565506660111143,"S100A10/THBS1/CTSH/ANXA2/ENO1/PLAUR",6
"GO:0033619","membrane protein proteolysis","6/334","59/18870",0.000601596686922185,0.00741115918570096,0.00565506660111143,"TIMP1/CTSH/ADAM8/IL1B/ROCK1/TNFRSF1B",6
"GO:0051017","actin filament bundle assembly","10/334","161/18870",0.000605368224868628,0.00743502247088651,0.00567327542157585,"S100A10/PHACTR1/PLEK/RAC1/PFN1/BRAF/ZEB2/ROCK1/WAS/PTGER4",10
"GO:1901342","regulation of vasculature development","16/334","354/18870",0.000609382307754876,0.00744435623655184,0.00568039752827388,"HIF1A/THBS1/ALOX5/CTSH/CXCL8/KLF4/ITGAX/VEGFA/TNFSF12/IL1B/NFE2L2/PKM/ROCK1/AGO2/EMILIN2/ITGA5",16
"GO:0050868","negative regulation of T cell activation","9/334","133/18870",0.000609801695172764,0.00744435623655184,0.00568039752827388,"FCGR2B/HLA-DRB1/ANXA1/CEBPB/CD86/FGL2/PRNP/LILRB2/HAVCR2",9
"GO:0030593","neutrophil chemotaxis","8/334","107/18870",0.000631968203703695,0.007668763861111,0.00585163120857691,"JAML/CXCL8/TREM1/IL1B/CXCL2/RAC1/CXCL3/CKLF",8
"GO:0032231","regulation of actin filament bundle assembly","8/334","107/18870",0.000631968203703695,0.007668763861111,0.00585163120857691,"S100A10/PLEK/RAC1/PFN1/BRAF/ROCK1/WAS/PTGER4",8
"GO:0019058","viral life cycle","15/334","321/18870",0.000637833202344471,0.00771682975851385,0.00588830777215414,"IFITM3/HLA-DRB1/CLEC5A/IFITM2/MRC1/CD86/PLSCR1/CXCL8/CD4/BCL2/CHMP1B/HSPA1A/NECTIN2/DEK/ITGA5",15
"GO:0031589","cell-substrate adhesion","16/334","356/18870",0.000647330700100476,0.007808426569962,0.00595820049152631,"S100A10/LIMS1/THBS1/VCL/CD44/ITGAX/VEGFA/BCL2/RCC2/RAC1/SRGAP2/BRAF/CIB1/ROCK1/MYADM/ITGA5",16
"GO:0007015","actin filament organization","19/334","464/18870",0.000652100775950067,0.00784262446565466,0.00598429511085834,"PSTPIP2/S100A10/COTL1/HCLS1/PHACTR1/ARPC1B/SH3KBP1/BCL2/PLEK/RAC1/ARF6/ARPC5/PFN1/BRAF/ZEB2/ROCK1/MYADM/WAS/PTGER4",19
"GO:0045591","positive regulation of regulatory T cell differentiation","4/334","23/18870",0.000654185047098692,0.00784441418902662,0.00598566075483013,"HLA-DRB1/HLA-DRA/IL2RG/LILRB2",4
"GO:0016052","carbohydrate catabolic process","10/334","163/18870",0.000666420104939053,0.00788345926207968,0.00601545400080255,"GABARAPL1/HIF1A/FBP1/LDHA/PGAM1/GK/IER3/GAPDH/PKM/ENO1",10
"GO:0043524","negative regulation of neuron apoptotic process","10/334","163/18870",0.000666420104939053,0.00788345926207968,0.00601545400080255,"CEBPB/HIF1A/ADAM8/PPT1/IL27RA/FZD1/BCL2/GCLC/BRAF/ROCK1",10
"GO:0090287","regulation of cellular response to growth factor stimulus","16/334","357/18870",0.000667050893203187,0.00788345926207968,0.00601545400080255,"HIF1A/THBS1/SAP30/RBPJ/SKIL/VEGFA/FZD1/IL1B/HSPA1A/PTPN1/ZEB2/CD109/LATS2/TOB1/UBE2D1/ITGA5",16
"GO:0045730","respiratory burst","5/334","40/18870",0.00066716667330208,0.00788345926207968,0.00601545400080255,"PGAM1/CLEC7A/RAC1/NCF2/SLAMF8",5
"GO:0070232","regulation of T cell apoptotic process","5/334","40/18870",0.00066716667330208,0.00788345926207968,0.00601545400080255,"HIF1A/ADAM8/IL7R/BCL2/PRELID1",5
"GO:0051960","regulation of nervous system development","19/334","466/18870",0.000686554143985995,0.00808896495806755,0.00617226461147752,"S100A10/CST7/YWHAH/HIF1A/SEMA6B/ANXA2/TLR2/PRKCH/ITGAX/SKIL/VEGFA/IL1B/HMGB2/HOOK3/RARA/BRAF/RTN4/TNFRSF1B/TYMP",19
"GO:0043434","response to peptide hormone","18/334","430/18870",0.000698438137597586,0.00820512977299425,0.00626090388485647,"AREG/ANXA1/EREG/INSIG1/FBP1/RAB31/TIMP1/TLR2/NR4A3/OSBPL8/IL1B/GCLC/NFE2L2/GNAI2/PKM/PTPN1/BRAF/ROCK1",18
"GO:1903670","regulation of sprouting angiogenesis","6/334","61/18870",0.000719772126659833,0.00843131915997775,0.00643349713455001,"THBS1/ALOX5/KLF4/VEGFA/PKM/ITGA5",6
"GO:0061572","actin filament bundle organization","10/334","165/18870",0.000732467425704047,0.00855530396650865,0.00652810343309113,"S100A10/PHACTR1/PLEK/RAC1/PFN1/BRAF/ZEB2/ROCK1/WAS/PTGER4",10
"GO:0034114","regulation of heterotypic cell-cell adhesion","4/334","24/18870",0.000774154790310186,0.00901623380783673,0.00687981480318005,"CD44/KLF4/IL1B/MYADM",4
"GO:0090303","positive regulation of wound healing","6/334","62/18870",0.000785207352007818,0.00911875472116815,0.00695804313134962,"ANXA1/THBS1/CLEC7A/HBEGF/NFE2L2/EMILIN2",6
"GO:0007229","integrin-mediated signaling pathway","8/334","111/18870",0.000805540949796878,0.00930158823226994,0.007097553787684,"LIMS1/TIMP1/PRAM1/ITGAX/PLEK/RCC2/FYB1/ITGA5",8
"GO:0033209","tumor necrosis factor-mediated signaling pathway","8/334","111/18870",0.000805540949796878,0.00930158823226994,0.007097553787684,"LIMS1/TNFSF13B/CARD16/CASP4/HSPA1A/GSTP1/CASP1/TNFRSF1B",8
"GO:0002604","regulation of dendritic cell antigen processing and presentation","3/334","11/18870",0.000815991483019593,0.00934241096236839,0.00712870347044771,"FCGR2B/THBS1/FGL2",3
"GO:0010764","negative regulation of fibroblast migration","3/334","11/18870",0.000815991483019593,0.00934241096236839,0.00712870347044771,"RAC1/BRAF/ZEB2",3
"GO:0033089","positive regulation of T cell differentiation in thymus","3/334","11/18870",0.000815991483019593,0.00934241096236839,0.00712870347044771,"ADAM8/IL7R/IL2RG",3
"GO:0071634","regulation of transforming growth factor beta production","5/334","42/18870",0.000837971274989134,0.00954016173463752,0.00727959670584883,"TYROBP/HIF1A/THBS1/ADAM8/ATP6AP2",5
"GO:0140467","integrated stress response signaling","5/334","42/18870",0.000837971274989134,0.00954016173463752,0.00727959670584883,"CEBPB/CEBPD/NFE2L3/NFE2L2/PTPN1",5
"GO:0050731","positive regulation of peptidyl-tyrosine phosphorylation","10/334","168/18870",0.000841580420569879,0.00955441300999921,0.00729047110610144,"AREG/HCLS1/CD44/IL18/VEGFA/CD4/HBEGF/PRNP/PTPN1/ITGA5",10
"GO:0002685","regulation of leukocyte migration","12/334","230/18870",0.000851855438937372,0.00964405054193622,0.00735886880211114,"ANXA1/THBS1/CXCL8/MSN/ADAM8/CD9/VEGFA/IL27RA/RAC1/SLAMF8/AKIRIN1/PTGER4",12
"GO:0032757","positive regulation of interleukin-8 production","6/334","63/18870",0.000855141258254045,0.00965428278468982,0.00736667648951879,"TLR2/LILRA2/IL1B/CLEC7A/HSPA1A/CD58",6
"GO:0002520","immune system development","11/334","199/18870",0.000868081071389047,0.00977314606205502,0.0074573748179562,"IRAK3/SAMHD1/IL7R/IL27RA/BCL2/HMGB2/JARID2/BRAF/LILRB2/HAVCR2/RNF168",11
"GO:0008360","regulation of cell shape","9/334","140/18870",0.000881347108934647,0.00989501338646018,0.00755036537702287,"ANXA1/LST1/MSN/VEGFA/SH3KBP1/RAC1/EPB41L3/MYL12B/CDC42SE1",9
"GO:0010954","positive regulation of protein processing","4/334","25/18870",0.000908862254739408,0.0101757423161846,0.00776457488928288,"S100A10/ANXA2/ADAM8/ENO1",4
"GO:0043523","regulation of neuron apoptotic process","12/334","232/18870",0.000918383902303055,0.0102540219174498,0.0078243059445161,"FCGR2B/CEBPB/HIF1A/ADAM8/PPT1/IL27RA/FZD1/BCL2/GCLC/PRNP/BRAF/ROCK1",12
"GO:0001885","endothelial cell development","6/334","64/18870",0.00092977913627453,0.0103527330750568,0.00789962724804676,"VCL/MSN/VEGFA/IL1B/ROCK1/MYADM",6
"GO:0043406","positive regulation of MAP kinase activity","7/334","88/18870",0.000951694902298479,0.0105677244904541,0.0080636759133466,"THBS1/ADAM8/VEGFA/IL1B/TAOK3/PTPN1/DVL3",7
"GO:0060562","epithelial tube morphogenesis","15/334","334/18870",0.000954611554007623,0.0105711492579041,0.00806628917363934,"AREG/HIF1A/CTSH/RBPJ/ITGAX/VEGFA/RALA/FZD1/SPINT2/BCL2/RARA/PFN1/DVL3/APAF1/CTNNBIP1",15
"GO:0001959","regulation of cytokine-mediated signaling pathway","10/334","171/18870",0.00096371428139331,0.0106428718868858,0.00812101694746463,"IRAK3/HIF1A/IL1R2/SAMHD1/CARD16/CASP4/HSPA1A/GSTP1/PTPN1/CASP1",10
"GO:0043903","regulation of biological process involved in symbiotic interaction","6/334","65/18870",0.00100933016077987,0.0110862198960456,0.0084593125442056,"IFITM3/HLA-DRB1/IFITM2/CXCL8/CD4/NECTIN2",6
"GO:0050435","amyloid-beta metabolic process","6/334","65/18870",0.00100933016077987,0.0110862198960456,0.0084593125442056,"PICALM/RTN1/IFNGR1/PRNP/ROCK1/RTN4",6
"GO:0003158","endothelium development","9/334","143/18870",0.00102442361837655,0.0112215916899463,0.00856260765516443,"VCL/MSN/RBPJ/ITGAX/VEGFA/FZD1/IL1B/ROCK1/MYADM",9
"GO:0006509","membrane protein ectodomain proteolysis","5/334","44/18870",0.00103939074485135,0.0112939696752883,0.00861783549703196,"TIMP1/ADAM8/IL1B/ROCK1/TNFRSF1B",5
"GO:0043506","regulation of JUN kinase activity","5/334","44/18870",0.00103939074485135,0.0112939696752883,0.00861783549703196,"TAOK3/GSTP1/PTPN1/HIPK3/DVL3",5
"GO:0097178","ruffle assembly","5/334","44/18870",0.00103939074485135,0.0112939696752883,0.00861783549703196,"RCC2/RAC1/ARF6/SNX10/PFN1",5
"GO:0032956","regulation of actin cytoskeleton organization","15/334","337/18870",0.00104413558667234,0.0113151912641257,0.0086340285776621,"S100A10/COTL1/HCLS1/RALA/PLEK/RAC1/ARF6/AKAP13/ARPC5/PFN1/BRAF/ROCK1/MYADM/WAS/PTGER4",15
"GO:0031579","membrane raft organization","4/334","26/18870",0.00105925835111819,0.0114180162156436,0.00871248890141443,"S100A10/ANXA2/PPT1/MYADM",4
"GO:0098581","detection of external biotic stimulus","4/334","26/18870",0.00105925835111819,0.0114180162156436,0.00871248890141443,"HLA-DRB1/CD1D/TLR2/CLEC7A",4
"GO:0009176","pyrimidine deoxyribonucleoside monophosphate metabolic process","3/334","12/18870",0.00107377109228157,0.0115132122672413,0.00878512801203912,"DPYD/UPP1/TYMP",3
"GO:0043380","regulation of memory T cell differentiation","3/334","12/18870",0.00107377109228157,0.0115132122672413,0.00878512801203912,"HLA-DRB1/HLA-DRA/FGL2",3
"GO:1901653","cellular response to peptide","16/334","374/18870",0.00108975461120094,0.0116537610532914,0.00889237341399354,"FCGR2B/VIM/INSIG1/FBP1/RAB31/NR4A3/OSBPL8/IL1B/CASP4/GCLC/NFE2L2/PRNP/GNAI2/PKM/PTPN1/ROCK1",16
"GO:0050777","negative regulation of immune response","11/334","205/18870",0.00110560735244174,0.0117921752617009,0.00899799003178343,"FCGR2B/HLA-DRB1/ANXA1/IRAK3/FGL2/SAMHD1/IL7R/AHR/IL27RA/SLAMF8/HAVCR2",11
"GO:0031641","regulation of myelination","5/334","45/18870",0.0011525874299606,0.0122288922869904,0.00933122587275902,"CST7/ITGAX/RARA/TNFRSF1B/TYMP",5
"GO:0071604","transforming growth factor beta production","5/334","45/18870",0.0011525874299606,0.0122288922869904,0.00933122587275902,"TYROBP/HIF1A/THBS1/ADAM8/ATP6AP2",5
"GO:0001843","neural tube closure","7/334","91/18870",0.00116000975998189,0.0122755079822627,0.00936679586320407,"RALA/FZD1/SPINT2/RARA/PFN1/DVL3/APAF1",7
"GO:0110053","regulation of actin filament organization","13/334","273/18870",0.00121699969188086,0.0128450514353987,0.00980138457989571,"S100A10/COTL1/HCLS1/PLEK/RAC1/ARF6/ARPC5/PFN1/BRAF/ROCK1/MYADM/WAS/PTGER4",13
"GO:0032753","positive regulation of interleukin-4 production","4/334","27/18870",0.00122629402741989,0.0128760872879088,0.00982506641003445,"CEBPB/CD86/RARA/HAVCR2",4
"GO:1903319","positive regulation of protein maturation","4/334","27/18870",0.00122629402741989,0.0128760872879088,0.00982506641003445,"S100A10/ANXA2/ADAM8/ENO1",4
"GO:0060606","tube closure","7/334","92/18870",0.00123686167248706,0.0129534892986823,0.00988412782202363,"RALA/FZD1/SPINT2/RARA/PFN1/DVL3/APAF1",7
"GO:0031032","actomyosin structure organization","11/334","208/18870",0.00124309099843518,0.0129851747852005,0.00990830535377796,"S100A10/PHACTR1/RAC1/EPB41L3/AKAP13/PFN1/BRAF/ZEB2/ROCK1/WAS/PTGER4",11
"GO:0032970","regulation of actin filament-based process","16/334","379/18870",0.00125065712327114,0.0130306255028738,0.0099429864109609,"S100A10/COTL1/HCLS1/RALA/PLEK/RAC1/ARF6/AKAP13/ARPC5/PFN1/BRAF/ZEB2/ROCK1/MYADM/WAS/PTGER4",16
"GO:0030193","regulation of blood coagulation","6/334","68/18870",0.00127960948496158,0.0132302480677278,0.0100953079130428,"THBS1/ANXA2/CD9/NFE2L2/PLAUR/EMILIN2",6
"GO:0042987","amyloid precursor protein catabolic process","6/334","68/18870",0.00127960948496158,0.0132302480677278,0.0100953079130428,"PICALM/RTN1/IFNGR1/PRNP/ROCK1/RTN4",6
"GO:2000379","positive regulation of reactive oxygen species metabolic process","6/334","68/18870",0.00127960948496158,0.0132302480677278,0.0100953079130428,"TYROBP/THBS1/CLEC7A/NFE2L2/GSTP1/GNAI2",6
"GO:0001837","epithelial to mesenchymal transition","10/334","178/18870",0.0013058809981537,0.0134675208282874,0.0102763583034031,"S100A4/HIF1A/ADAM8/SNAI1/RBPJ/GLIPR2/KBTBD8/IL1B/ROCK1/RTN4",10
"GO:2000106","regulation of leukocyte apoptotic process","7/334","93/18870",0.0013176436778163,0.0135543396603794,0.0103426051975001,"ANXA1/HIF1A/HCLS1/ADAM8/IL7R/BCL2/PRELID1",7
"GO:0001696","gastric acid secretion","3/334","13/18870",0.00137767709424126,0.0140278301061255,0.0107039009055791,"SGK1/HRH2/SNX10",3
"GO:0043379","memory T cell differentiation","3/334","13/18870",0.00137767709424126,0.0140278301061255,0.0107039009055791,"HLA-DRB1/HLA-DRA/FGL2",3
"GO:0051451","myoblast migration","3/334","13/18870",0.00137767709424126,0.0140278301061255,0.0107039009055791,"ANXA1/ROCK1/AKIRIN1",3
"GO:2001198","regulation of dendritic cell differentiation","3/334","13/18870",0.00137767709424126,0.0140278301061255,0.0107039009055791,"FCGR2B/CEBPB/LILRB2",3
"GO:1901224","positive regulation of non-canonical NF-kappaB signal transduction","6/334","69/18870",0.00138097809334914,0.0140278301061255,0.0107039009055791,"CD86/LIMS1/TLR2/IL18/IL1B/HAVCR2",6
"GO:0051492","regulation of stress fiber assembly","7/334","94/18870",0.00140249302202144,0.0142107605456322,0.0108434855228921,"S100A10/RAC1/PFN1/BRAF/ROCK1/WAS/PTGER4",7
"GO:0030278","regulation of ossification","8/334","121/18870",0.00141031146444098,0.0142250034431014,0.0108543535304146,"HIF1A/ALOX5/SRGN/SLC8A1/RBPJ/BCL2/TENT5A/PTGER4",8
"GO:1903672","positive regulation of sprouting angiogenesis","4/334","28/18870",0.00141091818014478,0.0142250034431014,0.0108543535304146,"KLF4/VEGFA/PKM/ITGA5",4
"GO:0051091","positive regulation of DNA-binding transcription factor activity","12/334","244/18870",0.00141494904085995,0.0142302443240829,0.0108583525716248,"IRAK3/HCLS1/ADAM8/TLR2/IL18/PRKCH/FZD1/CARD16/IL1B/CLEC7A/HSPA1A/CIB1",12
"GO:0009913","epidermal cell differentiation","12/334","245/18870",0.00146478507724067,0.0146949849456842,0.011212971748132,"ANXA1/EREG/KLF4/CSTA/RBPJ/PRKCH/MAFF/PALLD/ROCK1/CD109/LATS2/MAFG",12
"GO:0006887","exocytosis","15/334","349/18870",0.00147649474059175,0.0147758844039959,0.0112747018787747,"FCER1A/FCGR2B/S100A10/ANXA1/RAB31/ANXA2/PRAM1/NR4A3/RALA/PLEK/GNAI2/STX11/BRAF/ADGRE2/SYTL3",15
"GO:0002367","cytokine production involved in immune response","8/334","122/18870",0.00148656664280971,0.0148214276332999,0.0113094535267275,"IRAK3/IL18/NR4A3/LITAF/TREM1/IL1B/CLEC7A/TNFRSF1B",8
"GO:1900046","regulation of hemostasis","6/334","70/18870",0.00148835949833532,0.0148214276332999,0.0113094535267275,"THBS1/ANXA2/CD9/NFE2L2/PLAUR/EMILIN2",6
"GO:0002440","production of molecular mediator of immune response","14/334","314/18870",0.00149564556780263,0.0148574791330981,0.0113369625340663,"FCGR2B/IRAK3/CD86/IL18/NR4A3/SAMHD1/LITAF/TREM1/IL27RA/GAPT/IL1B/CLEC7A/RNF168/TNFRSF1B",14
"GO:0035148","tube formation","9/334","151/18870",0.00149984375520308,0.0148627548651298,0.0113409881682838,"HIF1A/VEGFA/RALA/FZD1/SPINT2/RARA/PFN1/DVL3/APAF1",9
"GO:0006953","acute-phase response","5/334","48/18870",0.00154708196222476,0.0152562608099682,0.0116412519016938,"CEBPB/PLSCR1/SERPINA1/IL1B/CD163",5
"GO:0043277","apoptotic cell clearance","5/334","48/18870",0.00154708196222476,0.0152562608099682,0.0116412519016938,"ANXA1/TYROBP/THBS1/RAC1/RARA",5
"GO:0042982","amyloid precursor protein metabolic process","7/334","96/18870",0.00158495326362801,0.0155747600198955,0.0118842819324095,"PICALM/RTN1/IFNGR1/PRNP/ROCK1/RTN4/AGO2",7
"GO:0048872","homeostasis of number of cells","14/334","316/18870",0.00158706535608607,0.0155747600198955,0.0118842819324095,"ANXA1/LGALS2/HIF1A/GPR183/HCLS1/TNFSF13B/IL7R/SKIL/VEGFA/GAPT/BCL2/HMGB2/DOCK10/HSPA1A",14
"GO:0001778","plasma membrane repair","4/334","29/18870",0.00161407568959559,0.0155758304045975,0.0118850986867966,"S100A10/ANXA2/AHNAK/CHMP1B",4
"GO:0002418","immune response to tumor cell","4/334","29/18870",0.00161407568959559,0.0155758304045975,0.0118850986867966,"HLA-DRB1/AHR/HAVCR2/NECTIN2",4
"GO:0009264","deoxyribonucleotide catabolic process","4/334","29/18870",0.00161407568959559,0.0155758304045975,0.0118850986867966,"SAMHD1/DPYD/UPP1/TYMP",4
"GO:0046386","deoxyribose phosphate catabolic process","4/334","29/18870",0.00161407568959559,0.0155758304045975,0.0118850986867966,"SAMHD1/DPYD/UPP1/TYMP",4
"GO:0097066","response to thyroid hormone","4/334","29/18870",0.00161407568959559,0.0155758304045975,0.0118850986867966,"CTSH/CTSS/GCLC/KLF9",4
"GO:1901186","positive regulation of ERBB signaling pathway","4/334","29/18870",0.00161407568959559,0.0155758304045975,0.0118850986867966,"RBPJ/RALA/PLAUR/RTN4",4
"GO:1902430","negative regulation of amyloid-beta formation","4/334","29/18870",0.00161407568959559,0.0155758304045975,0.0118850986867966,"RTN1/PRNP/ROCK1/RTN4",4
"GO:1902903","regulation of supramolecular fiber organization","16/334","389/18870",0.00163322575984778,0.0157231924101261,0.0119975428989443,"S100A10/COTL1/HCLS1/PLEK/RAC1/ARF6/AKAP13/HSPA1A/ARPC5/PFN1/BRAF/CIB1/ROCK1/MYADM/WAS/PTGER4",16
"GO:0043535","regulation of blood vessel endothelial cell migration","9/334","153/18870",0.00164281216918906,0.0157244765650907,0.0119985227701992,"ANXA1/HIF1A/THBS1/KLF4/VEGFA/NFE2L2/MAP2K3/CIB1/PRCP",9
"GO:0002761","regulation of myeloid leukocyte differentiation","8/334","124/18870",0.00164887800152073,0.0157244765650907,0.0119985227701992,"HLA-DRB1/TYROBP/CEBPB/LILRB3/HCLS1/CD4/RARA/CTNNBIP1",8
"GO:0038127","ERBB signaling pathway","8/334","124/18870",0.00164887800152073,0.0157244765650907,0.0119985227701992,"AREG/EREG/RBPJ/RALA/HBEGF/BRAF/PLAUR/RTN4",8
"GO:0045446","endothelial cell differentiation","8/334","124/18870",0.00164887800152073,0.0157244765650907,0.0119985227701992,"VCL/MSN/RBPJ/VEGFA/FZD1/IL1B/ROCK1/MYADM",8
"GO:0002673","regulation of acute inflammatory response","5/334","49/18870",0.00169828403179322,0.0160558752095252,0.0122513956823626,"FCGR2B/ADAM8/ALOX5AP/IL1B/GSTP1",5
"GO:0046596","regulation of viral entry into host cell","5/334","49/18870",0.00169828403179322,0.0160558752095252,0.0122513956823626,"IFITM3/HLA-DRB1/IFITM2/CD4/NECTIN2",5
"GO:0032722","positive regulation of chemokine production","6/334","72/18870",0.00172208257940699,0.0160558752095252,0.0122513956823626,"HIF1A/TLR2/IL18/IL1B/CLEC7A/HAVCR2",6
"GO:0042130","negative regulation of T cell proliferation","6/334","72/18870",0.00172208257940699,0.0160558752095252,0.0122513956823626,"HLA-DRB1/CEBPB/CD86/PRNP/LILRB2/HAVCR2",6
"GO:0050766","positive regulation of phagocytosis","6/334","72/18870",0.00172208257940699,0.0160558752095252,0.0122513956823626,"FCGR2B/RAB31/IL2RG/IL1B/CLEC7A/CFP",6
"GO:0009159","deoxyribonucleoside monophosphate catabolic process","3/334","14/18870",0.00173053431003269,0.0160558752095252,0.0122513956823626,"DPYD/UPP1/TYMP",3
"GO:0090715","immunological memory formation process","3/334","14/18870",0.00173053431003269,0.0160558752095252,0.0122513956823626,"HLA-DRB1/HLA-DRA/FGL2",3
"GO:1901029","negative regulation of mitochondrial outer membrane permeabilization involved in apoptotic signaling pathway","3/334","14/18870",0.00173053431003269,0.0160558752095252,0.0122513956823626,"IER3/GCLC/HSPA1A",3
"GO:1902043","positive regulation of extrinsic apoptotic signaling pathway via death domain receptors","3/334","14/18870",0.00173053431003269,0.0160558752095252,0.0122513956823626,"THBS1/PEA15/SKIL",3
"GO:1903265","positive regulation of tumor necrosis factor-mediated signaling pathway","3/334","14/18870",0.00173053431003269,0.0160558752095252,0.0122513956823626,"CASP4/HSPA1A/CASP1",3
"GO:0043542","endothelial cell migration","13/334","284/18870",0.00173143619800063,0.0160558752095252,0.0122513956823626,"ANXA1/HIF1A/THBS1/KLF4/VEGFA/TNFSF12/RAC1/NFE2L2/LGALS8/MAP2K3/CIB1/ZEB2/PRCP",13
"GO:0001838","embryonic epithelial tube formation","8/334","125/18870",0.00173512789088873,0.0160558752095252,0.0122513956823626,"HIF1A/RALA/FZD1/SPINT2/RARA/PFN1/DVL3/APAF1",8
"GO:0002698","negative regulation of immune effector process","8/334","125/18870",0.00173512789088873,0.0160558752095252,0.0122513956823626,"FCGR2B/ANXA1/IRAK3/FGL2/IL7R/AHR/SLAMF8/HAVCR2",8
"GO:0002275","myeloid cell activation involved in immune response","7/334","98/18870",0.00178538187388561,0.0164832636329348,0.0125775133568539,"FCER1A/TYROBP/PRAM1/NR4A3/LILRA2/ADGRE2/HAVCR2",7
"GO:0045807","positive regulation of endocytosis","9/334","155/18870",0.00179651101390895,0.0165483162258476,0.0126271515762308,"FCGR2B/RAB31/ANXA2/PPT1/VEGFA/IL2RG/IL1B/CLEC7A/CFP",9
"GO:0050818","regulation of coagulation","6/334","73/18870",0.00184889238990163,0.0169922014881436,0.0129658571226423,"THBS1/ANXA2/CD9/NFE2L2/PLAUR/EMILIN2",6
"GO:0030865","cortical cytoskeleton organization","5/334","50/18870",0.00186004826070129,0.0170560533950731,0.0130145791615632,"PLEK/RAC1/EPB41L3/ARF6/ROCK1",5
"GO:0016032","viral process","17/334","432/18870",0.0018900397497082,0.0172919438048924,0.0131945747526261,"IFITM3/HLA-DRB1/CLEC5A/IFITM2/MRC1/CD86/PLSCR1/CXCL8/CD4/BCL2/CHMP1B/HSPA1A/MGAT1/MGAT4A/NECTIN2/DEK/ITGA5",17
"GO:0043407","negative regulation of MAP kinase activity","5/334","51/18870",0.00203280517729898,0.0185562148279117,0.0141592736152309,"IRAK3/IL1B/GSTP1/PTPN1/HIPK3",5
"GO:0072659","protein localization to plasma membrane","13/334","290/18870",0.00208058241211914,0.0189496640816155,0.0144594940906116,"S100A10/PICALM/RAB31/RILPL2/PRAM1/PRKCH/EPB41L3/ARF6/PRNP/ATP1B3/CIB1/ROCK1/FYB1",13
"GO:0002708","positive regulation of lymphocyte mediated immunity","8/334","129/18870",0.00211641138801598,0.0191863684136096,0.0146401107429675,"CD1E/HLA-DRB1/CD1C/HLA-DRA/CD1D/IL18/IL1B/NECTIN2",8
"GO:0032755","positive regulation of interleukin-6 production","7/334","101/18870",0.00212228508090597,0.0191863684136096,0.0146401107429675,"EREG/TYROBP/TLR2/LILRA2/IL1B/CLEC7A/LILRB2",7
"GO:0061045","negative regulation of wound healing","6/334","75/18870",0.00212359889631343,0.0191863684136096,0.0146401107429675,"THBS1/ALOX5/ANXA2/CD9/PLAUR/CD109",6
"GO:0031400","negative regulation of protein modification process","17/334","437/18870",0.00213129020505256,0.0191863684136096,0.0146401107429675,"PKIB/IRAK3/GNAQ/SLC8A1/IL1B/GCLC/HSPA1A/GSTP1/PRNP/PTPN1/CIB1/ROCK1/MYADM/CD109/LATS2/HIPK3/DCUN1D3",17
"GO:0010889","regulation of sequestering of triglyceride","3/334","15/18870",0.00213497462485515,0.0191863684136096,0.0146401107429675,"PLIN2/OSBPL8/ABHD5",3
"GO:0032725","positive regulation of granulocyte macrophage colony-stimulating factor production","3/334","15/18870",0.00213497462485515,0.0191863684136096,0.0146401107429675,"IL18/LILRA2/IL1B",3
"GO:0042326","negative regulation of phosphorylation","14/334","327/18870",0.00217719376853032,0.0195224919111801,0.0148965889425759,"PKIB/IRAK3/GNAQ/SLC8A1/IL1B/GSTP1/PRNP/PTPN1/CIB1/ROCK1/MYADM/CD109/LATS2/HIPK3",14
"GO:0002700","regulation of production of molecular mediator of immune response","10/334","191/18870",0.00220153102072961,0.0196971417814948,0.0150298550921427,"FCGR2B/IRAK3/CD86/IL18/NR4A3/LITAF/IL27RA/IL1B/CLEC7A/TNFRSF1B",10
"GO:0006968","cellular defense response","5/334","52/18870",0.00221698757872268,0.0197433889269671,0.0150651438615786,"CLEC5A/TYROBP/MNDA/NCF2/LILRB2",5
"GO:0042176","regulation of protein catabolic process","15/334","364/18870",0.0022192447954294,0.0197433889269671,0.0150651438615786,"IRAK3/CST3/TIMP1/ANXA2/MSN/ADAM8/IER3/TNFSF12/IL1B/GCLC/NFE2L2/HSPA1A/TIPARP/ROCK1/TNFRSF1B",15
"GO:0010595","positive regulation of endothelial cell migration","8/334","130/18870",0.00222131392812657,0.0197433889269671,0.0150651438615786,"ANXA1/HIF1A/THBS1/VEGFA/RAC1/NFE2L2/MAP2K3/CIB1",8
"GO:0008630","intrinsic apoptotic signaling pathway in response to DNA damage","7/334","102/18870",0.00224485765221762,0.0198655197913493,0.01515833551417,"CD44/SNAI1/SKIL/IER3/BCL2/TMEM109/TNFRSF1B",7
"GO:0070167","regulation of biomineral tissue development","7/334","102/18870",0.00224485765221762,0.0198655197913493,0.01515833551417,"CEBPB/HIF1A/ALOX5/SRGN/SLC8A1/ROCK1/TENT5A",7
"GO:1901655","cellular response to ketone","7/334","103/18870",0.0023728219178176,0.0209521726207292,0.0159875032554709,"FBP1/MSN/SGK1/AHR/NCOA4/KLF9/PTGER4",7
"GO:0021915","neural tube development","9/334","162/18870",0.00242732007787122,0.0213868005991566,0.0163191450544294,"HIF1A/RALA/FZD1/SPINT2/ATP6AP2/RARA/PFN1/DVL3/APAF1",9
"GO:0048762","mesenchymal cell differentiation","12/334","262/18870",0.00255939913203178,0.0225016153625267,0.0171698016894837,"S100A4/HIF1A/SEMA6B/ADAM8/SNAI1/RBPJ/GLIPR2/KBTBD8/IL1B/BCL2/ROCK1/RTN4",12
"GO:0010827","regulation of glucose transmembrane transport","6/334","78/18870",0.00259201866217727,0.0225562867094029,0.0172115185248681,"PEA15/NR4A3/OSBPL8/IL1B/NFE2L2/BRAF",6
"GO:0046209","nitric oxide metabolic process","6/334","78/18870",0.00259201866217727,0.0225562867094029,0.0172115185248681,"KLF4/TLR2/IL1B/CLEC7A/RAC1/ASL",6
"GO:0032535","regulation of cellular component size","15/334","370/18870",0.00259269224185946,0.0225562867094029,0.0172115185248681,"PICALM/SEMA6B/COTL1/HCLS1/MSN/IL7R/VEGFA/PLEK/RAC1/ARF6/ARPC5/PFN1/RTN4/MYADM/WAS",15
"GO:0016045","detection of bacterium","3/334","16/18870",0.00259344426513244,0.0225562867094029,0.0172115185248681,"HLA-DRB1/CD1D/TLR2",3
"GO:0051044","positive regulation of membrane protein ectodomain proteolysis","3/334","16/18870",0.00259344426513244,0.0225562867094029,0.0172115185248681,"ADAM8/IL1B/TNFRSF1B",3
"GO:0003382","epithelial cell morphogenesis","4/334","33/18870",0.00263069614187217,0.0228312879293531,0.0174213575224173,"RILPL2/SPINT2/PALLD/ROCK1",4
"GO:0008154","actin polymerization or depolymerization","10/334","196/18870",0.00265593753265418,0.0229520571851757,0.0175135102029806,"PSTPIP2/COTL1/HCLS1/PLEK/RAC1/ARF6/ARPC5/PFN1/MYADM/WAS",10
"GO:0043123","positive regulation of canonical NF-kappaB signal transduction","10/334","196/18870",0.00265593753265418,0.0229520571851757,0.0175135102029806,"S100A4/HLA-DRB1/LITAF/GAPDH/CD4/CARD16/IL1B/CLEC7A/AKAP13/CASP1",10
"GO:2001057","reactive nitrogen species metabolic process","6/334","79/18870",0.00276417410245234,0.0238365907175305,0.0181884513169204,"KLF4/TLR2/IL1B/CLEC7A/RAC1/ASL",6
"GO:0070371","ERK1 and ERK2 cascade","14/334","336/18870",0.00278571666012178,0.0239121246871392,0.0182460873247406,"HLA-DRB1/CTSH/GPR183/CD44/GLIPR2/CD4/IL1B/GSTP1/GNAI2/PTPN1/BRAF/CIB1/HAVCR2/PTGER4",14
"GO:0007249","canonical NF-kappaB signal transduction","13/334","300/18870",0.00279031549433953,0.0239121246871392,0.0182460873247406,"S100A4/HLA-DRB1/TLR2/LITAF/GAPDH/CD4/CARD16/IL1B/CLEC7A/AKAP13/GSTP1/ROCK1/CASP1",13
"GO:0032760","positive regulation of tumor necrosis factor production","7/334","106/18870",0.00279063285887412,0.0239121246871392,0.0182460873247406,"TYROBP/THBS1/TLR2/LILRA2/CLEC7A/IFNGR1/HAVCR2",7
"GO:0034976","response to endoplasmic reticulum stress","12/334","266/18870",0.00289568784983086,0.0247599638298829,0.0188930288758674,"FCGR2B/CEBPB/THBS1/ALOX5/CXCL8/BCL2/MAN1A1/CASP4/NFE2L2/HSPA1A/PTPN1/APAF1",12
"GO:0035456","response to interferon-beta","4/334","34/18870",0.00294043015168772,0.0250368979092234,0.0191043427369715,"IFITM3/IFITM2/MNDA/PLSCR1",4
"GO:0070528","protein kinase C signaling","4/334","34/18870",0.00294043015168772,0.0250368979092234,0.0191043427369715,"PRKCH/VEGFA/PLEK/MYADM",4
"GO:0030041","actin filament polymerization","9/334","167/18870",0.00297698346848269,0.0252949978988687,0.0193012852927334,"PSTPIP2/COTL1/HCLS1/RAC1/ARF6/ARPC5/PFN1/MYADM/WAS",9
"GO:0045936","negative regulation of phosphate metabolic process","15/334","376/18870",0.00301672877569538,0.0255790831127476,0.0195180558092777,"PKIB/IRAK3/GNAQ/SLC8A1/IL1B/PLEK/GSTP1/PRNP/PTPN1/CIB1/ROCK1/MYADM/CD109/LATS2/HIPK3",15
"GO:0072175","epithelial tube formation","8/334","137/18870",0.00307483042726108,0.0260173021329627,0.0198524377437491,"HIF1A/RALA/FZD1/SPINT2/RARA/PFN1/DVL3/APAF1",8
"GO:0010563","negative regulation of phosphorus metabolic process","15/334","377/18870",0.00309266894420151,0.0260280549602481,0.0198606426618902,"PKIB/IRAK3/GNAQ/SLC8A1/IL1B/PLEK/GSTP1/PRNP/PTPN1/CIB1/ROCK1/MYADM/CD109/LATS2/HIPK3",15
"GO:0030889","negative regulation of B cell proliferation","3/334","17/18870",0.00310821085634347,0.0260280549602481,0.0198606426618902,"FCGR2B/TYROBP/MNDA",3
"GO:0031643","positive regulation of myelination","3/334","17/18870",0.00310821085634347,0.0260280549602481,0.0198606426618902,"CST7/ITGAX/TNFRSF1B",3
"GO:1901163","regulation of trophoblast cell migration","3/334","17/18870",0.00310821085634347,0.0260280549602481,0.0198606426618902,"TIMP1/VEGFA/AGO2",3
"GO:1903729","regulation of plasma membrane organization","3/334","17/18870",0.00310821085634347,0.0260280549602481,0.0198606426618902,"S100A10/ANXA2/AHNAK",3
"GO:0001933","negative regulation of protein phosphorylation","13/334","304/18870",0.00312468031370596,0.0261120191988665,0.0199247113655303,"PKIB/IRAK3/GNAQ/SLC8A1/IL1B/GSTP1/PRNP/PTPN1/CIB1/MYADM/CD109/LATS2/HIPK3",13
"GO:0034250","positive regulation of amide metabolic process","9/334","169/18870",0.00322256528912583,0.0268746031210432,0.020506599132449,"VIM/PICALM/THBS1/YBX1/IFNGR1/NFE2L2/PKM/AGO2/TOB1",9
"GO:0030224","monocyte differentiation","4/334","35/18870",0.00327418685284333,0.0271931953167501,0.0207497001157328,"HLA-DRB1/VEGFA/CD4/CTNNBIP1",4
"GO:0030947","regulation of vascular endothelial growth factor receptor signaling pathway","4/334","35/18870",0.00327418685284333,0.0271931953167501,0.0207497001157328,"HIF1A/IL1B/PTPN1/ITGA5",4
"GO:0002444","myeloid leukocyte mediated immunity","7/334","110/18870",0.00343283296933315,0.0283944327034842,0.0216663013187987,"FCER1A/FCGR2B/TYROBP/PRAM1/NR4A3/TREM1/ADGRE2",7
"GO:0042116","macrophage activation","7/334","110/18870",0.00343283296933315,0.0283944327034842,0.0216663013187987,"FCGR2B/CST7/TYROBP/THBS1/TLR2/IFNGR1/HAVCR2",7
"GO:0030856","regulation of epithelial cell differentiation","9/334","171/18870",0.00348383494120418,0.0287576028853372,0.0219434174236422,"CEBPB/VCL/PRKCH/VEGFA/IL1B/MAFF/ROCK1/CD109/MAFG",9
"GO:0018209","peptidyl-serine modification","13/334","308/18870",0.00349101733767644,0.0287583196536638,0.0219439643519328,"HCLS1/CD44/GALNT3/SGK1/PRKCH/VEGFA/RPS6KA3/BCL2/STK38L/BRAF/ROCK1/LATS2/HIPK3",13
"GO:0071902","positive regulation of protein serine/threonine kinase activity","8/334","140/18870",0.00351054890915499,0.0288605572592397,0.0220219765028235,"THBS1/ADAM8/VEGFA/IL1B/TAOK3/PTPN1/CIB1/DVL3",8
"GO:0045428","regulation of nitric oxide biosynthetic process","5/334","58/18870",0.00358642280472267,0.0291988134905026,0.0222800820795763,"KLF4/IL1B/CLEC7A/RAC1/ASL",5
"GO:0048008","platelet-derived growth factor receptor signaling pathway","5/334","58/18870",0.00358642280472267,0.0291988134905026,0.0222800820795763,"NR4A3/VEGFA/TIPARP/ZFAND5/PTPN1",5
"GO:0070231","T cell apoptotic process","5/334","58/18870",0.00358642280472267,0.0291988134905026,0.0222800820795763,"HIF1A/ADAM8/IL7R/BCL2/PRELID1",5
"GO:0045589","regulation of regulatory T cell differentiation","4/334","36/18870",0.00363283742262859,0.0291988134905026,0.0222800820795763,"HLA-DRB1/HLA-DRA/IL2RG/LILRB2",4
"GO:0045920","negative regulation of exocytosis","4/334","36/18870",0.00363283742262859,0.0291988134905026,0.0222800820795763,"FCGR2B/ANXA1/GNAI2/BRAF",4
"GO:0002827","positive regulation of T-helper 1 type immune response","3/334","18/18870",0.00368137026736907,0.0291988134905026,0.0222800820795763,"IL18/IL27RA/IL1B",3
"GO:0002830","positive regulation of type 2 immune response","3/334","18/18870",0.00368137026736907,0.0291988134905026,0.0222800820795763,"CD86/IL18/RARA",3
"GO:0006735","NADH regeneration","3/334","18/18870",0.00368137026736907,0.0291988134905026,0.0222800820795763,"PGAM1/PKM/ENO1",3
"GO:0009125","nucleoside monophosphate catabolic process","3/334","18/18870",0.00368137026736907,0.0291988134905026,0.0222800820795763,"DPYD/UPP1/TYMP",3
"GO:0030949","positive regulation of vascular endothelial growth factor receptor signaling pathway","3/334","18/18870",0.00368137026736907,0.0291988134905026,0.0222800820795763,"HIF1A/IL1B/ITGA5",3
"GO:0032604","granulocyte macrophage colony-stimulating factor production","3/334","18/18870",0.00368137026736907,0.0291988134905026,0.0222800820795763,"IL18/LILRA2/IL1B",3
"GO:0032645","regulation of granulocyte macrophage colony-stimulating factor production","3/334","18/18870",0.00368137026736907,0.0291988134905026,0.0222800820795763,"IL18/LILRA2/IL1B",3
"GO:0038128","ERBB2 signaling pathway","3/334","18/18870",0.00368137026736907,0.0291988134905026,0.0222800820795763,"AREG/EREG/HBEGF",3
"GO:0060263","regulation of respiratory burst","3/334","18/18870",0.00368137026736907,0.0291988134905026,0.0222800820795763,"CLEC7A/RAC1/SLAMF8",3
"GO:0061450","trophoblast cell migration","3/334","18/18870",0.00368137026736907,0.0291988134905026,0.0222800820795763,"TIMP1/VEGFA/AGO2",3
"GO:0061621","canonical glycolysis","3/334","18/18870",0.00368137026736907,0.0291988134905026,0.0222800820795763,"PGAM1/PKM/ENO1",3
"GO:0061718","glucose catabolic process to pyruvate","3/334","18/18870",0.00368137026736907,0.0291988134905026,0.0222800820795763,"PGAM1/PKM/ENO1",3
"GO:0090713","immunological memory process","3/334","18/18870",0.00368137026736907,0.0291988134905026,0.0222800820795763,"HLA-DRB1/HLA-DRA/FGL2",3
"GO:0002823","negative regulation of adaptive immune response based on somatic recombination of immune receptors built from immunoglobulin superfamily domains","5/334","59/18870",0.00386279559340791,0.0305779502735981,0.0233324289749844,"FCGR2B/IL7R/AHR/IL27RA/HAVCR2",5
"GO:0002218","activation of innate immune response","12/334","276/18870",0.00389535025254468,0.0307755449777068,0.0234832031229635,"IRAK3/TYROBP/MNDA/TLR2/LILRA2/CTSS/RPS6KA3/CLEC7A/HSPA1A/RTN4/HAVCR2/CASP1",12
"GO:0009895","negative regulation of catabolic process","14/334","349/18870",0.00390563026014467,0.0307967304365104,0.0234993686346612,"IRAK3/FBP1/CST3/TIMP1/ANXA2/YBX1/IER3/IL1B/BCL2/NAF1/STK38L/ROCK1/TOB1/TENT5A",14
"GO:1901222","regulation of non-canonical NF-kappaB signal transduction","7/334","113/18870",0.00398405023567059,0.0313540885537338,0.0239246593610632,"CD86/LIMS1/TLR2/IL18/LITAF/IL1B/HAVCR2",7
"GO:1903900","regulation of viral life cycle","8/334","143/18870",0.00399266569386712,0.0313609962349679,0.0239299302500644,"IFITM3/HLA-DRB1/IFITM2/PLSCR1/CXCL8/CD4/BCL2/NECTIN2",8
"GO:0048261","negative regulation of receptor-mediated endocytosis","4/334","37/18870",0.00401723721082438,0.0314929640531358,0.0240306279657987,"PICALM/ANXA2/RAC1/ARF6",4
"GO:0002763","positive regulation of myeloid leukocyte differentiation","5/334","60/18870",0.00415408298419796,0.0322538282278819,0.0246112034837137,"HLA-DRB1/TYROBP/HCLS1/CD4/CTNNBIP1",5
"GO:0010803","regulation of tumor necrosis factor-mediated signaling pathway","5/334","60/18870",0.00415408298419796,0.0322538282278819,0.0246112034837137,"CARD16/CASP4/HSPA1A/GSTP1/CASP1",5
"GO:0045604","regulation of epidermal cell differentiation","5/334","60/18870",0.00415408298419796,0.0322538282278819,0.0246112034837137,"PRKCH/MAFF/ROCK1/CD109/MAFG",5
"GO:0070228","regulation of lymphocyte apoptotic process","5/334","60/18870",0.00415408298419796,0.0322538282278819,0.0246112034837137,"HIF1A/ADAM8/IL7R/BCL2/PRELID1",5
"GO:0080164","regulation of nitric oxide metabolic process","5/334","60/18870",0.00415408298419796,0.0322538282278819,0.0246112034837137,"KLF4/IL1B/CLEC7A/RAC1/ASL",5
"GO:0050852","T cell receptor signaling pathway","8/334","144/18870",0.00416422868543043,0.032270781763001,0.0246241398365595,"HLA-DRB1/HLA-DQB1/HLA-DPB1/PRAM1/PRNP/BRAF/FYB1/NECTIN2",8
"GO:0008625","extrinsic apoptotic signaling pathway via death domain receptors","6/334","86/18870",0.00421934616642231,0.0326355152910489,0.0249024488488324,"THBS1/PEA15/SKIL/BCL2/HMGB2/DAPK1",6
"GO:0050767","regulation of neurogenesis","15/334","390/18870",0.00423164519534591,0.0326683009080705,0.0249274658324337,"S100A10/YWHAH/HIF1A/SEMA6B/ANXA2/TLR2/PRKCH/SKIL/VEGFA/IL1B/HMGB2/HOOK3/BRAF/RTN4/TNFRSF1B",15
"GO:0002283","neutrophil activation involved in immune response","3/334","19/18870",0.00431485324705588,0.0330670169198625,0.0252317050944865,"TYROBP/PRAM1/LILRA2",3
"GO:0002523","leukocyte migration involved in inflammatory response","3/334","19/18870",0.00431485324705588,0.0330670169198625,0.0252317050944865,"ALOX5/ADAM8/SLAMF8",3
"GO:0009223","pyrimidine deoxyribonucleotide catabolic process","3/334","19/18870",0.00431485324705588,0.0330670169198625,0.0252317050944865,"DPYD/UPP1/TYMP",3
"GO:1990778","protein localization to cell periphery","14/334","353/18870",0.00431592695549156,0.0330670169198625,0.0252317050944865,"S100A10/PICALM/RAB31/RILPL2/PRAM1/PRKCH/EPB41L3/ARF6/PRNP/ATP1B3/CIB1/ROCK1/MYADM/FYB1",14
"GO:0045732","positive regulation of protein catabolic process","10/334","210/18870",0.00433760349648885,0.0331370404810817,0.0252851363988775,"MSN/ADAM8/IER3/TNFSF12/IL1B/GCLC/NFE2L2/HSPA1A/TIPARP/TNFRSF1B",10
"GO:0042552","myelination","8/334","145/18870",0.00434141833097814,0.0331370404810817,0.0252851363988775,"CST7/TLR2/CD9/ITGAX/EPB41L3/RARA/TNFRSF1B/TYMP",8
"GO:0051051","negative regulation of transport","17/334","469/18870",0.00436503309988707,0.0332194673115083,0.0253480319870171,"FCGR2B/ANXA1/INSIG1/PICALM/THBS1/PLSCR1/ANXA2/PEA15/TLR2/IL1B/BCL2/RAC1/ARF6/GNAI2/BRAF/LILRB2/TNFRSF1B",17
"GO:0030216","keratinocyte differentiation","9/334","177/18870",0.00436860993758547,0.0332194673115083,0.0253480319870171,"ANXA1/EREG/CSTA/RBPJ/PRKCH/PALLD/ROCK1/CD109/LATS2",9
"GO:0048259","regulation of receptor-mediated endocytosis","7/334","115/18870",0.00438716082436907,0.0332734989178946,0.0253892606700103,"PICALM/ANXA2/PPT1/VEGFA/RALA/RAC1/ARF6",7
"GO:0045429","positive regulation of nitric oxide biosynthetic process","4/334","38/18870",0.00442822468805694,0.0332734989178946,0.0253892606700103,"KLF4/IL1B/CLEC7A/ASL",4
"GO:0072529","pyrimidine-containing compound catabolic process","4/334","38/18870",0.00442822468805694,0.0332734989178946,0.0253892606700103,"TET2/DPYD/UPP1/TYMP",4
"GO:1902229","regulation of intrinsic apoptotic signaling pathway in response to DNA damage","4/334","38/18870",0.00442822468805694,0.0332734989178946,0.0253892606700103,"CD44/SNAI1/SKIL/BCL2",4
"GO:0001701","in utero embryonic development","15/334","392/18870",0.00443392995755411,0.0332734989178946,0.0253892606700103,"CEBPB/HIF1A/KLF4/SNAI1/RBPJ/SKIL/VEGFA/SPINT2/MAFF/TAF10/ZFAND5/RTN4/LATS2/MGAT1/MAFG",15
"GO:0043588","skin development","13/334","317/18870",0.00444366899152226,0.0332734989178946,0.0253892606700103,"ANXA1/EREG/KLF4/CSTA/SNAI1/RBPJ/IL18/PRKCH/BCL2/PALLD/ROCK1/CD109/LATS2",13
"GO:0032233","positive regulation of actin filament bundle assembly","5/334","61/18870",0.00446071788219244,0.0332734989178946,0.0253892606700103,"S100A10/PLEK/RAC1/PFN1/BRAF",5
"GO:0046456","icosanoid biosynthetic process","5/334","61/18870",0.00446071788219244,0.0332734989178946,0.0253892606700103,"ANXA1/ALOX5/ALOX5AP/IL1B/CASP1",5
"GO:0048010","vascular endothelial growth factor receptor signaling pathway","5/334","61/18870",0.00446071788219244,0.0332734989178946,0.0253892606700103,"HIF1A/VEGFA/IL1B/PTPN1/ITGA5",5
"GO:1905517","macrophage migration","5/334","61/18870",0.00446071788219244,0.0332734989178946,0.0253892606700103,"THBS1/CD9/CKLF/SLAMF8/AKIRIN1",5
"GO:0033077","T cell differentiation in thymus","6/334","87/18870",0.00446602107360835,0.0332734989178946,0.0253892606700103,"ADAM8/IL7R/IL2RG/IL1B/BCL2/BRAF",6
"GO:1901136","carbohydrate derivative catabolic process","9/334","178/18870",0.00453171384560254,0.0337009838829855,0.0257154520103916,"CST3/CD44/SAMHD1/DPYD/MAN1A1/PDE4A/UPP1/MGAT1/TYMP",9
"GO:0046634","regulation of alpha-beta T cell activation","7/334","116/18870",0.00459991386337842,0.0341455144473859,0.0260546499529705,"HLA-DRB1/ANXA1/HLA-DRA/CD86/IL18/IL2RG/RARA",7
"GO:0022604","regulation of cell morphogenesis","11/334","247/18870",0.00469683254969261,0.0346686549271737,0.0264538309961526,"ANXA1/LST1/MSN/CD44/VEGFA/SH3KBP1/RAC1/EPB41L3/MYL12B/CDC42SE1/DVL3",11
"GO:0045926","negative regulation of growth","11/334","247/18870",0.00469683254969261,0.0346686549271737,0.0264538309961526,"HIF1A/FBP1/SEMA6B/PLAC8/PPT1/BCL2/HSPA1A/JARID2/ENO1/RTN4/DCUN1D3",11
"GO:0006469","negative regulation of protein kinase activity","9/334","179/18870",0.00469952387039511,0.0346686549271737,0.0264538309961526,"PKIB/IRAK3/GNAQ/SLC8A1/IL1B/GSTP1/PTPN1/LATS2/HIPK3",9
"GO:0007272","ensheathment of neurons","8/334","147/18870",0.0047131578743826,0.0346686549271737,0.0264538309961526,"CST7/TLR2/CD9/ITGAX/EPB41L3/RARA/TNFRSF1B/TYMP",8
"GO:0008366","axon ensheathment","8/334","147/18870",0.0047131578743826,0.0346686549271737,0.0264538309961526,"CST7/TLR2/CD9/ITGAX/EPB41L3/RARA/TNFRSF1B/TYMP",8
"GO:0001892","embryonic placenta development","6/334","88/18870",0.00472316689102126,0.034679339509618,0.0264619838402373,"CEBPB/HIF1A/SNAI1/RBPJ/SPINT2/TAF10",6
"GO:0045444","fat cell differentiation","11/334","248/18870",0.004839496940717,0.0354692244136094,0.0270647035534911,"INSIG1/CEBPB/CEBPD/ALOX5/PLAC8/KLF4/NR4A3/OSBPL8/METRNL/JDP2/ARL4A",11
"GO:1904407","positive regulation of nitric oxide metabolic process","4/334","39/18870",0.00486662047568706,0.0356036331912629,0.0271672638372954,"KLF4/IL1B/CLEC7A/ASL",4
"GO:0009615","response to virus","16/334","436/18870",0.00499178698776245,0.0360058161750617,0.0274741485637231,"IFITM3/IRAK3/IFITM2/HIF1A/PLSCR1/FGL2/TLR2/SAMHD1/ITGAX/IL1B/BCL2/RNASE6/IFNGR1/LGALS8/ENO1/CASP1",16
"GO:0002643","regulation of tolerance induction","3/334","20/18870",0.00501043185855781,0.0360058161750617,0.0274741485637231,"IRAK3/LILRB2/HAVCR2",3
"GO:0035795","negative regulation of mitochondrial membrane permeability","3/334","20/18870",0.00501043185855781,0.0360058161750617,0.0274741485637231,"IER3/GCLC/HSPA1A",3
"GO:0045655","regulation of monocyte differentiation","3/334","20/18870",0.00501043185855781,0.0360058161750617,0.0274741485637231,"HLA-DRB1/CD4/CTNNBIP1",3
"GO:0051767","nitric-oxide synthase biosynthetic process","3/334","20/18870",0.00501043185855781,0.0360058161750617,0.0274741485637231,"TLR2/GSTP1/MAP2K3",3
"GO:0051769","regulation of nitric-oxide synthase biosynthetic process","3/334","20/18870",0.00501043185855781,0.0360058161750617,0.0274741485637231,"TLR2/GSTP1/MAP2K3",3
"GO:0060749","mammary gland alveolus development","3/334","20/18870",0.00501043185855781,0.0360058161750617,0.0274741485637231,"AREG/HIF1A/VEGFA",3
"GO:0061377","mammary gland lobule development","3/334","20/18870",0.00501043185855781,0.0360058161750617,0.0274741485637231,"AREG/HIF1A/VEGFA",3
"GO:0061620","glycolytic process through glucose-6-phosphate","3/334","20/18870",0.00501043185855781,0.0360058161750617,0.0274741485637231,"PGAM1/PKM/ENO1",3
"GO:0097709","connective tissue replacement","3/334","20/18870",0.00501043185855781,0.0360058161750617,0.0274741485637231,"HIF1A/TIMP1/ROCK1",3
"GO:0043534","blood vessel endothelial cell migration","9/334","181/18870",0.00504962379963632,0.0362232305485416,0.0276400460611672,"ANXA1/HIF1A/THBS1/KLF4/VEGFA/NFE2L2/MAP2K3/CIB1/PRCP",9
"GO:0002312","B cell activation involved in immune response","6/334","90/18870",0.00526990575031433,0.0377366219187703,0.0287948355856863,"FCGR2B/GPR183/IL27RA/GAPT/DOCK10/RNF168",6
"GO:0002832","negative regulation of response to biotic stimulus","8/334","150/18870",0.00531598641287853,0.0378556336549335,0.0288856471952406,"IRAK3/FGL2/SAMHD1/LILRA2/AHR/CARD16/SLAMF8/HAVCR2",8
"GO:0045667","regulation of osteoblast differentiation","8/334","150/18870",0.00531598641287853,0.0378556336549335,0.0288856471952406,"AREG/CEBPB/CEBPD/CLIC1/TOB1/TENT5A/ID3/CTNNBIP1",8
"GO:0009595","detection of biotic stimulus","4/334","40/18870",0.00533322645372983,0.0378556336549335,0.0288856471952406,"HLA-DRB1/CD1D/TLR2/CLEC7A",4
"GO:0030279","negative regulation of ossification","4/334","40/18870",0.00533322645372983,0.0378556336549335,0.0288856471952406,"HIF1A/SRGN/RBPJ/BCL2",4
"GO:0033028","myeloid cell apoptotic process","4/334","40/18870",0.00533322645372983,0.0378556336549335,0.0288856471952406,"ANXA1/CLEC5A/BCL2/ARF6",4
"GO:0002820","negative regulation of adaptive immune response","5/334","64/18870",0.00547700274371377,0.0387404749044885,0.0295608231120254,"FCGR2B/IL7R/AHR/IL27RA/HAVCR2",5
"GO:0030225","macrophage differentiation","5/334","64/18870",0.00547700274371377,0.0387404749044885,0.0295608231120254,"HLA-DRB1/HCLS1/TLR2/VEGFA/CD4",5
"GO:0002718","regulation of cytokine production involved in immune response","7/334","120/18870",0.00552957121809445,0.0390441675033742,0.029792554994978,"IRAK3/IL18/NR4A3/LITAF/IL1B/CLEC7A/TNFRSF1B",7
"GO:0097581","lamellipodium organization","6/334","91/18870",0.00556001605551426,0.0391908609965205,0.0299044891004136,"VCL/CD44/RAC1/SRGAP2/AKIRIN1/WAS",6
"GO:0060485","mesenchyme development","13/334","327/18870",0.00573733609462091,0.0402490504828006,0.030711937958489,"S100A4/HIF1A/SEMA6B/ADAM8/SNAI1/RBPJ/GLIPR2/KBTBD8/IL1B/BCL2/TAF10/ROCK1/RTN4",13
"GO:0016331","morphogenesis of embryonic epithelium","8/334","152/18870",0.00574944664676819,0.0402490504828006,0.030711937958489,"HIF1A/RALA/FZD1/SPINT2/RARA/PFN1/DVL3/APAF1",8
"GO:0007213","G protein-coupled acetylcholine receptor signaling pathway","3/334","21/18870",0.00576972571687815,0.0402490504828006,0.030711937958489,"GNAQ/RGS10/GNAI2",3
"GO:0050765","negative regulation of phagocytosis","3/334","21/18870",0.00576972571687815,0.0402490504828006,0.030711937958489,"FCGR2B/PLSCR1/TLR2",3
"GO:0071605","monocyte chemotactic protein-1 production","3/334","21/18870",0.00576972571687815,0.0402490504828006,0.030711937958489,"IL1B/CLEC7A/GSTP1",3
"GO:0071637","regulation of monocyte chemotactic protein-1 production","3/334","21/18870",0.00576972571687815,0.0402490504828006,0.030711937958489,"IL1B/CLEC7A/GSTP1",3
"GO:0071887","leukocyte apoptotic process","7/334","121/18870",0.00578250822051178,0.0402689103397496,0.0307270919729854,"ANXA1/HIF1A/HCLS1/ADAM8/IL7R/BCL2/PRELID1",7
"GO:0045066","regulatory T cell differentiation","4/334","41/18870",0.00582882494341944,0.0403832948644086,0.0308143728002993,"HLA-DRB1/HLA-DRA/IL2RG/LILRB2",4
"GO:0048246","macrophage chemotaxis","4/334","41/18870",0.00582882494341944,0.0403832948644086,0.0308143728002993,"THBS1/CKLF/SLAMF8/AKIRIN1",4
"GO:0150077","regulation of neuroinflammatory response","4/334","41/18870",0.00582882494341944,0.0403832948644086,0.0308143728002993,"CST7/IL18/IL1B/TNFRSF1B",4
"GO:0032613","interleukin-10 production","5/334","65/18870",0.00584930879229159,0.0403871354943063,0.0308173033833994,"FCGR2B/HLA-DRB1/TYROBP/TLR2/CLEC7A",5
"GO:0032653","regulation of interleukin-10 production","5/334","65/18870",0.00584930879229159,0.0403871354943063,0.0308173033833994,"FCGR2B/HLA-DRB1/TYROBP/TLR2/CLEC7A",5
"GO:0002758","innate immune response-activating signaling pathway","11/334","255/18870",0.00593697370953882,0.0409227116407497,0.0312259734311225,"IRAK3/TYROBP/TLR2/LILRA2/CTSS/RPS6KA3/CLEC7A/HSPA1A/RTN4/HAVCR2/CASP1",11
"GO:0030183","B cell differentiation","8/334","153/18870",0.00597601958346222,0.0411219140437562,0.0313779743297507,"FCGR2B/GPR183/RBPJ/TNFSF13B/IL2RG/BCL2/DOCK10/SLAMF8",8
"GO:0008064","regulation of actin polymerization or depolymerization","8/334","154/18870",0.00620932010670172,0.0426548718516306,0.0325476939758959,"COTL1/HCLS1/PLEK/ARF6/ARPC5/PFN1/MYADM/WAS",8
"GO:0045682","regulation of epidermis development","5/334","66/18870",0.00623908760589545,0.042786839368349,0.0326483914616098,"PRKCH/MAFF/ROCK1/CD109/MAFG",5
"GO:0001649","osteoblast differentiation","11/334","257/18870",0.00628402986431589,0.0430222517568789,0.0328280222997157,"AREG/CLEC5A/CEBPB/CEBPD/SNAI1/FZD1/CLIC1/TOB1/TENT5A/ID3/CTNNBIP1",11
"GO:0009394","2'-deoxyribonucleotide metabolic process","4/334","42/18870",0.00635417796114896,0.04328316517065,0.0330271116317659,"SAMHD1/DPYD/UPP1/TYMP",4
"GO:0030866","cortical actin cytoskeleton organization","4/334","42/18870",0.00635417796114896,0.04328316517065,0.0330271116317659,"PLEK/EPB41L3/ARF6/ROCK1",4
"GO:2000008","regulation of protein localization to cell surface","4/334","42/18870",0.00635417796114896,0.04328316517065,0.0330271116317659,"TYROBP/PICALM/ARF6/KCNAB2",4
"GO:0009791","post-embryonic development","6/334","94/18870",0.00650040882775243,0.0441309162125303,0.0336739859577478,"KLF4/VEGFA/BCL2/TIPARP/AGO2/ASL",6
"GO:0060761","negative regulation of response to cytokine stimulus","6/334","94/18870",0.00650040882775243,0.0441309162125303,0.0336739859577478,"IRAK3/IL1R2/KLF4/SAMHD1/CARD16/GSTP1",6
"GO:0018105","peptidyl-serine phosphorylation","12/334","295/18870",0.00655040474873165,0.044395970646504,0.0338762350849738,"HCLS1/CD44/SGK1/PRKCH/VEGFA/RPS6KA3/BCL2/STK38L/BRAF/ROCK1/LATS2/HIPK3",12
"GO:0006244","pyrimidine nucleotide catabolic process","3/334","22/18870",0.00659420803490116,0.0444697590107395,0.0339325391129514,"DPYD/UPP1/TYMP",3
"GO:0009129","pyrimidine nucleoside monophosphate metabolic process","3/334","22/18870",0.00659420803490116,0.0444697590107395,0.0339325391129514,"DPYD/UPP1/TYMP",3
"GO:2000810","regulation of bicellular tight junction assembly","3/334","22/18870",0.00659420803490116,0.0444697590107395,0.0339325391129514,"SNAI1/PRKCH/ROCK1",3
"GO:0060760","positive regulation of response to cytokine stimulus","5/334","67/18870",0.00664675378224765,0.0447496562781557,0.0341461140273537,"HIF1A/TLR2/CASP4/HSPA1A/CASP1",5
"GO:0006690","icosanoid metabolic process","7/334","125/18870",0.00688154340515926,0.0459874180117612,0.0350905850425428,"ANXA1/ALOX5/TLR2/ALOX5AP/IL1B/GSTP1/CASP1",7
"GO:0017157","regulation of exocytosis","9/334","190/18870",0.00688220825008891,0.0459874180117612,0.0350905850425428,"FCGR2B/S100A10/ANXA1/ANXA2/PRAM1/RALA/GNAI2/BRAF/ADGRE2",9
"GO:0003176","aortic valve development","4/334","43/18870",0.00691002654062734,0.0459874180117612,0.0350905850425428,"SNAI1/RBPJ/ROCK1/TNFRSF1B",4
"GO:0009262","deoxyribonucleotide metabolic process","4/334","43/18870",0.00691002654062734,0.0459874180117612,0.0350905850425428,"SAMHD1/DPYD/UPP1/TYMP",4
"GO:0014002","astrocyte development","4/334","43/18870",0.00691002654062734,0.0459874180117612,0.0350905850425428,"VIM/IL1B/IFNGR1/ZEB2",4
"GO:0019692","deoxyribose phosphate metabolic process","4/334","43/18870",0.00691002654062734,0.0459874180117612,0.0350905850425428,"SAMHD1/DPYD/UPP1/TYMP",4
"GO:0033003","regulation of mast cell activation","4/334","43/18870",0.00691002654062734,0.0459874180117612,0.0350905850425428,"PLSCR1/NR4A3/ADGRE2/NECTIN2",4
"GO:0030832","regulation of actin filament length","8/334","157/18870",0.00695083651144143,0.0461831809522494,0.0352399614678428,"COTL1/HCLS1/PLEK/ARF6/ARPC5/PFN1/MYADM/WAS",8
"GO:0034394","protein localization to cell surface","5/334","68/18870",0.00707271761536561,0.0469160793700112,0.0357991977843814,"TYROBP/PICALM/VCL/ARF6/KCNAB2",5
"GO:0034109","homotypic cell-cell adhesion","6/334","96/18870",0.00718829353322887,0.0476048262911382,0.0363247444111221,"VCL/CD9/CLIC1/PLEK/PLAUR/EMILIN2",6
"GO:0045055","regulated exocytosis","10/334","227/18870",0.0074013597666847,0.0489359072338876,0.0373404224169652,"FCER1A/FCGR2B/RAB31/PRAM1/NR4A3/PLEK/GNAI2/STX11/BRAF/ADGRE2",10
"GO:0071636","positive regulation of transforming growth factor beta production","3/334","23/18870",0.00748521148307153,0.0491678094776547,0.0375173748478319,"THBS1/ADAM8/ATP6AP2",3
"GO:1905709","negative regulation of membrane permeability","3/334","23/18870",0.00748521148307153,0.0491678094776547,0.0375173748478319,"IER3/GCLC/HSPA1A",3
"GO:0042063","gliogenesis","13/334","338/18870",0.00749113377489634,0.0491678094776547,0.0375173748478319,"VIM/AREG/ANXA1/GPR183/TLR2/CD9/PRKCH/IL1B/SRGAP2/IFNGR1/ZEB2/RTN4/TNFRSF1B",13
"GO:0010828","positive regulation of glucose transmembrane transport","4/334","44/18870",0.00749709012020493,0.0491678094776547,0.0375173748478319,"NR4A3/OSBPL8/NFE2L2/BRAF",4
"GO:0032689","negative regulation of type II interferon production","4/334","44/18870",0.00749709012020493,0.0491678094776547,0.0375173748478319,"HLA-DRB1/PRNP/RARA/HAVCR2",4
"GO:0045576","mast cell activation","5/334","69/18870",0.00751738476552314,0.0492212608314463,0.0375581607705246,"FCER1A/PLSCR1/NR4A3/ADGRE2/NECTIN2",5
"GO:1903035","negative regulation of response to wounding","6/334","97/18870",0.00755128987237825,0.0493635126657243,0.0376667056791974,"THBS1/ALOX5/ANXA2/CD9/PLAUR/CD109",6
"GO:0033673","negative regulation of kinase activity","9/334","193/18870",0.00759443569368986,0.0495656165322464,0.0378209205323516,"PKIB/IRAK3/GNAQ/SLC8A1/IL1B/GSTP1/PTPN1/LATS2/HIPK3",9
"GO:0016049","cell growth","17/334","497/18870",0.00764525730964743,0.049817086617365,0.0380128041559387,"FBP1/SEMA6B/VCL/CXCL16/PPT1/ALCAM/SGK1/VEGFA/RPS6KA3/BCL2/HBEGF/HSPA1A/CIB1/ENO1/LLPH/RTN4/DCUN1D3",17
